Gruppierung;Einzelbeleg ID;Belegform;Lemma ID;Lemma;Provenienz;Gewinner
;4461;;8653;[???];NeG;x
;4472;;8653;[???];NeG;
;8648;;8653;[???];NeG;
;8708;;8653;[???];NeG;
;8879;;8653;[???];NeG;
;35637;;8653;[???];NeG;
;35640;;8653;[???];NeG;
;37682;;8653;[???];NeG;
;70269;;8653;[???];NeG;
;82320;;8653;[???];NeG;
;82371;;8653;[???];NeG;
;82375;;8653;[???];NeG;
;97678;;8653;[???];NeG;
;100586;;8653;[???];NeG;
;106139;;8653;[???];NeG;
;106140;;8653;[???];NeG;
;106141;;8653;[???];NeG;
;231732;;16692;hrōth~[???];DMP;x
;301396;;16692;hrōth~[???];DMP;
[alberto];6320;[alberto];7379;alb~berht;NeG;x
[alberto];438177;[alberto];6609;ald~berht;DMP;
[h]adari[ho];6584;[h]adari[ho];13067;ath~rīk;NeG;
[h]adari[ho];319887;[h]adari[ho];8178;hath~rīk;DMP;x
[hitherii];34395;[Hitherii];6689;hid~hari;NeG;
[hitherii];34405;[Hitherii];6689;hid~hari;NeG;
[hitherii];34460;[Hitherii];6689;hid~hari;NeG;
[hitherii];34489;[Hitherii];6689;hid~hari;NeG;
[hitherii];34450;[Hitherii];9650;id~hari;NeG;x
[uuramhari];6946;[uuramhari];8242;warin~hari;NeG;
[uuramhari];475625;[uuramhari];7996;wurm~hari;DMP;x
abie;426217;abię;7409;ab;DMP;x
abie;426550;abie;12074;ab-n;DMP;
acledrisma;72481;Acledrisma;12413;agil-r-sm;NeG;
acledrisma;73666;Acledrisma;12413;agil-r-sm;NeG;
acledrisma;218221;acledrisma;18109;agil-s-m;DMP;x
acledrisma;219115;acledrisma;18109;agil-s-m;DMP;
aclemandus;71774;Aclemandus;11846;agil~man;NeG;x
aclemandus;123162;aclemandus;17100;agil~mand;DMP;
acleuolda;72034;Acleuolda;7100;agil~balth;NeG;
acleuolda;76643;Acleuolda;7100;agil~balth;NeG;
acleuolda;126821;acleuolda;7093;agil~wald;DMP;x
acleuolda;429897;acleuolda;7093;agil~wald;DMP;
aclisma;125334;aclisma;18109;agil-s-m;DMP;
aclisma;430265;aclisma;18109;agil-s-m;DMP;
aclisma;430321;aclisma;18109;agil-s-m;DMP;
aclisma;430322;aclisma;18109;agil-s-m;DMP;
aclisma;430323;aclisma;18109;agil-s-m;DMP;x
aclisma;430324;aclisma;18109;agil-s-m;DMP;
aclisma;72087;Aclisma;11350;agil-sm;NeG;
aclisma;72747;Aclisma;11350;agil-sm;NeG;
aclisma;74031;Aclisma;11350;agil-sm;NeG;
aclisma;75751;Aclisma;11350;agil-sm;NeG;
aclisma;77377;Aclisma;11350;agil-sm;NeG;
aclisma;78181;Aclisma;11350;agil-sm;NeG;
actenildis;78620;Actenildis;12104;aht~hildi;NeG;x
actenildis;223065;actenildis;21318;haithan~hildi;DMP;
actila;79257;Actila;13139;aht-l;NeG;x
actila;223584;actila;10562;haith-l;DMP;
adadramno;63066;adadramno;10300;ath~hraban;NeG;
adadramno;462139;adadramno;6907;athal~hraban;DMP;x
adafia;76273;Adafia;12199;alafia;NeG;x
adafia;221089;adafia;15900;ath~frith;DMP;
adalcardo;459714;adalcardo;10204;athal~gard;DMP;x
adalcardo;59747;adalcardo;6483;athal~hard;NeG;
adalcarius;122149;adalcarius;6573;athal~gair;DMP;
adalcarius;459455;adalcarius;6573;athal~gair;DMP;
adalcarius;459456;adalcarius;6573;athal~gair;DMP;
adalcarius;459457;adalcarius;6573;athal~gair;DMP;
adalcarius;459458;adalcarius;6573;athal~gair;DMP;x
adalcarius;72183;Adalcarius;6675;athal~hari;NeG;
adalcarius;72531;Adalcarius;6675;athal~hari;NeG;
adalcarius;72640;Adalcarius;6675;athal~hari;NeG;
adalcarius;73399;Adalcarius;6675;athal~hari;NeG;
adalcarius;73983;Adalcarius;6675;athal~hari;NeG;
adalchardo;459717;adalchardo;10204;athal~gard;DMP;x
adalchardo;459718;adalchardo;10204;athal~gard;DMP;
adalchardo;59507;Adalchardo;6483;athal~hard;NeG;
adalchardo;59924;Adalchardo;6483;athal~hard;NeG;
adalchardus;459719;adalchardus;10204;athal~gard;DMP;x
adalchardus;59503;Adalchardus;6483;athal~hard;NeG;
adalgart;40097;Adalgart;10204;athal~gard;NeG;x
adalgart;41172;Adalgart;10204;athal~gard;NeG;
adalgart;41803;Adalgart;10204;athal~gard;NeG;
adalgart;42932;Adalgart;10204;athal~gard;NeG;
adalgart;61833;adalgart;10204;athal~gard;NeG;
adalgart;118747;adalgart;10204;athal~gard;DMP;
adalgart;119950;adalgart;10204;athal~gard;DMP;
adalgart;125370;adalgart;10204;athal~gard;DMP;
adalgart;128120;adalgart;10204;athal~gard;DMP;
adalgart;128121;adalgart;10204;athal~gard;DMP;
adalgart;130559;adalgart;10204;athal~gard;DMP;
adalgart;132513;adalgart;10204;athal~gard;DMP;
adalgart;141205;adalgart;10204;athal~gard;DMP;
adalgart;141206;adalgart;10204;athal~gard;DMP;
adalgart;141207;adalgart;10204;athal~gard;DMP;
adalgart;141208;adalgart;10204;athal~gard;DMP;
adalgart;141210;adalgart;10204;athal~gard;DMP;
adalgart;141211;adalgart;10204;athal~gard;DMP;
adalgart;141212;adalgart;10204;athal~gard;DMP;
adalgart;141213;adalgart;10204;athal~gard;DMP;
adalgart;141214;adalgart;10204;athal~gard;DMP;
adalgart;141215;adalgart;10204;athal~gard;DMP;
adalgart;141216;adalgart;10204;athal~gard;DMP;
adalgart;141217;adalgart;10204;athal~gard;DMP;
adalgart;459734;adalgart;10204;athal~gard;DMP;
adalgart;459756;adalgart;10204;athal~gard;DMP;
adalgart;459791;adalgart;10204;athal~gard;DMP;
adalgart;459792;adalgart;10204;athal~gard;DMP;
adalgart;459793;adalgart;10204;athal~gard;DMP;
adalgart;459794;adalgart;10204;athal~gard;DMP;
adalgart;459795;adalgart;10204;athal~gard;DMP;
adalgart;459796;adalgart;10204;athal~gard;DMP;
adalgart;459797;adalgart;10204;athal~gard;DMP;
adalgart;459798;adalgart;10204;athal~gard;DMP;
adalgart;459799;adalgart;10204;athal~gard;DMP;
adalgart;459800;adalgart;10204;athal~gard;DMP;
adalgart;459801;adalgart;10204;athal~gard;DMP;
adalgart;459802;adalgart;10204;athal~gard;DMP;
adalgart;459803;adalgart;10204;athal~gard;DMP;
adalgart;459804;adalgart;10204;athal~gard;DMP;
adalgart;459805;adalgart;10204;athal~gard;DMP;
adalgart;459806;adalgart;10204;athal~gard;DMP;
adalgart;459807;adalgart;10204;athal~gard;DMP;
adalgart;459808;adalgart;10204;athal~gard;DMP;
adalgart;459809;adalgart;10204;athal~gard;DMP;
adalgart;459810;adalgart;10204;athal~gard;DMP;
adalgart;459811;adalgart;10204;athal~gard;DMP;
adalgart;459812;adalgart;10204;athal~gard;DMP;
adalgart;459813;adalgart;10204;athal~gard;DMP;
adalgart;459814;adalgart;10204;athal~gard;DMP;
adalgart;459815;adalgart;10204;athal~gard;DMP;
adalgart;459816;adalgart;10204;athal~gard;DMP;
adalgart;459817;adalgart;10204;athal~gard;DMP;
adalgart;459818;adalgart;10204;athal~gard;DMP;
adalgart;459819;adalgart;10204;athal~gard;DMP;
adalgart;459820;adalgart;10204;athal~gard;DMP;
adalgart;459821;adalgart;10204;athal~gard;DMP;
adalgart;459823;adalgart;10204;athal~gard;DMP;
adalgart;459824;adalgart;10204;athal~gard;DMP;
adalgart;459825;adalgart;10204;athal~gard;DMP;
adalgart;459826;adalgart;10204;athal~gard;DMP;
adalgart;459827;adalgart;10204;athal~gard;DMP;
adalgart;459828;adalgart;10204;athal~gard;DMP;
adalgart;459829;adalgart;10204;athal~gard;DMP;
adalgart;459830;adalgart;10204;athal~gard;DMP;
adalgart;459831;adalgart;10204;athal~gard;DMP;
adalgart;459860;adalgart;10204;athal~gard;DMP;
adalgart;459861;adalgart;10204;athal~gard;DMP;
adalgart;459862;adalgart;10204;athal~gard;DMP;
adalgart;459863;adalgart;10204;athal~gard;DMP;
adalgart;478012;adalgart;10204;athal~gard;DMP;
adalgart;480792;adalgart;10204;athal~gard;DMP;
adalgart;482061;adalgart;10204;athal~gard;DMP;
adalgart;483258;adalgart;10204;athal~gard;DMP;
adalgart;483974;adalgart;10204;athal~gard;DMP;
adalgart;484850;adalgart;10204;athal~gard;DMP;
adalgart;486130;adalgart;10204;athal~gard;DMP;
adalgart;489412;adalgart;10204;athal~gard;DMP;
adalgart;489888;adalgart;10204;athal~gard;DMP;
adalgart;490918;adalgart;10204;athal~gard;DMP;
adalgart;492987;adalgart;10204;athal~gard;DMP;
adalgart;493464;adalgart;10204;athal~gard;DMP;
adalgart;495366;ådalgart;11573;ōthal~gard;DMP;
adalgudem;459963;adalgudem;8298;athal~gaut;DMP;
adalgudem;77429;Adalgudem;9534;athal~gunth;NeG;x
adalgudis;117575;adalgudis;8298;athal~gaut;DMP;
adalgudis;117576;adalgudis;8298;athal~gaut;DMP;
adalgudis;117577;adalgudis;8298;athal~gaut;DMP;
adalgudis;117578;adalgudis;8298;athal~gaut;DMP;
adalgudis;117579;adalgudis;8298;athal~gaut;DMP;
adalgudis;117580;adalgudis;8298;athal~gaut;DMP;
adalgudis;117581;adalgudis;8298;athal~gaut;DMP;
adalgudis;117582;adalgudis;8298;athal~gaut;DMP;
adalgudis;117583;adalgudis;8298;athal~gaut;DMP;
adalgudis;117584;adalgudis;8298;athal~gaut;DMP;
adalgudis;117585;adalgudis;8298;athal~gaut;DMP;
adalgudis;117586;adalgudis;8298;athal~gaut;DMP;
adalgudis;117587;adalgudis;8298;athal~gaut;DMP;
adalgudis;117588;adalgudis;8298;athal~gaut;DMP;
adalgudis;117589;adalgudis;8298;athal~gaut;DMP;
adalgudis;117590;adalgudis;8298;athal~gaut;DMP;
adalgudis;117591;adalgudis;8298;athal~gaut;DMP;
adalgudis;117592;adalgudis;8298;athal~gaut;DMP;
adalgudis;117593;adalgudis;8298;athal~gaut;DMP;
adalgudis;117594;adalgudis;8298;athal~gaut;DMP;
adalgudis;33846;Adalgudis;9534;athal~gunth;NeG;x
adalgudis;68456;Adalgudis;9534;athal~gunth;NeG;
adalgudis;68690;Adalgudis;9534;athal~gunth;NeG;
adalgudis;71047;Adalgudis;9534;athal~gunth;NeG;
adalgudis;71203;Adalgudis;9534;athal~gunth;NeG;
adalgudis;71214;Adalgudis;9534;athal~gunth;NeG;
adalgudis;71888;Adalgudis;9534;athal~gunth;NeG;
adalgudis;71969;Adalgudis;9534;athal~gunth;NeG;
adalgudis;72521;Adalgudis;9534;athal~gunth;NeG;
adalgudis;72537;Adalgudis;9534;athal~gunth;NeG;
adalgudis;72694;Adalgudis;9534;athal~gunth;NeG;
adalgudis;72782;Adalgudis;9534;athal~gunth;NeG;
adalgudis;72887;Adalgudis;9534;athal~gunth;NeG;
adalgudis;73659;Adalgudis;9534;athal~gunth;NeG;
adalgudis;73790;Adalgudis;9534;athal~gunth;NeG;
adalgudis;75332;Adalgudis;9534;athal~gunth;NeG;
adalgudis;75813;Adalgudis;9534;athal~gunth;NeG;
adalgudis;77797;Adalgudis;9534;athal~gunth;NeG;
adalgudis;78199;Adalgudis;9534;athal~gunth;NeG;
adalgudis;78234;Adalgudis;9534;athal~gunth;NeG;
adalsis;464243;adalsis;18111;athal-s;DMP;
adalsis;464244;adalsis;18111;athal-s;DMP;
adalsis;76137;Adalsis;9653;athal~sinth;NeG;x
adalsis;77140;Adalsis;9653;athal~sinth;NeG;
adaluildis;74319;Adaluildis;8198;athal~hildi;NeG;
adaluildis;463745;adaluildis;23830;athal~wilth;DMP;x
adaluis;463467;adaluis;6629;athal~wīh;DMP;
adaluis;75810;Adaluis;12828;athal~wis;NeG;x
adaluuildis;72862;Adaluuildis;12467;athal-wild;NeG;
adaluuildis;463746;adaluuildis;23830;athal~wilth;DMP;x
adaluuis;463424;adaluuis;6629;athal~wīh;DMP;
adaluuis;463486;adaluuis;6629;athal~wīh;DMP;
adaluuis;77325;Adaluuis;12828;athal~wis;NeG;x
adaluuis;78196;Adaluuis;12828;athal~wis;NeG;
adamarus;117607;adamarus;9746;ath~mar;DMP;
adamarus;117608;adamarus;9746;ath~mar;DMP;
adamarus;117609;adamarus;9746;ath~mar;DMP;
adamarus;456503;adamarus;9746;ath~mar;DMP;x
adamarus;557;adamarus;6732;hath~mar;NeG;
adeario;702;adeario;6837;ath~hari;NeG;x
adeario;379349;adeario;19988;hath~hari;DMP;
adebertus;35594;Adebertus;15116;ath~berht;NeG;
adebertus;35596;Adebertus;15116;ath~berht;NeG;
adebertus;35662;Adebertus;15116;ath~berht;NeG;x
adebertus;35664;Adebertus;15116;ath~berht;NeG;
adebertus;144321;adebertus;6997;hath~berht;DMP;
adebertus;193294;adebertus;6997;hath~berht;DMP;
adebertus;193667;adebertus;6997;hath~berht;DMP;
adebertus;254451;adebertus;6997;hath~berht;DMP;
adebertus;258779;adebertus;6997;hath~berht;DMP;
adebertus;274190;adebertus;6997;hath~berht;DMP;
adegarius;70947;Adegarius;6573;athal~gair;NeG;
adegarius;70950;Adegarius;6573;athal~gair;NeG;
adegarius;73416;Adegarius;6573;athal~gair;NeG;
adegarius;195091;adegarius;8333;hath~gair;DMP;
adegarius;216889;adegarius;8333;hath~gair;DMP;x
adegarius;216890;adegarius;8333;hath~gair;DMP;
adegarius;219003;adegarius;8333;hath~gair;DMP;
adegarius;375261;adegarius;8333;hath~gair;DMP;
adegis;76607;Adegis;7497;ath~gīs;NeG;
adegis;76633;Adegis;7497;ath~gīs;NeG;
adegis;121116;adegis;11402;hath~gīs;DMP;x
adegis;221446;adegis;11402;hath~gīs;DMP;
adelgudis;459987;adelgudis;8298;athal~gaut;DMP;
adelgudis;459988;adelgudis;8298;athal~gaut;DMP;
adelgudis;459989;adelgudis;8298;athal~gaut;DMP;
adelgudis;66534;Adelgudis;9534;athal~gunth;NeG;
adelgudis;67475;Adelgudis;9534;athal~gunth;NeG;x
adeliua;79214;Adeliua;10918;athal~leub;NeG;
adeliua;223595;adeliua;20496;hath~leub;DMP;x
adelius;77199;Adelius;7213;athal;NeG;x
adelius;464105;adelius;7527;athal-n;DMP;
adeuerta;78685;Adeuerta;15116;ath~berht;NeG;
adeuerta;223129;adeuerta;6997;hath~berht;DMP;x
adoarius;74198;Adoarius;6837;ath~hari;NeG;x
adoarius;219632;adoarius;19988;hath~hari;DMP;
adohardus;79551;Adohardus;11063;ath~hard;NeG;
adohardus;223792;adohardus;22434;hath~hard;DMP;x
adoharius;76771;Adoharius;6837;ath~hari;NeG;
adoharius;221565;adoharius;19988;hath~hari;DMP;x
adrama;456472;adrama;10300;ath~hraban;DMP;
adrama;456476;adrama;10300;ath~hraban;DMP;
adrama;72601;Adrama;12428;athar-m;NeG;x
adrama;73467;Adrama;12428;athar-m;NeG;
adraueus;74279;Adraueus;12657;athar~wīg;NeG;
adraueus;77322;Adraueus;12657;athar~wīg;NeG;
adraueus;464482;adraueus;20006;athar~wīh;DMP;x
adraueus;464483;adraueus;20006;athar~wīh;DMP;
adreueus;68906;Adreueus;11826;athar-wīh;NeG;x
adreueus;76354;Adreueus;11826;athar-wīh;NeG;
adreueus;464484;adreueus;20006;athar~wīh;DMP;
adreueus;464485;adreueus;20006;athar~wīh;DMP;
adreueus;464486;adreueus;20006;athar~wīh;DMP;
aelis;41764;Aelis;7756;alis;NeG;x
aelis;464864;aelis;7213;athal;DMP;
aeti;88918;Aeti;8629;aetius;NeG;x
aeti;88944;Aeti;8629;aetius;NeG;
aeti;394742;aeti;6872;ath;DMP;
affuni;426808;affuni;25721;aff-n;DMP;x
affuni;64437;Affuni;9220;aiw~wini;NeG;
agantismus;73043;Agantismus;11202;agin-sm;NeG;
agantismus;218649;agantismus;25161;hagan-sm;DMP;x
agantrudis;72470;Agantrudis;12148;agin~thruth;NeG;
agantrudis;73550;Agantrudis;12148;agin~thruth;NeG;
agantrudis;218234;agantrudis;24127;hagan~thruth;DMP;x
agantrudis;219085;agantrudis;24127;hagan~thruth;DMP;
agatea;77249;Agatea;12543;agathia;NeG;x
agatea;131586;agatea;10916;agi~thew;DMP;
agathea;77491;Agathea;12543;agathia;NeG;x
agathea;129355;agathea;10916;agi~thew;DMP;
agedisus;77139;Agedisus;10916;agi~thew;NeG;
agedisus;221786;agedisus;21168;aht~wis;DMP;x
agenflidis;430787;agenflidis;23570;agin~flad;DMP;x
agenflidis;72462;Agenflidis;12406;hagan~flad;NeG;
agilo;133636;agilo;7434;agi-l;DMP;
agilo;429220;agilo;7434;agi-l;DMP;
agilo;4232;Agilo;6363;agil;NeG;x
agilo;4659;Agilo;6363;agil;NeG;
agilo;100348;Agilo;6363;agil;NeG;
agiloni;429221;agiloni;7434;agi-l;DMP;
agiloni;429222;agiloni;7434;agi-l;DMP;
agiloni;429223;agiloni;7434;agi-l;DMP;
agiloni;429224;agiloni;7434;agi-l;DMP;
agiloni;38685;Agiloni;6363;agil;NeG;x
agiloni;38686;Agiloni;6363;agil;NeG;
agilus;429225;agilus;7434;agi-l;DMP;
agilus;84137;Agilus;6363;agil;NeG;x
agilus;84138;Agilus;6363;agil;NeG;
agini;429043;agini;10292;agi~wini;DMP;
agini;429044;agini;10292;agi~wini;DMP;
agini;87030;Agini;6888;agin;NeG;x
agioni;7696;agioni;7438;agi;NeG;x
agioni;106340;agioni;10292;agi~wini;DMP;
agioni;106341;agioni;10292;agi~wini;DMP;
agioni;106342;agioni;10292;agi~wini;DMP;
agitara;77609;Agitara;9385;agi~hari;NeG;
agitara;222157;agitara;9565;aht~hari;DMP;x
agitia;73404;Agitia;12543;agathia;NeG;x
agitia;428854;agitia;10916;agi~thew;DMP;
agitonia;72643;Agitonia;11301;agi-d-n;NeG;
agitonia;218316;agitonia;21868;agi~dun;DMP;x
aglidis;428549;aglidis;7956;agi~linth;DMP;
aglidis;70989;Aglidis;11137;agil~hildi;NeG;x
aglisma;430325;aglisma;18109;agil-s-m;DMP;x
aglisma;66329;Aglisma;11350;agil-sm;NeG;
aglisma;77063;Aglisma;11350;agil-sm;NeG;
agmarius;428583;agmarius;9866;agi~mar;DMP;
agmarius;60210;Agmarius;10664;haim~hari;NeG;x
agmoldus;213;agmoldus;6480;agin~wald;NeG;
agmoldus;136627;agmoldus;7121;haim~wald;DMP;x
agno;105360;Agno;6888;agin;NeG;x
agno;432143;agno;18257;agnus;DMP;
agno;432144;agno;18257;agnus;DMP;
agrisma;132470;agrisma;16993;agir-s-m;DMP;
agrisma;431602;agrisma;16993;agir-s-m;DMP;
agrisma;431603;agrisma;16993;agir-s-m;DMP;x
agrisma;72158;Agrisma;12353;agir-sm;NeG;
agrisma;72735;Agrisma;12353;agir-sm;NeG;
agrisma;72874;Agrisma;12353;agir-sm;NeG;
agustaldo;5534;Agustaldo;7985;hag~stald;NeG;x
agustaldo;104588;Agustaldo;7985;hag~stald;NeG;
agustaldo;318967;agustaldo;7946;hag~stult;DMP;
ahino;60455;Ahino;6888;agin;NeG;
ahino;432400;ahino;18173;ah-n;DMP;x
ahino;432401;ahino;18173;ah-n;DMP;
ahino;432402;ahino;18173;ah-n;DMP;
ahino;432403;ahino;18173;ah-n;DMP;
ahino;432404;ahino;18173;ah-n;DMP;
ahino;432405;ahino;18173;ah-n;DMP;
aiardus;428111;aiardus;8087;agi~hard;DMP;x
aiardus;69647;Aiardus;11960;agi~ward;NeG;
aicfrida;71795;Aicfrida;6546;agi~frith;NeG;x
aicfrida;139455;aicfrida;21783;aig~frith;DMP;
aichildis;71005;Aichildis;9548;agi~hildi;NeG;x
aichildis;77339;Aichildis;9548;agi~hildi;NeG;
aichildis;432520;aichildis;20599;aig~hildi;DMP;
aichildis;432521;aichildis;20599;aig~hildi;DMP;
aictardus;71092;Aictardus;8087;agi~hard;NeG;x
aictardus;216901;aictardus;13791;aig~hard;DMP;
aiga;429141;aiga;15313;agi-k;DMP;
aiga;83159;Aiga;8486;aig;NeG;x
aiga;84492;Aiga;8486;aig;NeG;
aigant;427669;aigant;23094;agi~gand;DMP;
aigant;7591;aigant;8311;aig-(part.);NeG;x
aigo;429142;aigo;15313;agi-k;DMP;
aigo;429143;aigo;15313;agi-k;DMP;
aigo;65771;Aigo;8486;aig;NeG;x
aigo;63417;Aigo;8486;aig;NeG;
aigo;63963;Aigo;8486;aig;NeG;
aigridus;74161;Aigridus;12637;agi~rīd;NeG;x
aigridus;128276;aigridus;16885;aig~rīd;DMP;
airaldi;105785;Airaldi;9151;agir~wald;NeG;
airaldi;300448;airaldi;6745;hari~wald;DMP;x
airaldi;365651;airaldi;6745;hari~wald;DMP;
airardus;78568;Airardus;11790;agir~hard;NeG;
airardus;121335;airardus;6959;hari~hard;DMP;x
airardus;132260;airardus;6959;hari~hard;DMP;
airardus;174859;airardus;6959;hari~hard;DMP;
airardus;193754;airardus;6959;hari~hard;DMP;
airardus;193992;airardus;6959;hari~hard;DMP;
airardus;194041;airardus;6959;hari~hard;DMP;
airardus;195481;airardus;6959;hari~hard;DMP;
airardus;195708;airardus;6959;hari~hard;DMP;
airardus;195942;airardus;6959;hari~hard;DMP;
airardus;223070;airardus;6959;hari~hard;DMP;
airardus;230240;airardus;6959;hari~hard;DMP;
airardus;234110;airardus;6959;hari~hard;DMP;
airardus;234781;airardus;6959;hari~hard;DMP;
airardus;237371;airardus;6959;hari~hard;DMP;
airardus;241183;airardus;6959;hari~hard;DMP;
airardus;241679;airardus;6959;hari~hard;DMP;
airardus;241680;airardus;6959;hari~hard;DMP;
airardus;243962;airardus;6959;hari~hard;DMP;
airardus;244889;airardus;6959;hari~hard;DMP;
airardus;245071;airardus;6959;hari~hard;DMP;
airardus;246124;airardus;6959;hari~hard;DMP;
airardus;251741;airardus;6959;hari~hard;DMP;
airardus;252465;airardus;6959;hari~hard;DMP;
airardus;253062;airardus;6959;hari~hard;DMP;
airardus;253952;airardus;6959;hari~hard;DMP;
airardus;259859;airardus;6959;hari~hard;DMP;
airardus;260971;airardus;6959;hari~hard;DMP;
airardus;261068;airardus;6959;hari~hard;DMP;
airardus;261264;airardus;6959;hari~hard;DMP;
airardus;263553;airardus;6959;hari~hard;DMP;
airardus;263684;airardus;6959;hari~hard;DMP;
airardus;266962;airardus;6959;hari~hard;DMP;
airardus;267636;airardus;6959;hari~hard;DMP;
airardus;268689;airardus;6959;hari~hard;DMP;
airardus;277990;airardus;6959;hari~hard;DMP;
airardus;279496;airardus;6959;hari~hard;DMP;
airardus;281801;airardus;6959;hari~hard;DMP;
airardus;282667;airardus;6959;hari~hard;DMP;
airardus;282714;airardus;6959;hari~hard;DMP;
airardus;283523;airardus;6959;hari~hard;DMP;
airardus;285877;airardus;6959;hari~hard;DMP;
airardus;292105;airardus;6959;hari~hard;DMP;
airardus;293223;airardus;6959;hari~hard;DMP;
airardus;295524;airardus;6959;hari~hard;DMP;
airardus;305784;airardus;6959;hari~hard;DMP;
airardus;306613;airardus;6959;hari~hard;DMP;
airardus;360987;airardus;6959;hari~hard;DMP;
airardus;418290;airardus;6959;hari~hard;DMP;
airardus;488690;airardus;6959;hari~hard;DMP;
airbaldus;78312;Airbaldus;12350;agir~balth;NeG;
airbaldus;222840;airbaldus;7262;hari~balth;DMP;x
airberta;78468;Airberta;13071;agir~berht;NeG;
airberta;222948;airberta;6653;hari~berht;DMP;x
airbolda;72147;Airbolda;12350;agir~balth;NeG;
airbolda;74706;Airbolda;12350;agir~balth;NeG;
airbolda;218209;airbolda;7262;hari~balth;DMP;x
airbolda;219956;airbolda;7262;hari~balth;DMP;
airboldam;74499;Airboldam;12350;agir~balth;NeG;
airboldam;219739;airboldam;7262;hari~balth;DMP;x
airboldus;75976;Airboldus;12350;agir~balth;NeG;
airboldus;77647;Airboldus;12350;agir~balth;NeG;
airboldus;77783;Airboldus;12350;agir~balth;NeG;
airboldus;77925;Airboldus;12350;agir~balth;NeG;
airboldus;78881;Airboldus;12350;agir~balth;NeG;
airboldus;79089;Airboldus;12350;agir~balth;NeG;
airboldus;220916;airboldus;7262;hari~balth;DMP;x
airboldus;222264;airboldus;7262;hari~balth;DMP;
airboldus;222373;airboldus;7262;hari~balth;DMP;
airboldus;222497;airboldus;7262;hari~balth;DMP;
airboldus;223280;airboldus;7262;hari~balth;DMP;
airboldus;223484;airboldus;7262;hari~balth;DMP;
airgundis;78526;Airgundis;13076;agir~gunth;NeG;
airgundis;223008;airgundis;10721;hari~gunth;DMP;x
airhardus;68612;Airhardus;11790;agir~hard;NeG;
airhardus;78508;Airhardus;11790;agir~hard;NeG;
airhardus;216275;airhardus;6959;hari~hard;DMP;x
airhardus;223009;airhardus;6959;hari~hard;DMP;
airhildis;71226;Airhildis;12232;agir~hildi;NeG;
airhildis;75904;Airhildis;12232;agir~hildi;NeG;
airhildis;76285;Airhildis;12232;agir~hildi;NeG;
airhildis;76352;Airhildis;12232;agir~hildi;NeG;
airhildis;217636;airhildis;11307;hari~hildi;DMP;x
airhildis;220868;airhildis;11307;hari~hildi;DMP;
airhildis;221127;airhildis;11307;hari~hildi;DMP;
airhildis;221189;airhildis;11307;hari~hildi;DMP;
airildis;78347;Airildis;12232;agir~hildi;NeG;
airildis;222886;airildis;11307;hari~hildi;DMP;x
airinus;72500;Airinus;6676;agir~wini;NeG;
airinus;218312;airinus;6818;hari~wini;DMP;x
airisma;431604;airisma;16993;agir-s-m;DMP;x
airisma;79040;Airisma;12353;agir-sm;NeG;
airlindis;72586;Airlindis;12423;agir~linth;NeG;
airlindis;73855;Airlindis;12423;agir~linth;NeG;
airlindis;76189;Airlindis;12423;agir~linth;NeG;
airlindis;76559;Airlindis;12423;agir~linth;NeG;
airlindis;76636;Airlindis;12423;agir~linth;NeG;
airlindis;77651;Airlindis;12423;agir~linth;NeG;
airlindis;78411;Airlindis;12423;agir~linth;NeG;
airlindis;218358;airlindis;9635;hari~linth;DMP;x
airlindis;219377;airlindis;9635;hari~linth;DMP;
airlindis;221031;airlindis;9635;hari~linth;DMP;
airlindis;221402;airlindis;9635;hari~linth;DMP;
airlindis;221444;airlindis;9635;hari~linth;DMP;
airlindis;222265;airlindis;9635;hari~linth;DMP;
airlindis;222950;airlindis;9635;hari~linth;DMP;
airmannus;78441;Airmannus;13068;agir~man;NeG;
airmannus;138136;airmannus;6844;hari~man;DMP;x
airmannus;222951;airmannus;6844;hari~man;DMP;
airmannus;375195;airmannus;6844;hari~man;DMP;
airmarus;70647;Airmarus;12150;agir~mar;NeG;
airmarus;76188;Airmarus;12150;agir~mar;NeG;
airmarus;216741;airmarus;8312;hari~mar;DMP;x
airmarus;221033;airmarus;8312;hari~mar;DMP;
airmodus;76641;Airmodus;12893;agir~mōd;NeG;
airmodus;221445;airmodus;7550;hari~mōd;DMP;x
airoaldus;72282;Airoaldus;9151;agir~wald;NeG;
airoaldus;103905;Airoaldus;9151;agir~wald;NeG;
airoaldus;104186;Airoaldus;9151;agir~wald;NeG;
airoaldus;218062;airoaldus;6745;hari~wald;DMP;x
airoenus;72043;Airoenus;6676;agir~wini;NeG;
airoenus;160045;airoenus;6818;hari~wini;DMP;x
airoenus;160596;airoenus;6818;hari~wini;DMP;
airoenus;216888;airoenus;6818;hari~wini;DMP;
airoin;76844;Airoin;6676;agir~wini;NeG;
airoin;129009;airoin;6818;hari~wini;DMP;x
airoinus;74553;Airoinus;6676;agir~wini;NeG;
airoinus;75977;Airoinus;6676;agir~wini;NeG;
airoinus;219742;airoinus;6818;hari~wini;DMP;x
airoinus;220919;airoinus;6818;hari~wini;DMP;
airois;428504;airois;18977;agi~hrōk;DMP;
airois;428505;airois;18977;agi~hrōk;DMP;
airois;76846;Airois;12615;agir~wis;NeG;x
airois;77042;Airois;12615;agir~wis;NeG;
airoldus;77740;Airoldus;9151;agir~wald;NeG;
airoldus;77892;Airoldus;9151;agir~wald;NeG;
airoldus;78364;Airoldus;9151;agir~wald;NeG;
airoldus;222374;airoldus;6745;hari~wald;DMP;x
airoldus;222499;airoldus;6745;hari~wald;DMP;
airoldus;222887;airoldus;6745;hari~wald;DMP;
airsindis;75967;Airsindis;12863;agir~swinth;NeG;
airsindis;77650;Airsindis;12863;agir~swinth;NeG;
airsindis;220918;airsindis;7916;hari~sinth;DMP;x
airsindis;222266;airsindis;7916;hari~sinth;DMP;
airtrudem;74502;Airtrudem;12694;agir~thruth;NeG;
airtrudem;219741;airtrudem;12929;hari~thruth;DMP;x
airueus;74954;Airueus;12749;agir~wīg;NeG;
airueus;75438;Airueus;12749;agir~wīg;NeG;
airueus;78478;Airueus;12749;agir~wīg;NeG;
airueus;220078;airueus;7373;hari~wīh;DMP;x
airueus;220521;airueus;7373;hari~wīh;DMP;
airueus;222954;airueus;7373;hari~wīh;DMP;
airuildis;75203;Airuildis;12787;agir~wild;NeG;
airuildis;78482;Airuildis;12787;agir~wild;NeG;
airuildis;220300;airuildis;13003;hari~wilth;DMP;x
airuildis;223010;airuildis;13003;hari~wilth;DMP;
airuina;79430;Airuina;6676;agir~wini;NeG;
airuina;223750;airuina;6818;hari~wini;DMP;x
airulfus;74555;Airulfus;7451;agir~wulf;NeG;
airulfus;74635;Airulfus;7451;agir~wulf;NeG;
airulfus;74953;Airulfus;7451;agir~wulf;NeG;
airulfus;75164;Airulfus;7451;agir~wulf;NeG;
airulfus;76315;Airulfus;7451;agir~wulf;NeG;
airulfus;78333;Airulfus;7451;agir~wulf;NeG;
airulfus;78528;Airulfus;7451;agir~wulf;NeG;
airulfus;79041;Airulfus;7451;agir~wulf;NeG;
airulfus;219743;airulfus;7921;hari~wulf;DMP;x
airulfus;219850;airulfus;7921;hari~wulf;DMP;
airulfus;220079;airulfus;7921;hari~wulf;DMP;
airulfus;220301;airulfus;7921;hari~wulf;DMP;
airulfus;221129;airulfus;7921;hari~wulf;DMP;
airulfus;222841;airulfus;7921;hari~wulf;DMP;
airulfus;223011;airulfus;7921;hari~wulf;DMP;
airulfus;223431;airulfus;7921;hari~wulf;DMP;
airulfus;234470;airulfus;7921;hari~wulf;DMP;
airulfus;247349;airulfus;7921;hari~wulf;DMP;
airulfus;286876;airulfus;7921;hari~wulf;DMP;
airulfus;296017;airulfus;7921;hari~wulf;DMP;
airulfus;361477;airulfus;7921;hari~wulf;DMP;
alagisus;435150;alagisus;12293;ala~gīs;DMP;x
alagisus;71598;Alagisus;9171;alh~gīs;NeG;
alagundi;435158;alagundi;21078;ala~gunth;DMP;x
alagundi;41639;Alagundi;10418;alh~gunth;NeG;
alais;435151;alais;12293;ala~gīs;DMP;x
alais;103242;Alais;9226;alh;NeG;
alari;434679;alari;17414;al~hari;DMP;
alari;434680;alari;17414;al~hari;DMP;x
alari;103872;Alari;14260;ala~hari;NeG;
alari;104009;Alari;14260;ala~hari;NeG;
alari;104104;Alari;14260;ala~hari;NeG;
alari;105008;Alari;14260;ala~hari;NeG;
alatun;40632;Alatun;6694;ald-n;NeG;
alatun;434701;alatun;19912;ald~hūn;DMP;x
alauuis;435367;alauuis;14986;ala~wīh;DMP;
alauuis;435368;alauuis;14986;ala~wīh;DMP;
alauuis;41854;Alauuis;15143;ala~wis;NeG;x
albanus;437714;albanus;17512;alb-n;DMP;
albanus;437715;albanus;17512;alb-n;DMP;
albanus;28393;Albanus;9185;albānus;NeG;x
albanus;28426;Albanus;9185;albānus;NeG;
albina;437718;albina;17512;alb-n;DMP;x
albina;66017;Albina;11265;albīna;NeG;
albini;26275;Albini;6699;alb~wini;NeG;x
albini;28173;Albini;6699;alb~wini;NeG;
albini;28349;Albini;6699;alb~wini;NeG;
albini;35448;Albini;6699;alb~wini;NeG;
albini;36823;Albini;6699;alb~wini;NeG;
albini;85361;Albini;6699;alb~wini;NeG;
albini;87636;Albini;6699;alb~wini;NeG;
albini;87637;Albini;6699;alb~wini;NeG;
albini;87640;Albini;6699;alb~wini;NeG;
albini;87644;Albini;6699;alb~wini;NeG;
albini;88020;Albini;6699;alb~wini;NeG;
albini;88022;Albini;6699;alb~wini;NeG;
albini;88028;Albini;6699;alb~wini;NeG;
albini;88029;Albini;6699;alb~wini;NeG;
albini;88032;Albini;6699;alb~wini;NeG;
albini;88041;Albini;6699;alb~wini;NeG;
albini;88052;Albini;6699;alb~wini;NeG;
albini;88109;Albini;6699;alb~wini;NeG;
albini;88110;Albini;6699;alb~wini;NeG;
albini;88112;Albini;6699;alb~wini;NeG;
albini;88117;Albini;6699;alb~wini;NeG;
albini;88118;Albini;6699;alb~wini;NeG;
albini;88120;Albini;6699;alb~wini;NeG;
albini;88795;Albini;6699;alb~wini;NeG;
albini;88796;Albini;6699;alb~wini;NeG;
albini;90161;Albini;6699;alb~wini;NeG;
albini;90847;Albini;6699;alb~wini;NeG;
albini;104072;Albini;6699;alb~wini;NeG;
albini;104676;Albini;6699;alb~wini;NeG;
albini;106522;albini;9728;albinus;DMP;
albini;106523;albini;9728;albinus;DMP;
albini;106524;albini;9728;albinus;DMP;
albini;106525;albini;9728;albinus;DMP;
albini;106526;albini;9728;albinus;DMP;
albini;106527;albini;9728;albinus;DMP;
albini;106528;albini;9728;albinus;DMP;
albini;106529;albini;9728;albinus;DMP;
albini;106530;albini;9728;albinus;DMP;
albini;106531;albini;9728;albinus;DMP;
albini;106532;albini;9728;albinus;DMP;
albini;106533;albini;9728;albinus;DMP;
albini;106534;albini;9728;albinus;DMP;
albini;106535;albini;9728;albinus;DMP;
albini;106536;albini;9728;albinus;DMP;
albini;106537;albini;9728;albinus;DMP;
albini;106538;albini;9728;albinus;DMP;
albini;106539;albini;9728;albinus;DMP;
albini;106540;albini;9728;albinus;DMP;
albini;106541;albini;9728;albinus;DMP;
albini;106542;albini;9728;albinus;DMP;
albini;106543;albini;9728;albinus;DMP;
albini;106544;albini;9728;albinus;DMP;
albini;106545;albini;9728;albinus;DMP;
albini;106546;albini;9728;albinus;DMP;
albini;132525;albini;9728;albinus;DMP;
albini;490860;albini;9728;albinus;DMP;
alboelt;71922;Alboelt;10388;alb~hildi;NeG;x
alboelt;130294;alboelt;8483;alb~wald;DMP;
alboni;106582;alboni;8307;alb;DMP;x
alboni;106583;alboni;8307;alb;DMP;
alboni;106584;alboni;8307;alb;DMP;
alboni;106585;alboni;8307;alb;DMP;
alboni;106586;alboni;8307;alb;DMP;
alboni;106587;alboni;8307;alb;DMP;
alboni;435446;alboni;8307;alb;DMP;
alboni;106094;Alboni;6699;alb~wini;NeG;
albus;435395;albus;8307;alb;DMP;
albus;67372;Albus;11549;albus;NeG;x
albutius;82810;Albutius;12641;alb-d;NeG;
albutius;437126;albutius;22285;albutius;DMP;x
alcar;40849;Alcar;10336;al~gair;NeG;
alcar;440436;alcar;7486;alh~hari;DMP;x
alcisma;79184;Alcisma;12455;ald-z-sm;NeG;
alcisma;132799;alcisma;17892;alh-sm;DMP;x
alcismus;72783;Alcismus;12455;ald-z-sm;NeG;
alcismus;218423;alcismus;17892;alh-sm;DMP;x
aldini;5284;Aldini;6694;ald-n;NeG;
aldini;439589;aldini;7459;ald~wini;DMP;x
aldini;439590;aldini;7459;ald~wini;DMP;
aldisma;440136;aldisma;21235;ald-s-m;DMP;x
aldisma;440137;aldisma;21235;ald-s-m;DMP;
aldisma;72903;Aldisma;11280;ald-sm;NeG;
aldisma;78719;Aldisma;11280;ald-sm;NeG;
aldrisma;134407;aldrisma;11280;ald-sm;DMP;
aldrisma;218424;aldrisma;11280;ald-sm;DMP;
aldrisma;220141;aldrisma;11280;ald-sm;DMP;
aldrisma;72759;Aldrisma;12452;aldar-sm;NeG;x
aldrisma;73755;Aldrisma;12452;aldar-sm;NeG;
aldrisma;75080;Aldrisma;12452;aldar-sm;NeG;
aldrismus;220142;aldrismus;11280;ald-sm;DMP;
aldrismus;75077;Aldrismus;12452;aldar-sm;NeG;x
aldrus;121034;aldrus;17446;al~thruth;DMP;
aldrus;434969;aldrus;17446;al~thruth;DMP;
aldrus;72896;Aldrus;9946;aldar;NeG;x
aldrus;74915;Aldrus;9946;aldar;NeG;
alegreis;77114;Alegreis;12955;alh~rīk;NeG;
alegreis;221791;alegreis;23487;āliger;DMP;x
alemunus;72238;Alemunus;12368;ali~mund;NeG;x
alemunus;441142;alemunus;23820;alian~wini;DMP;
alerici;93803;Alerici;8839;ala~rīk;NeG;x
alerici;440900;alerici;11365;ali~rīk;DMP;
alerici;440901;alerici;11365;ali~rīk;DMP;
alerici;440902;alerici;11365;ali~rīk;DMP;
alerici;440903;alerici;11365;ali~rīk;DMP;
alerici;440904;alerici;11365;ali~rīk;DMP;
alerici;440905;alerici;11365;ali~rīk;DMP;
alerici;440906;alerici;11365;ali~rīk;DMP;
alfanus;437720;alfanus;17512;alb-n;DMP;
alfanus;437721;alfanus;17512;alb-n;DMP;
alfanus;437722;alfanus;17512;alb-n;DMP;
alfanus;437723;alfanus;17512;alb-n;DMP;
alfanus;437724;alfanus;17512;alb-n;DMP;
alfanus;104885;Alfanus;9185;albānus;NeG;x
alfanus;104889;Alfanus;9185;albānus;NeG;
alfida;76632;Alfida;12641;alb-d;NeG;
alfida;435847;alfida;10388;alb~hildi;DMP;x
alfre;436017;alfre;16587;al~frith;DMP;x
alfre;436018;alfre;16587;al~frith;DMP;
alfre;27990;Alfre;6526;ald~frith;NeG;
alfredi;434284;alfredi;16587;al~frith;DMP;x
alfredi;434285;alfredi;16587;al~frith;DMP;
alfredi;434286;alfredi;16587;al~frith;DMP;
alfredi;434287;alfredi;16587;al~frith;DMP;
alfredi;27987;Alfredi;6526;ald~frith;NeG;
alfredi;28289;Alfredi;6526;ald~frith;NeG;
alfredi;28344;Alfredi;6526;ald~frith;NeG;
alfredi;102225;Alfredi;6526;ald~frith;NeG;
alfredo;434288;alfredo;16587;al~frith;DMP;x
alfredo;102160;Alfredo;6526;ald~frith;NeG;
alfredo;102430;Alfredo;6526;ald~frith;NeG;
alfrid;106694;alfrid;16587;al~frith;DMP;x
alfrid;106695;alfrid;16587;al~frith;DMP;
alfrid;106696;alfrid;16587;al~frith;DMP;
alfrid;106697;alfrid;16587;al~frith;DMP;
alfrid;106698;alfrid;16587;al~frith;DMP;
alfrid;106699;alfrid;16587;al~frith;DMP;
alfrid;106700;alfrid;16587;al~frith;DMP;
alfrid;106701;alfrid;16587;al~frith;DMP;
alfrid;106702;alfrid;16587;al~frith;DMP;
alfrid;434282;âlfrid;16587;al~frith;DMP;
alfrid;434304;alfrid;16587;al~frith;DMP;
alfrid;434305;alfrid;16587;al~frith;DMP;
alfrid;434306;alfrid;16587;al~frith;DMP;
alfrid;434307;alfrid;16587;al~frith;DMP;
alfrid;434308;alfrid;16587;al~frith;DMP;
alfrid;434309;alfrid;16587;al~frith;DMP;
alfrid;2211;Alfrid;6526;ald~frith;NeG;
alfrid;3651;Alfrid;6526;ald~frith;NeG;
alfrid;9019;Alfrid;6526;ald~frith;NeG;
alfrid;9028;Alfrid;6526;ald~frith;NeG;
alfrid;28761;Alfrid;6526;ald~frith;NeG;
alfrid;28763;Alfrid;6526;ald~frith;NeG;
alfrid;28871;Alfrid;6526;ald~frith;NeG;
alfrid;28876;Alfrid;6526;ald~frith;NeG;
alfrid;29117;Alfrid;6526;ald~frith;NeG;
alfrid;29304;Alfrid;6526;ald~frith;NeG;
alfrit;434301;alfrit;16587;al~frith;DMP;x
alfrit;434302;alfrit;16587;al~frith;DMP;
alfrit;436031;alfrit;16587;al~frith;DMP;
alfrit;105235;Alfrit;6526;ald~frith;NeG;
alfrit;105237;Alfrit;6526;ald~frith;NeG;
alfrith;434311;alfrith;16587;al~frith;DMP;x
alfrith;102114;Alfrith;6526;ald~frith;NeG;
algildis;434586;algildis;25476;al~geld;DMP;
algildis;78174;Algildis;10352;alh~hildi;NeG;x
algoz;434580;algoz;16986;al~gaut;DMP;
algoz;435539;algoz;16986;al~gaut;DMP;x
algoz;42844;Algoz;10548;alh~gaut;NeG;
algundis;434605;algundis;24457;al~gunth;DMP;x
algundis;79401;Algundis;10418;alh~gunth;NeG;
alichone;63137;Alichone;9226;alh;NeG;x
alichone;441324;alichone;8520;ali-k;DMP;
alichone;441325;alichone;8520;ali-k;DMP;
alichoni;64355;Alichoni;9226;alh;NeG;x
alichoni;441326;alichoni;8520;ali-k;DMP;
alicone;64431;Alicone;9226;alh;NeG;x
alicone;441327;alicone;8520;ali-k;DMP;
alihila;59899;Alihila;10637;alh-l;NeG;x
alihila;440838;alihila;10277;ali~hildi;DMP;
allob;434784;allǒb;18044;al~laub;DMP;x
allob;395135;allŏb;19568;alb~laub;DMP;
alloni;63726;alloni;9316;al;NeG;
alloni;104801;Alloni;9316;al;NeG;
alloni;104803;Alloni;9316;al;NeG;
alloni;441352;alloni;7445;ali~wini;DMP;x
alloni;441353;alloni;7445;ali~wini;DMP;
alloni;441354;alloni;7445;ali~wini;DMP;
alloni;441355;alloni;7445;ali~wini;DMP;
alloni;441357;alloni;7445;ali~wini;DMP;
alloni;441358;alloni;7445;ali~wini;DMP;
alloni;441359;alloni;7445;ali~wini;DMP;
almaricus;442582;almaricus;6576;amal~rīk;DMP;x
almaricus;442584;almaricus;6576;amal~rīk;DMP;
almaricus;442585;almaricus;6576;amal~rīk;DMP;
almaricus;442586;almaricus;6576;amal~rīk;DMP;
almaricus;442587;almaricus;6576;amal~rīk;DMP;
almaricus;442588;almaricus;6576;amal~rīk;DMP;
almaricus;442589;almaricus;6576;amal~rīk;DMP;
almaricus;442590;almaricus;6576;amal~rīk;DMP;
almaricus;85718;Almaricus;8303;helm~rīk;NeG;
almedicus;123446;almedicus;17149;ald~medicus;DMP;
almedicus;79342;Almedicus;13087;almedicus;NeG;x
almedius;78657;Almedius;13087;almedicus;NeG;x
almedius;139924;almedius;8705;amal~thew;DMP;
aloini;5089;Aloini;7892;al~wini;NeG;
aloini;5098;aloini;7892;al~wini;NeG;x
aloini;5100;aloini;7892;al~wini;NeG;
aloini;441382;aloini;17484;allonius;DMP;
aloini;441383;aloini;17484;allonius;DMP;
aloini;441384;aloini;17484;allonius;DMP;
aloini;441385;aloini;17484;allonius;DMP;
aloini;441386;aloini;17484;allonius;DMP;
alois;68492;Alois;10439;al~wis;NeG;x
alois;68511;Alois;10439;al~wis;NeG;
alois;432276;alois;15143;ala~wis;DMP;
alois;432277;alois;15143;ala~wis;DMP;
aloni;433033;aloni;9316;al;DMP;
aloni;433034;aloni;9316;al;DMP;
aloni;433035;aloni;9316;al;DMP;
aloni;433036;aloni;9316;al;DMP;
aloni;433037;aloni;9316;al;DMP;
aloni;433038;aloni;9316;al;DMP;
aloni;104127;Aloni;7892;al~wini;NeG;x
aloni;104143;Aloni;7892;al~wini;NeG;
alpinus;86710;Alpinus;9728;albinus;NeG;
alpinus;106843;alpinus;17357;alpīnus;DMP;
alpinus;106844;alpinus;17357;alpīnus;DMP;
alpinus;441410;alpinus;17357;alpīnus;DMP;x
alpinus;441411;alpinus;17357;alpīnus;DMP;
alpinus;441412;alpinus;17357;alpīnus;DMP;
alpinus;441413;alpinus;17357;alpīnus;DMP;
alsauia;434943;alsauia;19640;al~swāb;DMP;x
alsauia;434944;alsauia;19640;al~swāb;DMP;
alsauia;77454;Alsauia;12003;alis~wīh;NeG;
alsinna;128822;alsinna;12852;ali~sinth;DMP;x
alsinna;65393;Alsinna;11091;alis~wini;NeG;
altana;130795;altana;8155;ald;DMP;
altana;75647;Altana;6694;ald-n;NeG;x
altcarium;438732;altcarium;9809;ald~gair;DMP;x
altcarium;77286;Altcarium;7949;ald~hari;NeG;
altcarius;438733;altcarius;9809;ald~gair;DMP;x
altcarius;438734;altcarius;9809;ald~gair;DMP;
altcarius;438735;altcarius;9809;ald~gair;DMP;
altcarius;438736;altcarius;9809;ald~gair;DMP;
altcarius;74220;Altcarius;7949;ald~hari;NeG;
altcarius;78177;Altcarius;7949;ald~hari;NeG;
altcarius;78666;Altcarius;7949;ald~hari;NeG;
altisma;66081;Altisma;11280;ald-sm;NeG;x
altisma;66562;Altisma;11280;ald-sm;NeG;
altisma;441420;altisma;23004;altissima;DMP;
altoildis;74760;Altoildis;10075;ald~hildi;NeG;
altoildis;439586;altoildis;25559;ald~wilth;DMP;x
altruda;434971;altruda;17446;al~thruth;DMP;x
altruda;434972;altruda;17446;al~thruth;DMP;
altruda;434973;altruda;17446;al~thruth;DMP;
altruda;434974;altruda;17446;al~thruth;DMP;
altruda;434975;altruda;17446;al~thruth;DMP;
altruda;434976;altruda;17446;al~thruth;DMP;
altruda;434977;altruda;17446;al~thruth;DMP;
altruda;434978;altruda;17446;al~thruth;DMP;
altruda;434979;altruda;17446;al~thruth;DMP;
altruda;434980;altruda;17446;al~thruth;DMP;
altruda;434981;altruda;17446;al~thruth;DMP;
altruda;434982;altruda;17446;al~thruth;DMP;
altruda;104991;Altruda;10195;ald~thruth;NeG;
altrudis;434986;altrudis;17446;al~thruth;DMP;x
altrudis;434987;altrudis;17446;al~thruth;DMP;
altrudis;434988;altrudis;17446;al~thruth;DMP;
altrudis;434989;altrudis;17446;al~thruth;DMP;
altrudis;434990;altrudis;17446;al~thruth;DMP;
altrudis;434991;altrudis;17446;al~thruth;DMP;
altrudis;434992;altrudis;17446;al~thruth;DMP;
altrudis;434993;altrudis;17446;al~thruth;DMP;
altrudis;434994;altrudis;17446;al~thruth;DMP;
altrudis;434995;altrudis;17446;al~thruth;DMP;
altrudis;73603;Altrudis;10195;ald~thruth;NeG;
amadildis;68709;Amadildis;11803;am~hildi;NeG;x
amadildis;443257;amadildis;24543;amat~hildi;DMP;
amadinga;77270;Amadinga;7178;am-ng;NeG;x
amadinga;441738;amadinga;24950;am~thing;DMP;
amanoni;432283;amanoni;18367;ah~man;DMP;
amanoni;432284;amanoni;18367;ah~man;DMP;
amanoni;432285;amanoni;18367;ah~man;DMP;
amanoni;40933;Amanoni;10339;aman;NeG;x
amanoni;41434;Amanoni;10339;aman;NeG;
amantio;97817;Amantio;13812;amamantio;NeG;
amantio;27394;Amantio;7188;amantius;NeG;x
amantio;27235;Amantio;7188;amantius;NeG;
amarinus;441736;amarinus;25347;am~rīn;DMP;
amarinus;81976;Amarinus;13245;amārīnus;NeG;x
amarinus;81977;Amarinus;13245;amārīnus;NeG;
amarinus;82345;Amarinus;13245;amārīnus;NeG;
amarinus;82346;Amarinus;13245;amārīnus;NeG;
amarinus;82347;Amarinus;13245;amārīnus;NeG;
amarinus;82348;Amarinus;13245;amārīnus;NeG;
amatlaicus;74607;Amatlaicus;12706;am~laik;NeG;x
amatlaicus;443258;amatlaicus;22753;amat~laik;DMP;
ambrosia;131615;ambrosia;17290;ambr-s;DMP;
ambrosia;443725;ambrosia;17290;ambr-s;DMP;
ambrosia;71610;Ambrosia;12289;ambrosia;NeG;x
amilo;8958;Amilo;6633;am-l;NeG;
amilo;106898;amilo;8475;amal;DMP;x
amilo;411237;amilo;8475;amal;DMP;
anaudinus;219542;anaudinus;17654;ana~wald;DMP;
anaudinus;74209;Anaudinus;9860;and~wini;NeG;x
andreae;106926;andreae;16929;andrea;DMP;
andreae;106927;andreae;16929;andrea;DMP;
andreae;106928;andreae;16929;andrea;DMP;
andreae;106929;andreae;16929;andrea;DMP;
andreae;106930;andreae;16929;andrea;DMP;
andreae;106931;andreae;16929;andrea;DMP;
andreae;106932;andreae;16929;andrea;DMP;
andreae;106933;andreae;16929;andrea;DMP;
andreae;106934;andreae;16929;andrea;DMP;
andreae;106935;andreae;16929;andrea;DMP;
andreae;106936;andreae;16929;andrea;DMP;
andreae;106937;andreae;16929;andrea;DMP;
andreae;410188;andreae;16929;andrea;DMP;x
andreae;25101;Andreae;6598;andreās;NeG;
andreati;445029;andreati;26226;andar~hath;DMP;
andreati;28919;Andreati;6598;andreās;NeG;x
andreati;105651;Andreati;6598;andreās;NeG;
andreia;445025;andreia;16929;andrea;DMP;x
andreia;66716;Andreia;6598;andreās;NeG;
andriga;130423;andriga;8491;and~rīk;DMP;
andriga;77545;Andriga;6598;andreās;NeG;x
andrisma;445024;andrisma;23460;andar-s-m;DMP;
andrisma;67713;Andrisma;11610;andar-sm;NeG;x
andrisma;72692;Andrisma;11610;andar-sm;NeG;
anoildis;444539;anoildis;18119;an~hildi;DMP;x
anoildis;72612;Anoildis;12430;an~wilth;NeG;
anseardis;67121;Anseardis;11506;ans~gard;NeG;x
anseardis;448611;anseardis;12677;ans~hard;DMP;
anseardis;448612;anseardis;12677;ans~hard;DMP;
ansedonius;219872;ansedonius;25073;ans~don;DMP;
ansedonius;74729;Ansedonius;12721;ans~dun;NeG;x
ansegudis;448570;ansegudis;9214;ans~gaut;DMP;
ansegudis;448571;ansegudis;9214;ans~gaut;DMP;
ansegudis;73194;Ansegudis;12307;ans~gunth;NeG;x
ansegudis;74321;Ansegudis;12307;ans~gunth;NeG;
ansierus;65117;Ansierus;7552;ans~gair;NeG;
ansierus;108002;ansierus;7880;ans~hari;DMP;x
ansierus;108003;ansierus;7880;ans~hari;DMP;
ansierus;108004;ansierus;7880;ans~hari;DMP;
ansoildis;72077;Ansoildis;9665;ans~hildi;NeG;x
ansoildis;75794;Ansoildis;9665;ans~hildi;NeG;
ansoildis;129956;ansoildis;12619;ans~wilth;DMP;
ansoildis;449938;ansoildis;12619;ans~wilth;DMP;
ansom;396;ansom;6600;ans-m;NeG;x
ansom;449949;ansom;10990;ans~wini;DMP;
anstrada;72780;Anstrada;9207;ans~rād;NeG;x
anstrada;450227;anstrada;17794;anst~rād;DMP;
anstrada;450228;anstrada;17794;anst~rād;DMP;
anstrada;450229;anstrada;17794;anst~rād;DMP;
anstrada;450230;anstrada;17794;anst~rād;DMP;
anstrada;450231;anstrada;17794;anst~rād;DMP;
anstraht;61216;anstraht;9207;ans~rād;NeG;x
anstraht;450232;anstraht;17794;anst~rād;DMP;
anstramnus;63766;anstramnus;10102;ans~hraban;NeG;x
anstramnus;450225;anstramnus;20636;anst~hraban;DMP;
anstrat;42625;Anstrat;9207;ans~rād;NeG;x
anstrat;61220;anstrat;9207;ans~rād;NeG;
anstrat;413784;anstrat;17794;anst~rād;DMP;
anstrat;450233;anstrat;17794;anst~rād;DMP;
anstrat;450234;anstrat;17794;anst~rād;DMP;
anstrat;450235;anstrat;17794;anst~rād;DMP;
anstrat;450236;anstrat;17794;anst~rād;DMP;
anstrat;450237;anstrat;17794;anst~rād;DMP;
anstrat;450238;anstrat;17794;anst~rād;DMP;
anstrat;450239;anstrat;17794;anst~rād;DMP;
anstrat;450240;anstrat;17794;anst~rād;DMP;
anstrat;450241;anstrat;17794;anst~rād;DMP;
anstrat;450242;anstrat;17794;anst~rād;DMP;
anstrat;450243;anstrat;17794;anst~rād;DMP;
anstrat;450244;anstrat;17794;anst~rād;DMP;
anstrat;450245;anstrat;17794;anst~rād;DMP;
anstrat;450246;anstrat;17794;anst~rād;DMP;
anstrat;450247;anstrat;17794;anst~rād;DMP;
anstrat;450248;anstrat;17794;anst~rād;DMP;
anstrat;478361;anstrat;17794;anst~rād;DMP;
anstrat;479555;anstrat;17794;anst~rād;DMP;
anstrat;480423;anstrat;17794;anst~rād;DMP;
anstrat;482972;anstrat;17794;anst~rād;DMP;
anstrat;492353;anstrat;17794;anst~rād;DMP;
anstrate;61483;Anstratę;9207;ans~rād;NeG;x
anstrate;450249;anstratę;17794;anst~rād;DMP;
anstrati;38991;Anstrati;9207;ans~rād;NeG;x
anstrati;450252;anstrati;17794;anst~rād;DMP;
antoni;140139;antoni;9860;and~wini;DMP;
antoni;444952;antoni;9860;and~wini;DMP;
antoni;4599;Antoni;7415;antōnius;NeG;x
anulen;447637;anulen;7033;an-l;DMP;
anulen;40646;Anulen;10309;an-l-n;NeG;x
apri;304254;apri;16842;abar;DMP;
apri;96136;Apri;9023;aper;NeG;x
aravatio;88756;Aravatio;15267;aravatio;NeG;x
aravatio;87584;Aravatio;13474;aravatius;NeG;
arcamarus;72731;Arcamarus;12128;erk~mar;NeG;x
arcamarus;218369;arcamarus;10128;erkan~hari;DMP;
arcchgoz;119948;arcchgoz;17335;arg~gaut;DMP;
arcchgoz;42702;Arcchgoz;10526;erk~gaut;NeG;x
arcemirus;76091;Arcemirus;12128;erk~mar;NeG;
arcemirus;221846;arcemirus;8192;erkan~mar;DMP;x
archadii;92748;Archadii;13206;arcadius;NeG;x
archadii;152049;archadii;24821;erk~haith;DMP;
arduis;221832;arduis;11107;hard~wīh;DMP;
arduis;77080;Arduis;12188;hard~wis;NeG;x
aredii;87099;Aredii;9192;aredius;NeG;
aredii;87790;Aredii;9192;aredius;NeG;
aredii;92713;Aredii;9192;aredius;NeG;
aredii;92728;Aredii;9192;aredius;NeG;x
aredii;148550;aredii;13276;āridius;DMP;
aredius;68524;Aredius;9192;aredius;NeG;x
aredius;89063;Aredius;9192;aredius;NeG;
aredius;89067;Aredius;9192;aredius;NeG;
aredius;89074;Aredius;9192;aredius;NeG;
aredius;117904;aredius;8618;hari~thew;DMP;
aredius;140751;aredius;8618;hari~thew;DMP;
aredius;450789;aredius;8618;hari~thew;DMP;
aregarium;451146;aregarium;18591;ar~gair;DMP;
aregarium;74498;Aregarium;7961;hari~gair;NeG;x
aregarius;450746;aregarius;18591;ar~gair;DMP;
aregarius;451147;aregarius;18591;ar~gair;DMP;
aregarius;451148;aregarius;18591;ar~gair;DMP;
aregarius;451149;aregarius;18591;ar~gair;DMP;
aregarius;77259;Aregarius;7961;hari~gair;NeG;x
aregarius;77780;Aregarius;7961;hari~gair;NeG;
aregarius;78805;Aregarius;7961;hari~gair;NeG;
aregarius;79407;Aregarius;7961;hari~gair;NeG;
aregaudus;451162;aregaudus;17721;ar~gaut;DMP;
aregaudus;451163;aregaudus;17721;ar~gaut;DMP;
aregaudus;77548;Aregaudus;7011;hari~gaut;NeG;x
aregaudus;78440;Aregaudus;7011;hari~gaut;NeG;
aregildis;129450;aregildis;17555;ar~geld;DMP;
aregildis;451111;aregildis;17555;ar~geld;DMP;
aregildis;451113;aregildis;17555;ar~geld;DMP;
aregildis;451172;aregildis;17555;ar~geld;DMP;
aregildis;68900;Aregildis;11825;hari~geld;NeG;x
aregildis;68928;Aregildis;11825;hari~geld;NeG;
aregildis;78808;Aregildis;11825;hari~geld;NeG;
aregildis;78934;Aregildis;11825;hari~geld;NeG;
aregis;119776;aregis;10779;ar~gīs;DMP;
aregis;451142;aregis;10779;ar~gīs;DMP;
aregis;75978;Aregis;6635;hari~gīs;NeG;x
aregisus;451143;aregisus;10779;ar~gīs;DMP;
aregisus;78439;Aregisus;6635;hari~gīs;NeG;x
areia;73881;Areia;11831;arēgia;NeG;x
areia;451585;areia;8522;hari;DMP;
argoz;451166;argoz;17721;ar~gaut;DMP;x
argoz;451167;argoz;17721;ar~gaut;DMP;
argoz;451168;argoz;17721;ar~gaut;DMP;
argoz;451169;argoz;17721;ar~gaut;DMP;
argoz;482521;argoz;17721;ar~gaut;DMP;
argoz;42680;Argoz;10519;arh~gaut;NeG;
argoz;42682;Argoz;10519;arh~gaut;NeG;
argoz;42695;Argoz;10519;arh~gaut;NeG;
arimperto;5678;arimperto;8008;arin~berht;NeG;
arimperto;319053;arimperto;6508;erin~berht;DMP;x
armandus;451273;armandus;16610;ar~man;DMP;x
armandus;451274;armandus;16610;ar~man;DMP;
armandus;451275;armandus;16610;ar~man;DMP;
armandus;451276;armandus;16610;ar~man;DMP;
armandus;451277;armandus;16610;ar~man;DMP;
armandus;451278;armandus;16610;ar~man;DMP;
armandus;451279;armandus;16610;ar~man;DMP;
armandus;98519;Armandus;6844;hari~man;NeG;
arnuuis;40938;Arnuuis;10340;arin~wis;NeG;x
arnuuis;451905;arnuuis;18777;arn~wis;DMP;
arnuuis;451906;arnuuis;18777;arn~wis;DMP;
arnuuis;451907;arnuuis;18777;arn~wis;DMP;
arnuuis;451908;arnuuis;18777;arn~wis;DMP;
arnuuis;451909;arnuuis;18777;arn~wis;DMP;
arnuuis;451910;arnuuis;18777;arn~wis;DMP;
arnuuis;451911;arnuuis;18777;arn~wis;DMP;
arnuuis;451912;arnuuis;18777;arn~wis;DMP;
arnuuis;451913;arnuuis;18777;arn~wis;DMP;
arnuuis;451914;arnuuis;18777;arn~wis;DMP;
arnuuis;451915;arnuuis;18777;arn~wis;DMP;
arnuuis;451916;arnuuis;18777;arn~wis;DMP;
arnuuis;451917;arnuuis;18777;arn~wis;DMP;
aroaldus;451346;aroaldus;14291;ar~wald;DMP;x
aroaldus;99140;Aroaldus;9231;arw~wald;NeG;
arochis;432264;arochis;10779;ar~gīs;DMP;
arochis;28525;Arochis;9206;arw~gīs;NeG;x
arochis;28528;Arochis;9206;arw~gīs;NeG;
arochis;28693;Arochis;9206;arw~gīs;NeG;
arochis;28709;Arochis;9206;arw~gīs;NeG;
arohildis;451213;arohildis;22969;ar~hildi;DMP;
arohildis;77082;Arohildis;11238;arw~hildi;NeG;x
aroicus;451332;aroicus;23057;ar~wīg;DMP;x
aroicus;77741;Aroicus;6630;arw~wīg;NeG;
aroigio;451333;aroigio;23057;ar~wīg;DMP;x
aroigio;427;aroigio;6630;arw~wīg;NeG;
aroildis;451156;aroildis;22969;ar~hildi;DMP;
aroildis;451214;aroildis;22969;ar~hildi;DMP;
aroildis;451215;aroildis;22969;ar~hildi;DMP;
aroildis;68508;Aroildis;11238;arw~hildi;NeG;x
aroildis;68715;Aroildis;11238;arw~hildi;NeG;
aroildis;70614;Aroildis;11238;arw~hildi;NeG;
aroinus;140704;aroinus;20238;ar~wini;DMP;x
aroinus;70615;Aroinus;9672;arw~wini;NeG;
arois;432265;arois;17754;ar~wis;DMP;
arois;432266;arois;17754;ar~wis;DMP;
arois;432267;arois;17754;ar~wis;DMP;
arois;68493;Arois;11771;arw~wis;NeG;x
arois;68510;Arois;11771;arw~wis;NeG;
arois;72280;Arois;11771;arw~wis;NeG;
arolf;7318;arolf;8280;ar~wulf;NeG;
arolf;7336;arolf;8280;ar~wulf;NeG;
arolf;7664;arolf;8280;ar~wulf;NeG;
arolf;7739;arolf;8280;ar~wulf;NeG;
arolf;7810;arolf;8280;ar~wulf;NeG;
arolf;108445;arolf;7921;hari~wulf;DMP;x
arolf;108446;arolf;7921;hari~wulf;DMP;
arolf;108447;arolf;7921;hari~wulf;DMP;
arolf;108448;arolf;7921;hari~wulf;DMP;
arolf;108449;arolf;7921;hari~wulf;DMP;
arolf;108450;arolf;7921;hari~wulf;DMP;
arolf;108451;arolf;7921;hari~wulf;DMP;
arolf;108452;arolf;7921;hari~wulf;DMP;
arolf;108453;arolf;7921;hari~wulf;DMP;
arolf;108454;arolf;7921;hari~wulf;DMP;
arolf;108455;arolf;7921;hari~wulf;DMP;
arolf;108456;arolf;7921;hari~wulf;DMP;
arolf;108457;arolf;7921;hari~wulf;DMP;
arolf;108458;arolf;7921;hari~wulf;DMP;
arolf;108459;arolf;7921;hari~wulf;DMP;
arolf;108460;arolf;7921;hari~wulf;DMP;
arolf;108461;arolf;7921;hari~wulf;DMP;
arolf;108462;arolf;7921;hari~wulf;DMP;
arolf;108463;arolf;7921;hari~wulf;DMP;
arolf;108464;arolf;7921;hari~wulf;DMP;
arolf;108465;arolf;7921;hari~wulf;DMP;
arolf;108466;arolf;7921;hari~wulf;DMP;
arolf;108467;arolf;7921;hari~wulf;DMP;
arolf;108468;arolf;7921;hari~wulf;DMP;
arolf;108469;arolf;7921;hari~wulf;DMP;
arolf;108470;arolf;7921;hari~wulf;DMP;
arolf;108471;arolf;7921;hari~wulf;DMP;
arolf;108472;arolf;7921;hari~wulf;DMP;
arolf;108473;arolf;7921;hari~wulf;DMP;
arolf;108474;arolf;7921;hari~wulf;DMP;
arolf;108475;arolf;7921;hari~wulf;DMP;
arolf;108476;arolf;7921;hari~wulf;DMP;
arolf;108477;arolf;7921;hari~wulf;DMP;
arolf;108478;arolf;7921;hari~wulf;DMP;
arolf;108479;arolf;7921;hari~wulf;DMP;
arolf;108480;arolf;7921;hari~wulf;DMP;
arolf;108481;arolf;7921;hari~wulf;DMP;
arolf;108482;arolf;7921;hari~wulf;DMP;
arolf;118557;arolf;7921;hari~wulf;DMP;
arolf;126521;arolf;7921;hari~wulf;DMP;
arolf;451356;arolf;7921;hari~wulf;DMP;
arolf;451357;arolf;7921;hari~wulf;DMP;
arolf;451358;arolf;7921;hari~wulf;DMP;
arolf;451359;arolf;7921;hari~wulf;DMP;
arolf;451360;arolf;7921;hari~wulf;DMP;
arolf;451361;arolf;7921;hari~wulf;DMP;
arolf;492963;arolf;7921;hari~wulf;DMP;
arolfi;8578;arolfi;8280;ar~wulf;NeG;
arolfi;108483;arolfi;7921;hari~wulf;DMP;x
arolfi;108484;arolfi;7921;hari~wulf;DMP;
arolfi;108485;arolfi;7921;hari~wulf;DMP;
arolfi;108486;arolfi;7921;hari~wulf;DMP;
arolfi;108487;arolfi;7921;hari~wulf;DMP;
arolfi;108488;arolfi;7921;hari~wulf;DMP;
arolfi;108489;arolfi;7921;hari~wulf;DMP;
arolfi;108490;arolfi;7921;hari~wulf;DMP;
arolfi;108491;arolfi;7921;hari~wulf;DMP;
arolfi;108492;arolfi;7921;hari~wulf;DMP;
arolfi;140754;arolfi;7921;hari~wulf;DMP;
arolfi;451415;arolfi;7921;hari~wulf;DMP;
arolfi;451416;arolfi;7921;hari~wulf;DMP;
arolfi;451417;arolfi;7921;hari~wulf;DMP;
arricus;451283;arricus;24198;ar~rīk;DMP;
arricus;97623;Arricus;6868;hari~rīk;NeG;x
aruen;451413;aruen;7072;arbi;DMP;x
aruen;79067;Aruen;13118;arw-n;NeG;
arugis;140697;arugis;10779;ar~gīs;DMP;
arugis;39245;Arugis;9206;arw~gīs;NeG;x
arugisi;130557;arugisi;10779;ar~gīs;DMP;
arugisi;140698;arugisi;10779;ar~gīs;DMP;
arugisi;39251;Arugisi;9206;arw~gīs;NeG;x
arulfi;94264;Arulfi;8280;ar~wulf;NeG;
arulfi;108548;arulfi;7921;hari~wulf;DMP;x
arulfi;108549;arulfi;7921;hari~wulf;DMP;
arulfi;108550;arulfi;7921;hari~wulf;DMP;
arulfi;108551;arulfi;7921;hari~wulf;DMP;
arulfi;108552;arulfi;7921;hari~wulf;DMP;
arulfi;108553;arulfi;7921;hari~wulf;DMP;
arulfi;108554;arulfi;7921;hari~wulf;DMP;
arulfi;108555;arulfi;7921;hari~wulf;DMP;
arulfi;108556;arulfi;7921;hari~wulf;DMP;
arulfi;150527;arulfi;7921;hari~wulf;DMP;
arulfi;161884;arulfi;7921;hari~wulf;DMP;
arulfi;171739;arulfi;7921;hari~wulf;DMP;
arulfi;451420;arulfi;7921;hari~wulf;DMP;
arulfo;33698;Arulfo;8280;ar~wulf;NeG;
arulfo;33700;Arulfo;8280;ar~wulf;NeG;
arulfo;147349;arulfo;7921;hari~wulf;DMP;x
arulfo;159163;arulfo;7921;hari~wulf;DMP;
arulfus;67900;Arulfus;8280;ar~wulf;NeG;
arulfus;70322;Arulfus;8280;ar~wulf;NeG;
arulfus;108557;arulfus;7921;hari~wulf;DMP;x
arulfus;108558;arulfus;7921;hari~wulf;DMP;
arulfus;451371;arulfus;7921;hari~wulf;DMP;
arulfus;451421;arulfus;7921;hari~wulf;DMP;
arulfus;451422;arulfus;7921;hari~wulf;DMP;
arulfus;451423;arulfus;7921;hari~wulf;DMP;
arulfus;451424;arulfus;7921;hari~wulf;DMP;
aruuis;133679;aruuis;17754;ar~wis;DMP;
aruuis;451341;aruuis;17754;ar~wis;DMP;
aruuis;71815;Aruuis;11313;hari~wis;NeG;x
ascunide;308342;ascunide;12307;ans~gunth;DMP;x
ascunide;63892;Ascunide;10901;ask~nīth;NeG;
asperin;447862;asperin;11901;ans~berin;DMP;
asperin;38675;Asperin;10010;asperīnus;NeG;x
asperina;455213;asperina;20957;aspar-n;DMP;
asperina;38845;Asperina;10032;asperīna;NeG;x
asprandus;126115;asprandus;8215;ans~brand;DMP;
asprandus;448279;asprandus;8215;ans~brand;DMP;x
asprandus;103477;Asprandus;14282;ans~branth;NeG;
atacri;456563;atacri;23201;ath~wakar;DMP;x
atacri;39149;Atacri;7267;aud~wakar;NeG;
atlas;464888;atlas;7213;athal;DMP;
atlas;78619;Atlas;13084;atlas;NeG;x
atlindis;456421;atlindis;19085;ath~linth;DMP;
atlindis;79151;Atlindis;10217;athal~linth;NeG;x
attala;108559;attala;14976;ath-l;DMP;
attala;108560;attala;14976;ath-l;DMP;
attala;1635;Attala;7213;athal;NeG;x
attala;94189;Attala;7213;athal;NeG;
attumar;37017;Attumar;9746;ath~mar;NeG;
attumar;206972;attumar;6732;hath~mar;DMP;x
attumar;351029;attumar;6732;hath~mar;DMP;
attumar;354428;attumar;6732;hath~mar;DMP;
aua;72235;Aua;7409;ab;NeG;
aua;72429;Aua;7409;ab;NeG;
aua;72571;Aua;7409;ab;NeG;
aua;72674;Aua;7409;ab;NeG;
aua;73580;Aua;7409;ab;NeG;
aua;108563;aua;8226;awi;DMP;x
aua;108564;aua;8226;awi;DMP;
aua;108565;aua;8226;awi;DMP;
aua;108566;aua;8226;awi;DMP;
aua;108567;aua;8226;awi;DMP;
aua;108568;aua;8226;awi;DMP;
aua;108569;aua;8226;awi;DMP;
aua;108570;aua;8226;awi;DMP;
aua;108571;aua;8226;awi;DMP;
aua;108572;aua;8226;awi;DMP;
aua;108573;aua;8226;awi;DMP;
aua;108574;aua;8226;awi;DMP;
aua;108575;aua;8226;awi;DMP;
aua;108576;aua;8226;awi;DMP;
aua;108577;aua;8226;awi;DMP;
aua;108578;aua;8226;awi;DMP;
aua;108579;aua;8226;awi;DMP;
aua;108580;aua;8226;awi;DMP;
aua;108581;aua;8226;awi;DMP;
aua;108582;aua;8226;awi;DMP;
aua;108583;aua;8226;awi;DMP;
aua;108584;aua;8226;awi;DMP;
aua;108585;aua;8226;awi;DMP;
aua;108586;aua;8226;awi;DMP;
aua;108587;aua;8226;awi;DMP;
aua;108588;aua;8226;awi;DMP;
aua;108589;aua;8226;awi;DMP;
aua;108590;aua;8226;awi;DMP;
aua;108591;aua;8226;awi;DMP;
aua;108592;aua;8226;awi;DMP;
aua;108593;aua;8226;awi;DMP;
aua;108594;aua;8226;awi;DMP;
aua;108595;aua;8226;awi;DMP;
aua;108596;aua;8226;awi;DMP;
aua;108597;aua;8226;awi;DMP;
aua;108598;aua;8226;awi;DMP;
aua;108599;aua;8226;awi;DMP;
aua;108600;aua;8226;awi;DMP;
aua;108601;aua;8226;awi;DMP;
aua;108602;aua;8226;awi;DMP;
aua;108603;aua;8226;awi;DMP;
aua;108604;aua;8226;awi;DMP;
aua;108605;aua;8226;awi;DMP;
aua;108606;aua;8226;awi;DMP;
aua;108607;aua;8226;awi;DMP;
aua;108608;aua;8226;awi;DMP;
aua;108609;aua;8226;awi;DMP;
aua;108610;aua;8226;awi;DMP;
aua;108611;aua;8226;awi;DMP;
aua;108612;aua;8226;awi;DMP;
aua;108613;aua;8226;awi;DMP;
aua;108614;aua;8226;awi;DMP;
aua;108615;aua;8226;awi;DMP;
aua;108616;aua;8226;awi;DMP;
aua;108617;aua;8226;awi;DMP;
aua;108618;aua;8226;awi;DMP;
aua;108619;aua;8226;awi;DMP;
aua;108620;aua;8226;awi;DMP;
aua;108621;aua;8226;awi;DMP;
aua;108622;aua;8226;awi;DMP;
aua;108623;aua;8226;awi;DMP;
aua;108624;aua;8226;awi;DMP;
aua;108625;aua;8226;awi;DMP;
aua;108626;aua;8226;awi;DMP;
aua;108627;aua;8226;awi;DMP;
aua;108628;aua;8226;awi;DMP;
aua;108629;aua;8226;awi;DMP;
aua;108630;aua;8226;awi;DMP;
aua;108631;aua;8226;awi;DMP;
aua;108632;aua;8226;awi;DMP;
aua;108633;aua;8226;awi;DMP;
aua;108634;aua;8226;awi;DMP;
aua;108635;aua;8226;awi;DMP;
aua;108636;aua;8226;awi;DMP;
aua;108637;aua;8226;awi;DMP;
aua;108638;aua;8226;awi;DMP;
aua;108639;aua;8226;awi;DMP;
aua;108640;aua;8226;awi;DMP;
aua;108641;aua;8226;awi;DMP;
aua;108642;aua;8226;awi;DMP;
aua;108643;aua;8226;awi;DMP;
aua;108644;aua;8226;awi;DMP;
aua;108645;aua;8226;awi;DMP;
aua;108646;aua;8226;awi;DMP;
aua;108647;aua;8226;awi;DMP;
aua;108648;aua;8226;awi;DMP;
aua;108649;aua;8226;awi;DMP;
aua;108650;aua;8226;awi;DMP;
aua;108651;aua;8226;awi;DMP;
aua;108652;aua;8226;awi;DMP;
aua;108653;aua;8226;awi;DMP;
aua;108654;aua;8226;awi;DMP;
aua;108655;aua;8226;awi;DMP;
aua;108656;aua;8226;awi;DMP;
aua;108657;aua;8226;awi;DMP;
aua;108658;aua;8226;awi;DMP;
aua;108659;aua;8226;awi;DMP;
aua;108660;aua;8226;awi;DMP;
aua;108661;aua;8226;awi;DMP;
aua;108662;aua;8226;awi;DMP;
aua;108663;aua;8226;awi;DMP;
aua;108664;aua;8226;awi;DMP;
aua;108665;aua;8226;awi;DMP;
aua;108666;aua;8226;awi;DMP;
aua;108667;aua;8226;awi;DMP;
aua;108668;aua;8226;awi;DMP;
aua;108669;aua;8226;awi;DMP;
aua;108670;aua;8226;awi;DMP;
aua;108671;aua;8226;awi;DMP;
aua;108672;aua;8226;awi;DMP;
aua;108673;aua;8226;awi;DMP;
aua;108674;aua;8226;awi;DMP;
aua;108675;aua;8226;awi;DMP;
aua;108676;aua;8226;awi;DMP;
aua;118410;aua;8226;awi;DMP;
aua;119061;aua;8226;awi;DMP;
aua;121366;aua;8226;awi;DMP;
aua;122814;aua;8226;awi;DMP;
aua;123529;aua;8226;awi;DMP;
aua;124176;aua;8226;awi;DMP;
aua;125816;aua;8226;awi;DMP;
aua;126170;aua;8226;awi;DMP;
aua;126307;aua;8226;awi;DMP;
aua;126522;aua;8226;awi;DMP;
aua;127294;aua;8226;awi;DMP;
aua;129967;aua;8226;awi;DMP;
aua;130321;aua;8226;awi;DMP;
aua;130809;aua;8226;awi;DMP;
aua;131639;aua;8226;awi;DMP;
aua;423827;aua;8226;awi;DMP;
auagisa;77432;Auagisa;12989;ab~gīs;NeG;
auagisa;473829;auagisa;23994;awi~gīs;DMP;x                 
aualeo;1204;aualeo;7137;ab-l;NeG;
aualeo;380193;aualeo;22988;valeius;DMP;x
aualonia;79188;Aualonia;11530;ab-l-n;NeG;
aualonia;125913;aualonia;17454;apollōnia;DMP;x                 
audac;468757;audac;17235;audācer;DMP;x
audac;76233;Audac;9065;audācius;NeG;
auderissius;470804;auderissius;6838;aud~rīk;DMP;
auderissius;470805;auderissius;6838;aud~rīk;DMP;
auderissius;470807;auderissius;6838;aud~rīk;DMP;x
auderissius;104600;Auderissius;15332;auderisius;NeG;
audimia;71422;Audimia;11594;audemia;NeG;x
audimia;217833;audimia;15870;euthȳmia;DMP;
audimia;389240;audimia;15870;euthȳmia;DMP;
audimia;390073;audimia;15870;euthȳmia;DMP;
audimia;391632;audimia;15870;euthȳmia;DMP;
audina;73031;Audina;6468;aud-n;NeG;
audina;75270;Audina;6468;aud-n;NeG;x
audina;132090;audina;6984;aud~wini;DMP;
audina;472157;audina;6984;aud~wini;DMP;
audina;472158;audina;6984;aud~wini;DMP;
audina;472159;audina;6984;aud~wini;DMP;
audionus;472884;audionus;6468;aud-n;DMP;x
audionus;61001;Audionus;6984;aud~wini;NeG;
auida;432321;auida;22119;ah~wīd;DMP;
auida;73650;Auida;13256;avīta;NeG;x
auildis;75801;Auildis;12848;ab~hildi;NeG;x
auildis;141883;auildis;9791;aud~hildi;DMP;
auscella;220828;auscella;23021;aus-z-l;DMP;
auscella;75917;Auscella;12859;ōscilla;NeG;x                 
autgudis;469548;autgudis;6810;aud~gaut;DMP;
autgudis;469549;autgudis;6810;aud~gaut;DMP;
autgudis;75123;Autgudis;6960;aud~gunth;NeG;
autgudis;78618;Autgudis;6960;aud~gunth;NeG;x
authareni;374491;authareni;6447;aud~hraban;DMP;
authareni;28530;Authareni;9168;audar~wini;NeG;x
auua;62597;Auua;7409;ab;NeG;
auua;473810;auua;8226;awi;DMP;x
azerlia;78615;Azerlia;13082;acerlia;NeG;x
azerlia;222959;azerlia;9944;athar-l;DMP;
aþulf;123734;aþulf;14258;aiw~wulf;DMP;
aþulf;400443;aÞulf;8542;ath~wulf;DMP;x
ægelþinus;416436;ægelþinus;10148;agil~ward;DMP;
ægelþinus;416437;ægelþinus;7149;agil~wini;DMP;x
æþelgyfu;416138;æÞelgyfu;6573;athal~gair;DMP;
æþelgyfu;122375;æÞelgyfu;17773;athal~geb;DMP;x
æþelgyfu;416193;æÞelgyfu;17773;athal~geb;DMP;
æþelgyfu;416194;æÞelgyfu;17773;athal~geb;DMP;
æþelgyfu;416263;æÞelgyfu;17773;athal~geb;DMP;
æþelgyfu;416264;æÞelgyfu;17773;athal~geb;DMP;
babdfridus;311314;babdfridus;10186;bad~frith;DMP;
babdfridus;60260;Babdfridus;6398;balth~frith;NeG;x
balsimia;405969;balsimia;22021;balsima;DMP;
balsimia;66338;Balsimia;11351;balsīmia;NeG;x
balsma;68396;Balsma;13064;bal-sm;NeG;
balsma;216079;balsma;22021;balsima;DMP;x
barnardus;99630;Barnardus;7478;barn~hard;NeG;
barnardus;99636;Barnardus;7478;barn~hard;NeG;
barnardus;99648;Barnardus;7478;barn~hard;NeG;
barnardus;99649;Barnardus;7478;barn~hard;NeG;
barnardus;99685;Barnardus;7478;barn~hard;NeG;
barnardus;99688;Barnardus;7478;barn~hard;NeG;
barnardus;245992;barnardus;6889;berin~hard;DMP;x
barnardus;312846;barnardus;6889;berin~hard;DMP;
barucius;132797;barucius;17380;bar-z;DMP;
barucius;77320;Barucius;7476;bārūcius;NeG;x
bassacius;188101;bassacius;19436;bas-z;DMP;
bassacius;316281;bassacius;19436;bas-z;DMP;
bassacius;25631;Bassacius;8751;bassacius;NeG;x
bassianus;231836;bassianus;9559;bas-n;DMP;
bassianus;8672;Bassianus;8426;bassiānus;NeG;x
bassus;190023;bassus;9832;bas;DMP;
bassus;192167;bassus;9832;bas;DMP;
bassus;25070;Bassus;8667;bassus;NeG;x                 
bassus;25163;Bassus;8667;bassus;NeG;
bassus;25758;Bassus;8667;bassus;NeG;
bassus;25761;Bassus;8667;bassus;NeG;
beatar;311077;beatar;7911;beāta;DMP;
beatar;311910;beatar;7911;beāta;DMP;
beatar;59652;beatar;15398;beud~hari;NeG;
beatar;63599;beatar;15398;beud~hari;NeG;x
begilonus;311271;begilonus;18157;bāg-l-n;DMP;x
begilonus;60588;begilonus;10680;bik-l-n;NeG;
behhilt;61379;behhilt;10005;bak~hildi;NeG;
behhilt;310294;behhilt;20473;berht~hild;DMP;x
beia;65387;Beia;9916;bāg;NeG;
beia;119913;beia;8216;boi;DMP;x
beio;42945;Beio;9916;bāg;NeG;
beio;121124;beio;8216;boi;DMP;x
beio;210174;beio;8216;boi;DMP;
beio;226397;beio;8216;boi;DMP;
beio;317039;beio;8216;boi;DMP;
beio;349148;beio;8216;boi;DMP;
beio;351026;beio;8216;boi;DMP;
beio;353916;beio;8216;boi;DMP;
beio;354521;beio;8216;boi;DMP;
belethildis;221787;belethildis;9607;balth~hildi;DMP;x
belethildis;77109;Belethildis;8053;bil~hildi;NeG;
bella;80957;Bella;13208;bella;NeG;x
bella;86789;Bella;13208;bella;NeG;
bella;86790;Bella;13208;bella;NeG;
bella;118233;bella;7720;bil;DMP;
benaia;87385;Benaia;7302;ben;NeG;
benaia;405299;benaia;21784;benaia;DMP;x
benegarius;70574;Benegarius;12134;ben~gair;NeG;
benegarius;71777;Benegarius;12134;ben~gair;NeG;
benegarius;216137;benegarius;6971;berin~gair;DMP;x
benegarius;216591;benegarius;6971;berin~gair;DMP;
benegaudus;71418;Benegaudus;12257;ben~gaut;NeG;
benegaudus;217756;benegaudus;12192;berin~gaut;DMP;x
benoildis;220134;benoildis;11627;bain~hildi;DMP;
benoildis;75078;Benoildis;12766;ben~hildi;NeG;x
berehario;309496;berehario;9519;ber~hari;DMP;x
berehario;405104;berehario;9519;ber~hari;DMP;
berehario;62750;Berehario;6459;berht~hari;NeG;
bereheri;309498;bereheri;9519;ber~hari;DMP;x
bereheri;309711;bereheri;9519;ber~hari;DMP;
bereheri;309761;bereheri;9519;ber~hari;DMP;
bereheri;62141;bereheri;6459;berht~hari;NeG;
bereheri;62271;Bereheri;6459;berht~hari;NeG;
bereheri;62443;Bereheri;6459;berht~hari;NeG;
berloindis;217868;berloindis;11142;ber~linth;DMP;x
berloindis;71517;Berloindis;12270;beril~wind;NeG;
bertara;68771;Bertara;6459;berht~hari;NeG;x
bertara;75315;Bertara;6459;berht~hari;NeG;
bertara;75559;Bertara;6459;berht~hari;NeG;
bertara;216235;bertara;6459;berht~hari;DMP;
bertara;216339;bertara;6459;berht~hari;DMP;
bertara;220362;bertara;6459;berht~hari;DMP;
bertara;220577;bertara;6459;berht~hari;DMP;
bertara;68677;Bertara;9784;berht~wār;NeG;
berthundis;75606;Berthundis;12819;berht~gunt;NeG;
berthundis;75515;Berthundis;9201;berht~gunth;NeG;x
berthundis;220472;berthundis;9201;berht~gunth;DMP;
berthundis;220527;berthundis;9201;berht~gunth;DMP;
berthundis;220578;berthundis;9201;berht~gunth;DMP;
bertinianus;131395;bertinianus;9614;berht-n;DMP;
bertinianus;220146;bertinianus;9614;berht-n;DMP;
bertinianus;75037;Bertinianus;12762;bertīniānus;NeG;x
bertinianus;75578;Bertinianus;12762;bertīniānus;NeG;
bertleis;216847;bertleis;10927;berht~laik;DMP;
bertleis;70987;Bertleis;12203;berht~lais;NeG;x
betuni;59872;Betuni;15378;bed-n;NeG;
betuni;311853;betuni;18472;bed~wini;DMP;x
biada;74125;Biada;7911;beāta;NeG;x
biada;219439;biada;18882;beud;DMP;
bibianus;188411;bibianus;6384;bib-n;DMP;
bibianus;191485;bibianus;6384;bib-n;DMP;
bibianus;232950;bibianus;6384;bib-n;DMP;
bibianus;87552;Bibianus;13468;bibiānus;NeG;x
blidina;73173;Blidina;12515;blīth-n;NeG;x
blidina;218767;blidina;18621;blīth~wini;DMP;
blitcarius;221889;blitcarius;7010;blīth~gair;DMP;x
blitcarius;77272;Blitcarius;6650;blīth~hari;NeG;
bobbonem;94885;Bobbonem;6469;bōb;NeG;
bobbonem;181315;bobbonem;16533;bobb;DMP;x
bonardus;232514;bonardus;20719;bon~hard;DMP;x
bonardus;244591;bonardus;20719;bon~hard;DMP;
bonardus;264603;bonardus;20719;bon~hard;DMP;
bonardus;269045;bonardus;20719;bon~hard;DMP;
bonardus;281062;bonardus;20719;bon~hard;DMP;
bonardus;74079;Bonardus;12623;bon~ward;NeG;
boranolt;62034;Boranolt;10792;boran~wald;NeG;x
boranolt;309216;boranolt;10792;boran~wald;DMP;
boranolt;309875;boranolt;10792;boran~wald;DMP;
boranolt;62925;Boranolt;10765;boran~wulf;NeG;
bossold;310244;bossold;23638;baus~wald;DMP;
bossold;61568;Bossold;10762;bōt~wald;NeG;x
brining;309360;brining;20766;berin-ng;DMP;x
brining;62738;Brining;10833;bern-ng;NeG;
brioria;78442;Brioria;15510;priora;NeG;
brioria;123035;brioria;17258;prioria;DMP;x
buggan;100828;Buggan;14168;bug;NeG;
buggan;105312;Buggan;15442;bug-n;NeG;x
butzelino;311036;butzelino;24419;bod-z-l-n;DMP;
butzelino;311367;butzelino;24419;bod-z-l-n;DMP;
butzelino;60278;Butzelino;10626;bōt-l-n;NeG;x
butzelino;60632;Butzelino;10626;bōt-l-n;NeG;
caladulfus;68341;Caladulfus;6409;halith~wulf;NeG;
caladulfus;215977;caladulfus;25962;kathal~wulf;DMP;x
callo;127002;callo;16808;gal;DMP;
callo;6575;callo;8181;gallo;NeG;x
campo;101363;Campo;7814;campo;NeG;x
campo;122018;campo;17812;kampi;DMP;
campo;189730;campo;17812;kampi;DMP;
campo;406582;campo;17812;kampi;DMP;
camponi;102440;Camponi;7814;campo;NeG;x
camponi;316655;camponi;17812;kampi;DMP;
caratuuino;311802;caratuuino;20027;gard~wini;DMP;x
caratuuino;59865;Caratuuino;7116;hard~wini;NeG;
cardeberto;310640;cardeberto;23968;gard~berht;DMP;x
cardeberto;61161;Cardeberto;6647;hard~berht;NeG;
cardoino;311704;cardoino;20027;gard~wini;DMP;x
cardoino;312005;cardoino;20027;gard~wini;DMP;
cardoino;312006;cardoino;20027;gard~wini;DMP;
cardoino;59508;Cardoino;7116;hard~wini;NeG;
cardoino;59733;Cardoino;7116;hard~wini;NeG;
cardoino;62237;Cardoino;7116;hard~wini;NeG;
cardolfo;312007;cardolfo;9822;gard~wulf;DMP;x
cardolfo;59515;Cardolfo;10590;hard~wulf;NeG;
carrigo;311901;carrigo;13606;garw~rīk;DMP;x
carrigo;59868;Carrigo;6868;hari~rīk;NeG;
caruino;311065;caruino;16526;garw~wini;DMP;x
caruino;61664;Caruino;6818;hari~wini;NeG;
casilo;38197;Casilo;9961;casilus;NeG;x
casilo;205729;casilo;9068;gaut-l;DMP;
catichoni;41608;Catichoni;8480;aud-k;NeG;
catichoni;207380;catichoni;11564;gad-k;DMP;x
cearolf;309122;cearolf;7563;gair~wulf;DMP;x
cearolf;63003;Cearolf;10584;tēr~wulf;NeG;
cearolfo;307893;cearolfo;7563;gair~wulf;DMP;x
cearolfo;64555;Cearolfo;10584;tēr~wulf;NeG;
cearolfus;309604;cearolfus;7563;gair~wulf;DMP;x
cearolfus;62504;Cearolfus;10584;tēr~wulf;NeG;
cello;108897;cello;16756;cello;DMP;x
cello;108898;cello;16756;cello;DMP;
cello;108899;cello;16756;cello;DMP;
cello;108900;cello;16756;cello;DMP;
cello;108901;cello;16756;cello;DMP;
cello;145217;cello;16756;cello;DMP;
cello;7544;cello;7718;til;NeG;
cello;7560;cello;7718;til;NeG;
cellone;311097;cellone;16756;cello;DMP;x
cellone;60852;Cellone;7718;til;NeG;
cellulo;105805;Cellulo;15474;cellulus;NeG;x
cellulo;29758;Cellulo;9157;til-l;NeG;
celsinia;74424;Celsinia;12681;celsīnia;NeG;x
celsinia;220352;celsinia;6610;hildi~wini;DMP;
celsoildis;219959;celsoildis;20859;hildi~hildi;DMP;x
celsoildis;74810;Celsoildis;12367;hildi~wilth;NeG;
ceslinus;74300;Ceslinus;12664;celsīnus;NeG;x
ceslinus;74385;Ceslinus;12664;celsīnus;NeG;
ceslinus;131008;ceslinus;7359;gīsal;DMP;
ceslinus;219588;ceslinus;7359;gīsal;DMP;
chachihoni;311520;chachihoni;25336;gag-k;DMP;x
chachihoni;60245;Chachihoni;8129;hāh-k;NeG;
chadoberto;64340;Chadoberto;6997;hath~berht;NeG;
chadoberto;307944;chadoberto;18557;kath~berht;DMP;x
charciano;60099;Charciano;15461;carciāno;NeG;x
charciano;311618;charciano;19089;gard-z-n;DMP;
cheri[...];138569;cheri[...];15915;gair~[???];DMP;
cheri[...];8281;cheri[...];8391;hari~???;NeG;x
chnotgeri;311273;chnotgeri;20002;hnōth~wulf;DMP;
chnotgeri;60610;Chnotgeri;10681;hnud~gair;NeG;x
chorccur;309851;chorccur;25384;corcur;DMP;x
chorccur;60009;Chorccur;7413;kankor;NeG;
chraduinus;60016;Chraduinus;10646;hrath~wini;NeG;x
chraduinus;311516;chraduinus;6646;rād~wini;DMP;
chrosculfus;311659;chrosculfus;8012;hrōk~wulf;DMP;
chrosculfus;59902;Chrosculfus;8398;hursk~wulf;NeG;x
chudo;122472;chudo;6623;god;DMP;
chudo;61163;Chudo;8130;hud;NeG;x
chuno;125201;chůno;7317;kōn;DMP;x
chuno;307216;chůno;7317;kōn;DMP;
chuno;307217;chůno;7317;kōn;DMP;
chuno;308114;chuno;7539;kuni;DMP;
chuno;324961;chuno;7539;kuni;DMP;
chuno;369500;chuno;7539;kuni;DMP;
chuno;372619;chuno;7539;kuni;DMP;
chuno;389078;chuno;7539;kuni;DMP;
chuno;391490;chuno;7539;kuni;DMP;
chuno;413904;chuno;7539;kuni;DMP;
chuno;64072;Chuno;7539;kuni;NeG;
chuno;122726;chuno;7539;kuni;DMP;
chuno;124447;chuno;7539;kuni;DMP;
chuno;212476;chuno;7539;kuni;DMP;
chunolfo;310849;chunolfo;19131;kōn~wulf;DMP;x
chunolfo;310890;chunolfo;19131;kōn~wulf;DMP;
chunolfo;311379;chunolfo;19131;kōn~wulf;DMP;
chunolfo;311475;chunolfo;19131;kōn~wulf;DMP;
chunolfo;60149;Chunolfo;9129;kuni~wulf;NeG;
cirico;5997;Cirico;15450;cȳrīcus;NeG;x
cirico;319456;cirico;24778;tēr-k;DMP;
claudus;354402;claudus;7870;claudius;DMP;
claudus;97624;Claudus;13796;claudus;NeG;x                 
clementus;73642;Clementus;6611;clēmēns;NeG;
clementus;219113;clementus;20036;clēmēntus;DMP;x
clodoueus;34893;Clodoueus;7182;hlud~wīg;NeG;
clodoueus;34927;Clodoueus;7182;hlud~wīg;NeG;
clodoueus;98046;Clodoueus;7182;hlud~wīg;NeG;
clodoueus;193191;clodoueus;6787;hlud~wīh;DMP;x
clodoueus;315905;clodoueus;6787;hlud~wīh;DMP;
cocictum;74504;Cocictum;16369;cocictus;NeG;x
cocictum;219732;cocictum;20205;gaut~[???];DMP;
cocmanno;310822;cocmanno;17689;gaut~man;DMP;
cocmanno;61023;Cocmanno;10702;hug~man;NeG;x
colaichone;61147;Colaichone;10715;gulth-k;NeG;
colaichone;310643;colaichone;19396;kol-k;DMP;x
congaudia;75000;Congaudia;12756;gunth~gaut;NeG;
congaudia;220152;congaudia;24084;kōn~gaut;DMP;x
constantiani;169382;constantiani;7395;cōnstantia;DMP;
constantiani;4297;Constantiani;7677;cōnstantiānus;NeG;x
constantioni;158300;constantioni;17588;cōnstantio;DMP;
constantioni;159905;constantioni;17588;cōnstantio;DMP;
constantioni;168663;constantioni;17588;cōnstantio;DMP;
constantioni;311044;constantioni;17588;cōnstantio;DMP;
constantioni;334670;constantioni;17588;cōnstantio;DMP;x
constantioni;60837;constantioni;7384;cōnstantius;NeG;
corbolenus;380207;corbolenus;21707;corbolinus;DMP;
corbolenus;1106;corbolenus;7082;corvolīnus;NeG;
corbolenus;68078;Corbolenus;7082;corvolīnus;NeG;
corbolenus;83451;Corbolenus;7082;corvolīnus;NeG;
corbolenus;83452;Corbolenus;7082;corvolīnus;NeG;x
cozo;124059;cozo;7368;gaut;DMP;
cozo;146698;cozo;7368;gaut;DMP;
cozo;325030;cozo;7368;gaut;DMP;
cozo;478257;cozo;7368;gaut;DMP;
cozo;478260;cozo;7368;gaut;DMP;
cozo;493729;cozo;7368;gaut;DMP;x
cozo;490931;cŏzo;18768;god-z;DMP;
crapucha;41440;Crapucha;16347;crāpuca;NeG;x
crapucha;209495;crapucha;23373;grāw-k;DMP;
crapucha;209496;crapucha;23373;grāw-k;DMP;
crapuchae;41447;Crapuchae;16347;crāpuca;NeG;x
crapuchae;41449;Crapuchae;16347;crāpuca;NeG;
crapuchae;209497;crapuchae;23373;grāw-k;DMP;
crapuchae;209498;crapuchae;23373;grāw-k;DMP;
crisanum;221628;crisanum;24338;chrīsanus;DMP;x
crisanum;76952;Crisanum;12933;crisanus;NeG;
crispedeus;75079;Crispedeus;15472;crīsp~thew;NeG;
crispedeus;220149;crispedeus;21796;krisp~thew;DMP;x
cristofilus;218601;cristofilus;18357;chrīstofilius;DMP;
cristofilus;72970;Cristofilus;11763;chrīstophorus;NeG;x
crosmuat;62720;Crosmuat;10832;graut~mōd;NeG;
crosmuat;309395;crosmuat;10338;hrōth~mōd;DMP;x
cuno;307211;cůno;7317;kōn;DMP;x
cuno;307212;cůno;7317;kōn;DMP;
cuno;307213;cůno;7317;kōn;DMP;
cuno;307214;cůno;7317;kōn;DMP;
cuno;307215;cůno;7317;kōn;DMP;
cuno;388986;cůno;7317;kōn;DMP;
cuno;391855;cůno;7317;kōn;DMP;
cuno;490769;cůno;7317;kōn;DMP;
cuno;3639;Cuno;7539;kuni;NeG;
cuno;128465;cuno;7539;kuni;DMP;
cuno;212684;cuno;7539;kuni;DMP;
cuno;212743;cuno;7539;kuni;DMP;
cuno;240068;cuno;7539;kuni;DMP;
cuno;251469;cuno;7539;kuni;DMP;
cuno;307258;cuno;7539;kuni;DMP;
cuno;336247;cuno;7539;kuni;DMP;
cuno;370268;cuno;7539;kuni;DMP;
cuno;373570;cuno;7539;kuni;DMP;
curicus;311221;curicus;24308;curicus;DMP;
curicus;61685;Curicus;15450;cȳrīcus;NeG;x
cuteo;42966;Cuteo;6623;god;NeG;x
cuteo;209439;cuteo;8656;gunth;DMP;
dacco;317765;dacco;8564;dag;DMP;x
dacco;90485;Dacco;13583;thak;NeG;
dadalcarius;218908;dadalcarius;26021;theudal~gair;DMP;x
dadalcarius;73296;Dadalcarius;16396;theudal~hari;NeG;
daitla;78838;Daitla;15478;dail;NeG;
daitla;127681;daitla;7947;theud-l;DMP;x
dalbertus;458800;dalbertus;6540;athal~berht;DMP;x
dalbertus;68370;Dalbertus;11747;dal~berht;NeG;
dalmati;85804;Dalmati;13356;dalmatius;NeG;
dalmati;85807;Dalmati;13356;dalmatius;NeG;
dalmati;85982;Dalmati;13356;dalmatius;NeG;
dalmati;230817;dalmati;14173;dalmatus;DMP;x
dedila;121662;dedila;11524;thed-l;DMP;x
dedila;76325;Dedila;12873;thid-l;NeG;
dedoardus;218112;dedoardus;6542;theud~hard;DMP;
dedoardus;72315;Dedoardus;11217;theud~ward;NeG;x
deodenado;136694;deodenado;6839;deōdatus;DMP;x
deodenado;579;deodenado;16480;theudan~hath;NeG;
deonatus;73682;Deonatus;15909;deōnātus;NeG;x
deonatus;219148;deonatus;23851;theud~nāth;DMP;
deothad;6737;deothad;6839;deōdatus;NeG;x
deothad;109425;deothad;7971;theud~hath;DMP;
deothad;109426;deothad;7971;theud~hath;DMP;
deothad;411375;deothad;7971;theud~hath;DMP;
deothad;485369;deothad;7971;theud~hath;DMP;
deotimia;222361;deotimia;16212;diadēma;DMP;
deotimia;223473;deotimia;16212;diadēma;DMP;x
deotimia;77856;Deotimia;13023;diotima;NeG;
deotimia;79142;Deotimia;13023;diotima;NeG;
deotimius;75619;Deotimius;12827;diotimius;NeG;x
deotimius;220663;deotimius;11982;theud-m;DMP;
deroldus;223450;deroldus;11686;dari~wald;DMP;
deroldus;79192;Deroldus;9772;deur~wald;NeG;x
dhutharius;125898;dhutharius;7967;duht~hari;DMP;
dhutharius;106085;Dhutharius;6606;theud~hari;NeG;x
dodalagia;221582;dodalagia;19413;dōd~laik;DMP;
dodalagia;76829;Dodalagia;12921;theudal~laik;NeG;x
dodelindis;221362;dodelindis;20013;dōd~linth;DMP;
dodelindis;76617;Dodelindis;7494;theud~linth;NeG;x
dodeuertus;218270;dodeuertus;12347;dōd~berht;DMP;
dodeuertus;219442;dodeuertus;12347;dōd~berht;DMP;
dodeuertus;72358;Dodeuertus;6397;theud~berht;NeG;
dodeuertus;74083;Dodeuertus;6397;theud~berht;NeG;x
domegardus;220480;domegardus;21254;dōm~gard;DMP;x
domegardus;75458;Domegardus;11291;domin~gard;NeG;
dominio;147498;dominio;18931;dominico;DMP;
dominio;149077;dominio;18931;dominico;DMP;
dominio;149441;dominio;18931;dominico;DMP;x
dominio;37673;Dominio;8555;dominicus;NeG;
domnellus;188414;domnellus;19247;dominellus;DMP;x
domnellus;189011;domnellus;19247;dominellus;DMP;
domnellus;189844;domnellus;19247;dominellus;DMP;
domnellus;189934;domnellus;19247;dominellus;DMP;
domnellus;190653;domnellus;19247;dominellus;DMP;
domnellus;191977;domnellus;19247;dominellus;DMP;
domnellus;192081;domnellus;19247;dominellus;DMP;
domnellus;316428;domnellus;19247;dominellus;DMP;
domnellus;316562;domnellus;19247;dominellus;DMP;
domnellus;100091;Domnellus;8627;domnulus;NeG;
donefredus;71193;Donefredus;12226;domin~frith;NeG;
donefredus;71361;Donefredus;12226;domin~frith;NeG;
donefredus;71380;Donefredus;12226;domin~frith;NeG;
donefredus;217596;donefredus;6594;dun~frith;DMP;x
donefredus;217762;donefredus;6594;dun~frith;DMP;
donefredus;217763;donefredus;6594;dun~frith;DMP;
doniciano;60160;Doniciano;7571;domitiānus;NeG;x
doniciano;310782;doniciano;18579;dun-z-n;DMP;
doniciano;310847;doniciano;18579;dun-z-n;DMP;
doniciano;311376;doniciano;18579;dun-z-n;DMP;
doniciano;311419;doniciano;18579;dun-z-n;DMP;
dottene;309001;dottene;6490;dōd;DMP;
dottene;309037;dottene;6490;dōd;DMP;
dottene;59434;Dottene;7147;dōd-n;NeG;x
droardus;176346;droardus;19744;thraw~hard;DMP;
droardus;218368;droardus;19744;thraw~hard;DMP;
droardus;244283;droardus;19744;thraw~hard;DMP;
droardus;262295;droardus;19744;thraw~hard;DMP;
droardus;268906;droardus;19744;thraw~hard;DMP;
droardus;268907;droardus;19744;thraw~hard;DMP;
droardus;72709;Droardus;12439;thraw~ward;NeG;x
droctara;217595;droctara;21904;druht~hari;DMP;
droctara;218654;droctara;21904;druht~hari;DMP;
droctara;71205;Droctara;12227;druht~wār;NeG;x
droctara;73066;Droctara;12227;druht~wār;NeG;
droihildis;222964;droihildis;23863;draug~hildi;DMP;
droihildis;78562;Droihildis;13073;thraw~hildi;NeG;x
drotla;75426;Drotla;8530;druht-l;NeG;x
drotla;133442;drotla;15951;thruth-l;DMP;
druhilo;122300;druhilo;8530;druht-l;DMP;x
druhilo;106070;Druhilo;15951;thruth-l;NeG;
dugiman;310341;dugiman;24956;dug-man;DMP;
dugiman;61385;dugiman;8395;dug~man;NeG;x
eanbercht;87810;Eanbercht;13493;aun~balth;NeG;
eanbercht;142049;eanbercht;15162;aun~berht;DMP;x
eanbercht;142050;eanbercht;15162;aun~berht;DMP;
eanbercht;473183;eanbercht;15162;aun~berht;DMP;
eanbercht;473184;eanbercht;15162;aun~berht;DMP;
earihco;432857;earihco;7057;aiw~rīk;DMP;x
earihco;5184;Earihco;6838;aud~rīk;NeG;
ebarcius;412420;ebarcius;19854;ebur-z;DMP;
ebarcius;37755;Ebarcius;9527;eparchius;NeG;x
eborinti;311664;eborinti;12498;ebur-nd;DMP;x
eborinti;59913;Eborinti;7292;ebur~wini;NeG;
ebracharus;7110;ebracharus;8240;ebur~hari;NeG;
ebracharus;320229;ebracharus;8369;ebur~wakar;DMP;x
ebracharus;380795;ebracharus;8369;ebur~wakar;DMP;
ebrinus;109571;ebrinus;10345;ebur-n;DMP;
ebrinus;109572;ebrinus;10345;ebur-n;DMP;
ebrinus;380741;ebrinus;10345;ebur-n;DMP;
ebrinus;70868;Ebrinus;7292;ebur~wini;NeG;x
ebtardus;220784;ebtardus;18915;eb~hard;DMP;x
ebtardus;75847;Ebtardus;16402;hab~ward;NeG;
edenelt;69349;Edenelt;11916;athan~hildi;NeG;x
edenelt;464279;edenelt;21097;athan~wald;DMP;
edenelt;464280;edenelt;21097;athan~wald;DMP;
edimius;76983;Edimius;12938;ath-m;NeG;
edimius;221685;edimius;25259;ed-m;DMP;x
ediram;40799;Ediram;10300;ath~hraban;NeG;
ediram;184396;ediram;18065;ed~hraban;DMP;x
ediram;185691;ediram;18065;ed~hraban;DMP;
ediram;185692;ediram;18065;ed~hraban;DMP;
ediram;198439;ediram;18065;ed~hraban;DMP;
ediram;208445;ediram;18065;ed~hraban;DMP;
ediram;209711;ediram;18065;ed~hraban;DMP;
ediram;210282;ediram;18065;ed~hraban;DMP;
ediram;411365;ediram;18065;ed~hraban;DMP;
ediram;411678;ediram;18065;ed~hraban;DMP;
ediram;486811;ediram;18065;ed~hraban;DMP;
edoildis;75084;Edoildis;12769;ath~hildi;NeG;
edoildis;220150;edoildis;18335;ed~hildi;DMP;x
edram;40580;Edram;10300;ath~hraban;NeG;
edram;198440;edram;18065;ed~hraban;DMP;x
edram;416929;edram;18065;ed~hraban;DMP;
edus;432952;edus;22264;aiw~thew;DMP;
edus;70533;Edus;7208;ed;NeG;x
eibun;42068;Eibun;10472;agi~bun;NeG;
eibun;208654;eibun;9220;aiw~wini;DMP;x
eiiates;208817;eiiates;16630;agi~hath;DMP;x
eiiates;40847;Eiiates;10334;aig-d;NeG;
eimperahtes;40178;Eimperahtes;6686;erm~berht;NeG;
eimperahtes;207918;eimperahtes;7993;haim~berht;DMP;x
elachus;60603;Elachus;9226;alh;NeG;x
elachus;432704;elachus;8520;ali-k;DMP;
elarius;118715;elarius;17506;ali~hari;DMP;
elarius;440832;elarius;17506;ali~hari;DMP;
elarius;65940;Elarius;7878;hilarius;NeG;x
elarius;73627;Elarius;7878;hilarius;NeG;
elarius;74213;Elarius;7878;hilarius;NeG;
elarius;90724;Elarius;7878;hilarius;NeG;
elauia;78483;Elauia;12199;alafia;NeG;x
elauia;125684;elauia;8307;alb;DMP;
eldebert;99808;Eldebert;6609;ald~berht;NeG;
eldebert;147812;eldebert;6402;hildi~berht;DMP;x
eldebert;147816;eldebert;6402;hildi~berht;DMP;
eldebert;160538;eldebert;6402;hildi~berht;DMP;
eldebert;163516;eldebert;6402;hildi~berht;DMP;
eldiengus;71348;Eldiengus;6855;hildi-ng;NeG;x
eldiengus;217748;eldiengus;7234;hildi~gang;DMP;
elegardus;74921;Elegardus;12746;alh~hard;NeG;
elegardus;440769;elegardus;11494;ali~gard;DMP;x
elianta;132485;elianta;16836;ali-(part.);DMP;
elianta;69022;Elianta;11850;alian-d;NeG;x
elianus;76418;Elianus;7625;aeliānus;NeG;
elianus;441238;elianus;16607;alian;DMP;x
eliardis;67064;Eliardis;11494;ali~gard;NeG;x
eliardis;70073;Eliardis;11494;ali~gard;NeG;
eliardis;347355;eliardis;11021;ali~hard;DMP;
eliardis;358839;eliardis;11021;ali~hard;DMP;
elifia;70957;Elifia;12199;alafia;NeG;x
elifia;130758;elifia;8307;alb;DMP;
eligeldis;75806;Eligeldis;10352;alh~hildi;NeG;x
eligeldis;220797;eligeldis;7661;ali~geld;DMP;
eligildis;76115;Eligildis;10352;alh~hildi;NeG;x
eligildis;76459;Eligildis;10352;alh~hildi;NeG;
eligildis;220952;eligildis;7661;ali~geld;DMP;
eligildis;221278;eligildis;7661;ali~geld;DMP;
elimuot;41557;Elimuot;10409;ali~mōd;NeG;x
elimuot;209586;elimuot;20774;hail~mōd;DMP;
elisabiris;441256;elisabiris;21290;alis~ber;DMP;
elisabiris;71818;Elisabiris;10086;elīsabeth;NeG;x
elisachar;109691;elisachar;16689;ēlīsachar;DMP;x
elisachar;109692;elisachar;16689;ēlīsachar;DMP;
elisachar;109693;elisachar;16689;ēlīsachar;DMP;
elisachar;109694;elisachar;16689;ēlīsachar;DMP;
elisachar;77222;Elisachar;12965;Helisachar;NeG;
elisachar;77410;Elisachar;12965;Helisachar;NeG;
elisam;127950;elisam;7756;alis;DMP;
elisam;68780;Elisam;11128;eleison;NeG;x
elisauia;441300;elisauia;12003;alis~wīh;DMP;
elisauia;72069;Elisauia;10086;elīsabeth;NeG;x
elismus;72230;Elismus;12366;ali-sm;NeG;
elismus;77094;Elismus;12366;ali-sm;NeG;
elismus;124296;elismus;11253;alis-m;DMP;x
elismus;441312;elismus;11253;alis-m;DMP;
elisom;109695;elisom;11253;alis-m;DMP;
elisom;109696;elisom;11253;alis-m;DMP;
elisom;441356;elisom;11253;alis-m;DMP;
elisom;68732;Elisom;11128;eleison;NeG;x
elisom;70814;Elisom;11128;eleison;NeG;
elisoria;73600;Elisoria;12568;ali~swār;NeG;
elisoria;441290;elisoria;12344;alis~hari;DMP;x
emiliane;444020;emiliane;18025;aemiliāna;DMP;x
emiliane;105249;Emiliane;8797;aemiliānus;NeG;
emiliane;105251;Emiliane;8797;aemiliānus;NeG;
emina;109861;emina;7988;am-n;DMP;
emina;109862;emina;7988;am-n;DMP;
emina;109863;emina;7988;am-n;DMP;
emina;109864;emina;7988;am-n;DMP;
emina;109865;emina;7988;am-n;DMP;
emina;109866;emina;7988;am-n;DMP;
emina;109867;emina;7988;am-n;DMP;
emina;109868;emina;7988;am-n;DMP;
emina;109869;emina;7988;am-n;DMP;
emina;109870;emina;7988;am-n;DMP;
emina;109871;emina;7988;am-n;DMP;
emina;109872;emina;7988;am-n;DMP;
emina;124177;emina;7988;am-n;DMP;
emina;128840;emina;7988;am-n;DMP;
emina;403384;emina;7988;am-n;DMP;
emina;403978;emina;7988;am-n;DMP;
emina;407757;emina;7988;am-n;DMP;
emina;444050;emina;7988;am-n;DMP;
emina;444051;emina;7988;am-n;DMP;
emina;444052;emina;7988;am-n;DMP;
emina;444053;emina;7988;am-n;DMP;
emina;444054;emina;7988;am-n;DMP;
emina;444055;emina;7988;am-n;DMP;
emina;444056;emina;7988;am-n;DMP;
emina;73703;Emina;6564;erman;NeG;x
emita;40095;Emita;10203;am-d;NeG;
emita;66016;Emita;10203;am-d;NeG;
emita;432842;emita;12392;erm-d;DMP;x
emita;432843;emita;12392;erm-d;DMP;
encheo;40844;Encheo;8393;ang;NeG;
encheo;208818;encheo;19665;angi;DMP;x
engilmundo;60685;Engilmundo;7037;angil~mōd;NeG;
engilmundo;447124;engilmundo;18255;angil~mund;DMP;x
engilmundus;61687;Engilmundus;7037;angil~mōd;NeG;
engilmundus;61699;Engilmundus;7037;angil~mōd;NeG;
engilmundus;447125;engilmundus;18255;angil~mund;DMP;x
engilmundus;447126;engilmundus;18255;angil~mund;DMP;
eoban;432589;eoban;21808;aiw~ban;DMP;
eoban;432590;eoban;21808;aiw~ban;DMP;
eoban;87843;Eoban;13498;eoban;NeG;x
eoban;100862;Eoban;13498;eoban;NeG;
eoban;100995;Eoban;13498;eoban;NeG;
eoin;29552;Eoin;9368;aiw-n;NeG;x
eoin;28590;Eoin;9220;aiw~wini;NeG;
erbedildis;71655;Erbedildis;12298;arbi~hildi;NeG;x
erbedildis;73119;Erbedildis;12298;arbi~hildi;NeG;
erbedildis;73524;Erbedildis;12298;arbi~hildi;NeG;
erbedildis;73672;Erbedildis;12298;arbi~hildi;NeG;
erbedildis;217973;erbedildis;20654;erb~hildi;DMP;
erbedildis;218707;erbedildis;20654;erb~hildi;DMP;
erbedildis;219021;erbedildis;20654;erb~hildi;DMP;
erbedildis;219119;erbedildis;20654;erb~hildi;DMP;
erbedisdis;73836;Erbedisdis;12298;arbi~hildi;NeG;x
erbedisdis;219221;erbedisdis;20654;erb~hildi;DMP;
erbedonia;73676;Erbedonia;12576;arbi~dun;NeG;x
erbedonia;219120;erbedonia;25293;erb~dun;DMP;
erben;40397;Erben;7072;arbi;NeG;
erben;451552;erben;12314;arbi-n;DMP;x
erboardus;451498;erboardus;19852;arbi~hard;DMP;x
erboardus;451499;erboardus;19852;arbi~hard;DMP;
erboardus;71658;Erboardus;12300;arbi~ward;NeG;
erboardus;73835;Erboardus;12300;arbi~ward;NeG;
ercadramna;221746;ercadramna;20352;erk~hraban;DMP;
ercadramna;77055;Ercadramna;12949;erkan~hraban;NeG;x
eremberga;384845;eremberga;7425;erin~berg;DMP;x
eremberga;66153;Eremberga;11302;erm~berg;NeG;
eremberga;67097;Eremberga;11302;erm~berg;NeG;
eremberti;149927;eremberti;6508;erin~berht;DMP;x
eremberti;180615;eremberti;6508;erin~berht;DMP;
eremberti;180616;eremberti;6508;erin~berht;DMP;
eremberti;185018;eremberti;6508;erin~berht;DMP;
eremberti;311086;eremberti;6508;erin~berht;DMP;
eremberti;60615;eremberti;6686;erm~berht;NeG;
eremberti;82904;Eremberti;6686;erm~berht;NeG;
eremberti;82906;Eremberti;6686;erm~berht;NeG;
eremberti;82908;Eremberti;6686;erm~berht;NeG;
eremberti;82909;Eremberti;6686;erm~berht;NeG;
eremberti;82910;Eremberti;6686;erm~berht;NeG;
eremberti;82911;Eremberti;6686;erm~berht;NeG;
eremberto;309556;eremberto;6508;erin~berht;DMP;x
eremberto;312012;eremberto;6508;erin~berht;DMP;
eremberto;407842;eremberto;6508;erin~berht;DMP;
eremberto;35590;Eremberto;6686;erm~berht;NeG;
eremberto;59710;Eremberto;6686;erm~berht;NeG;
eremberto;62473;Eremberto;6686;erm~berht;NeG;
erembertum;149929;erembertum;6508;erin~berht;DMP;x
erembertum;82907;Erembertum;6686;erm~berht;NeG;
erembertus;62188;Erembertus;6508;erin~berht;NeG;x
erembertus;136624;erembertus;6508;erin~berht;DMP;
erembertus;149930;erembertus;6508;erin~berht;DMP;
erembertus;180617;erembertus;6508;erin~berht;DMP;
erembertus;184240;erembertus;6508;erin~berht;DMP;
erembertus;184341;erembertus;6508;erin~berht;DMP;
erembertus;184966;erembertus;6508;erin~berht;DMP;
erembertus;185064;erembertus;6508;erin~berht;DMP;
erembertus;186627;erembertus;6508;erin~berht;DMP;
erembertus;205961;erembertus;6508;erin~berht;DMP;
erembertus;264469;erembertus;6508;erin~berht;DMP;
erembertus;273449;erembertus;6508;erin~berht;DMP;
erembertus;274646;erembertus;6508;erin~berht;DMP;
erembertus;309558;erembertus;6508;erin~berht;DMP;
erembertus;309559;erembertus;6508;erin~berht;DMP;
erembertus;309560;erembertus;6508;erin~berht;DMP;
erembertus;309561;erembertus;6508;erin~berht;DMP;
erembertus;309609;erembertus;6508;erin~berht;DMP;
erembertus;309610;erembertus;6508;erin~berht;DMP;
erembertus;309611;erembertus;6508;erin~berht;DMP;
erembertus;309658;erembertus;6508;erin~berht;DMP;
erembertus;309659;erembertus;6508;erin~berht;DMP;
erembertus;309661;erembertus;6508;erin~berht;DMP;
erembertus;309662;erembertus;6508;erin~berht;DMP;
erembertus;309712;erembertus;6508;erin~berht;DMP;
erembertus;309713;erembertus;6508;erin~berht;DMP;
erembertus;309714;erembertus;6508;erin~berht;DMP;
erembertus;309715;erembertus;6508;erin~berht;DMP;
erembertus;309717;erembertus;6508;erin~berht;DMP;
erembertus;309718;erembertus;6508;erin~berht;DMP;
erembertus;309764;erembertus;6508;erin~berht;DMP;
erembertus;309765;erembertus;6508;erin~berht;DMP;
erembertus;309816;erembertus;6508;erin~berht;DMP;
erembertus;309817;erembertus;6508;erin~berht;DMP;
erembertus;309819;erembertus;6508;erin~berht;DMP;
erembertus;309821;erembertus;6508;erin~berht;DMP;
erembertus;310201;erembertus;6508;erin~berht;DMP;
erembertus;310783;erembertus;6508;erin~berht;DMP;
erembertus;311087;erembertus;6508;erin~berht;DMP;
erembertus;312402;erembertus;6508;erin~berht;DMP;
erembertus;335217;erembertus;6508;erin~berht;DMP;
erembertus;341716;erembertus;6508;erin~berht;DMP;
erembertus;343983;erembertus;6508;erin~berht;DMP;
erembertus;344030;erembertus;6508;erin~berht;DMP;
erembertus;346285;erembertus;6508;erin~berht;DMP;
erembertus;346717;erembertus;6508;erin~berht;DMP;
erembertus;375336;erembertus;6508;erin~berht;DMP;
erembertus;386384;erembertus;6508;erin~berht;DMP;
erembertus;404011;erembertus;6508;erin~berht;DMP;
erembertus;404310;erembertus;6508;erin~berht;DMP;
erembertus;407993;erembertus;6508;erin~berht;DMP;
erembertus;416945;erembertus;6508;erin~berht;DMP;
erembertus;488752;erembertus;6508;erin~berht;DMP;
erembertus;493;erembertus;6686;erm~berht;NeG;
erembertus;35587;Erembertus;6686;erm~berht;NeG;
erembertus;35591;Erembertus;6686;erm~berht;NeG;
erembertus;60621;Erembertus;6686;erm~berht;NeG;
erembertus;61021;Erembertus;6686;erm~berht;NeG;
erembertus;61621;Erembertus;6686;erm~berht;NeG;
erembertus;61970;Erembertus;6686;erm~berht;NeG;
erembertus;62083;Erembertus;6686;erm~berht;NeG;
erembertus;62113;Erembertus;6686;erm~berht;NeG;
erembertus;62146;Erembertus;6686;erm~berht;NeG;
erembertus;62169;Erembertus;6686;erm~berht;NeG;
erembertus;62177;Erembertus;6686;erm~berht;NeG;
erembertus;62249;Erembertus;6686;erm~berht;NeG;
erembertus;62261;Erembertus;6686;erm~berht;NeG;
erembertus;62266;Erembertus;6686;erm~berht;NeG;
erembertus;62277;Erembertus;6686;erm~berht;NeG;
erembertus;62289;Erembertus;6686;erm~berht;NeG;
erembertus;62296;Erembertus;6686;erm~berht;NeG;
erembertus;62304;Erembertus;6686;erm~berht;NeG;
erembertus;62312;Erembertus;6686;erm~berht;NeG;
erembertus;62328;Erembertus;6686;erm~berht;NeG;
erembertus;62393;Erembertus;6686;erm~berht;NeG;
erembertus;62465;Erembertus;6686;erm~berht;NeG;
erembertus;62478;Erembertus;6686;erm~berht;NeG;
erembertus;62488;Erembertus;6686;erm~berht;NeG;
erembertus;62508;Erembertus;6686;erm~berht;NeG;
erembertus;62523;Erembertus;6686;erm~berht;NeG;
erembertus;62810;Erembertus;6686;erm~berht;NeG;
erembertus;62821;Erembertus;6686;erm~berht;NeG;
erembertus;82905;Erembertus;6686;erm~berht;NeG;
erembertus;83526;Erembertus;6686;erm~berht;NeG;
erembertus;106057;Erembertus;6686;erm~berht;NeG;
erembertus;106058;Erembertus;6686;erm~berht;NeG;
eremfrid;137070;eremfrid;7172;erin~frith;DMP;x
eremfrid;137071;eremfrid;7172;erin~frith;DMP;
eremfrid;380500;eremfrid;7172;erin~frith;DMP;
eremfrid;381621;eremfrid;7172;erin~frith;DMP;
eremfrid;491654;eremfrid;7172;erin~frith;DMP;
eremfrid;69191;Eremfrid;9908;erm~frith;NeG;
erimbert;142607;erimbert;6508;erin~berht;DMP;x
erimbert;320601;erimbert;6508;erin~berht;DMP;
erimbert;337437;erimbert;6508;erin~berht;DMP;
erimbert;385402;erimbert;6508;erin~berht;DMP;
erimbert;385461;erimbert;6508;erin~berht;DMP;
erimbert;386643;erimbert;6508;erin~berht;DMP;
erimbert;386644;erimbert;6508;erin~berht;DMP;
erimbert;7550;Erimbert;6686;erm~berht;NeG;
erimbert;7566;erimbert;6686;erm~berht;NeG;
erimbertus;136246;erimbertus;6508;erin~berht;DMP;x
erimbertus;195301;erimbertus;6508;erin~berht;DMP;
erimbertus;226252;erimbertus;6508;erin~berht;DMP;
erimbertus;305646;erimbertus;6508;erin~berht;DMP;
erimbertus;311668;erimbertus;6508;erin~berht;DMP;
erimbertus;311669;erimbertus;6508;erin~berht;DMP;
erimbertus;311756;erimbertus;6508;erin~berht;DMP;
erimbertus;329098;erimbertus;6508;erin~berht;DMP;
erimbertus;380286;erimbertus;6508;erin~berht;DMP;
erimbertus;385208;erimbertus;6508;erin~berht;DMP;
erimbertus;386775;erimbertus;6508;erin~berht;DMP;
erimbertus;387260;erimbertus;6508;erin~berht;DMP;
erimbertus;59749;Erimbertus;6686;erm~berht;NeG;
erimbertus;60108;Erimbertus;6686;erm~berht;NeG;
erimbertus;60111;Erimbertus;6686;erm~berht;NeG;
erimbertus;83364;Erimbertus;6686;erm~berht;NeG;
erimbertus;94375;Erimbertus;6686;erm~berht;NeG;
erimbertus;94528;Erimbertus;6686;erm~berht;NeG;
erimgaudus;216959;erimgaudus;11678;erin~gaut;DMP;x
erimgaudus;72064;Erimgaudus;11748;erm~gaut;NeG;
erimperti;321281;erimperti;6508;erin~berht;DMP;x
erimperti;8561;erimperti;6686;erm~berht;NeG;
erlandum;72021;Erlandum;15661;erl-nd;NeG;
erlandum;216788;erlandum;7074;hari~land;DMP;x
erlandus;76836;Erlandus;15661;erl-nd;NeG;
erlandus;221617;erlandus;7074;hari~land;DMP;x
erlemandus;73764;Erlemandus;12587;erl~man;NeG;x
erlemandus;219175;erlemandus;18308;erl~mand;DMP;
erlenteus;79383;Erlenteus;15659;erla~thew;NeG;
erlenteus;223698;erlenteus;7084;erlan~thew;DMP;x
erlois;217960;erlois;20037;erl~lwis;DMP;
erlois;71524;Erlois;12271;erl~wis;NeG;x
erloni;137381;erloni;10136;erl;DMP;
erloni;209325;erloni;10136;erl;DMP;
erloni;41183;Erloni;6628;erl~wini;NeG;x
ermarus;329;ermarus;6548;erm~mar;NeG;
ermarus;136725;ermarus;8312;hari~mar;DMP;x
ermarus;404193;ermarus;8312;hari~mar;DMP;
ermarus;404240;ermarus;8312;hari~mar;DMP;
ermenaura;71687;Ermenaura;12306;erman~hauh;NeG;
ermenaura;218026;ermenaura;6563;erman~rād;DMP;x
ermengudis;217826;ermengudis;9401;erman~gaut;DMP;
ermengudis;71450;Ermengudis;9501;erman~gunth;NeG;x
ermentarius;109903;ermentarius;7226;armentārius;DMP;x
ermentarius;109904;ermentarius;7226;armentārius;DMP;
ermentarius;109905;ermentarius;7226;armentārius;DMP;
ermentarius;109906;ermentarius;7226;armentārius;DMP;
ermentarius;109907;ermentarius;7226;armentārius;DMP;
ermentarius;109908;ermentarius;7226;armentārius;DMP;
ermentarius;109909;ermentarius;7226;armentārius;DMP;
ermentarius;109910;ermentarius;7226;armentārius;DMP;
ermentarius;109911;ermentarius;7226;armentārius;DMP;
ermentarius;109912;ermentarius;7226;armentārius;DMP;
ermentarius;109913;ermentarius;7226;armentārius;DMP;
ermentarius;109914;ermentarius;7226;armentārius;DMP;
ermentarius;109915;ermentarius;7226;armentārius;DMP;
ermentarius;109916;ermentarius;7226;armentārius;DMP;
ermentarius;109917;ermentarius;7226;armentārius;DMP;
ermentarius;287156;ermentarius;7226;armentārius;DMP;
ermentarius;361754;ermentarius;7226;armentārius;DMP;
ermentarius;417138;ermentarius;7226;armentārius;DMP;
ermentarius;454791;ermentarius;7226;armentārius;DMP;
ermentarius;68649;Ermentarius;7102;erman~hari;NeG;
ermentarius;68830;Ermentarius;7102;erman~hari;NeG;
ermentarius;68968;Ermentarius;7102;erman~hari;NeG;
ermentarius;71746;Ermentarius;7102;erman~hari;NeG;
ermentarius;72389;Ermentarius;7102;erman~hari;NeG;
ermentarius;73437;Ermentarius;7102;erman~hari;NeG;
ermentarius;76255;Ermentarius;7102;erman~hari;NeG;
ermentarius;76334;Ermentarius;7102;erman~hari;NeG;
ermentarius;77686;Ermentarius;7102;erman~hari;NeG;
ermentarius;78988;Ermentarius;7102;erman~hari;NeG;
ermentarius;79322;Ermentarius;7102;erman~hari;NeG;
ermentinga;74802;Ermentinga;12732;erman-ng;NeG;x
ermentinga;219931;ermentinga;18884;erman~thing;DMP;
ermesteus;74290;Ermesteus;6538;erman~thew;NeG;
ermesteus;219589;ermesteus;25868;ermis~thew;DMP;x
ermgilus;124692;ermgilus;12788;erm~geld;DMP;
ermgilus;71576;Ermgilus;11440;erm~gīsal;NeG;x
erpfeld;207253;erpfeld;12601;erp~hildi;DMP;x
erpfeld;39635;Erpfeld;10134;erp~wald;NeG;
eurandus;432934;eurandus;19195;aiw~rand;DMP;
eurandus;432935;eurandus;19195;aiw~rand;DMP;
eurandus;432936;eurandus;19195;aiw~rand;DMP;
eurandus;432937;eurandus;19195;aiw~rand;DMP;
eurandus;432938;eurandus;19195;aiw~rand;DMP;
eurandus;73056;Eurandus;12498;ebur-nd;NeG;x
eurandus;73777;Eurandus;12498;ebur-nd;NeG;
euremandus;73092;Euremandus;9873;ebur~man;NeG;x
euremandus;218652;euremandus;22452;ebur~mand;DMP;
eurengardis;118829;eurengardis;17524;arin~gard;DMP;
eurengardis;72729;Eurengardis;12284;ebur~gard;NeG;x
euus;76794;Euus;12918;aiw;NeG;x
euus;221527;euus;7505;eb;DMP;
euus;281684;euus;7505;eb;DMP;
faolaico;308351;faolaico;25082;fag~laik;DMP;
faolaico;63692;Faolaico;10880;fah~laik;NeG;x
farcinctus;221591;farcinctus;10248;fard-ng;DMP;
farcinctus;76840;Farcinctus;11129;ferrucīnctus;NeG;x
farnoinus;221592;farnoinus;24946;faran~wini;DMP;x
farnoinus;76842;Farnoinus;15628;farn~wini;NeG;
faroildis;73863;Faroildis;12245;far~hildi;NeG;x
faroildis;74935;Faroildis;12245;far~hildi;NeG;
faroildis;75053;Faroildis;12245;far~hildi;NeG;
faroildis;75292;Faroildis;12245;far~hildi;NeG;
faroildis;75571;Faroildis;12245;far~hildi;NeG;
faroildis;219284;faroildis;18614;far~wilth;DMP;
faroildis;220035;faroildis;18614;far~wilth;DMP;
faroildis;220158;faroildis;18614;far~wilth;DMP;
faroildis;220370;faroildis;18614;far~wilth;DMP;
faroildis;220585;faroildis;18614;far~wilth;DMP;
feodo;78323;Feodo;13054;feodo;NeG;
feodo;222747;feodo;23364;feud;DMP;x
feredus;220089;feredus;9660;fard;DMP;
feredus;74964;Feredus;12751;ferh-d;NeG;x
feregaus;219914;feregaus;12740;far~gaut;DMP;
feregaus;74707;Feregaus;12718;ferh~gaut;NeG;x
feregildis;216246;feregildis;12670;far~geld;DMP;
feregildis;220426;feregildis;12670;far~geld;DMP;
feregildis;68608;Feregildis;11789;ferh~geld;NeG;x
feregildis;75416;Feregildis;11789;ferh~geld;NeG;
feremundus;219593;feremundus;10717;far~mund;DMP;
feremundus;219648;feremundus;10717;far~mund;DMP;
feremundus;74337;Feremundus;10889;ferh~mund;NeG;x
feremundus;74374;Feremundus;10889;ferh~mund;NeG;
flauidus;216913;flauidus;18716;flāv~wīd;DMP;
flauidus;220791;flauidus;18716;flāv~wīd;DMP;
flauidus;221103;flauidus;18716;flāv~wīd;DMP;
flauidus;222274;flauidus;18716;flāv~wīd;DMP;
flauidus;222512;flauidus;18716;flāv~wīd;DMP;
flauidus;222748;flauidus;18716;flāv~wīd;DMP;
flauidus;72050;Flauidus;12345;flāvidus;NeG;x
flauidus;75820;Flauidus;12345;flāvidus;NeG;
flauidus;76320;Flauidus;12345;flāvidus;NeG;
flauidus;77711;Flauidus;12345;flāvidus;NeG;
flauidus;77946;Flauidus;12345;flāvidus;NeG;
flauidus;78283;Flauidus;12345;flāvidus;NeG;
flavio;118536;flavio;18057;flāvio;DMP;
flavio;25453;Flavio;8630;flāvius;NeG;
flavio;25463;Flavio;8630;flāvius;NeG;x
flavio;25552;Flavio;8630;flāvius;NeG;
flavio;25557;Flavio;8630;flāvius;NeG;
flavio;26170;Flavio;8630;flāvius;NeG;
flavio;26219;Flavio;8630;flāvius;NeG;
flavio;30367;Flavio;8630;flāvius;NeG;
flavio;25020;Flavio;8630;flāvius;NeG;
flavio;25450;Flavio;8630;flāvius;NeG;
flidastus;219177;flidastus;21443;flad-st;DMP;
flidastus;73773;Flidastus;12589;flidastus;NeG;x
flidastus;74060;Flidastus;12589;flidastus;NeG;
flodoardus;218475;flodoardus;12070;hlud~hard;DMP;
flodoardus;72707;Flodoardus;12438;hlud~ward;NeG;x
floremberga;77192;Floremberga;12961;flōr~berg;NeG;
floremberga;221900;floremberga;23336;flōran~berg;DMP;x
florida;87521;Florida;13464;flōrida;NeG;x
florida;87522;Florida;13464;flōrida;NeG;
florida;268282;florida;22987;flōrita;DMP;
florida;294534;florida;22987;flōrita;DMP;
florida;342643;florida;22987;flōrita;DMP;
florida;344195;florida;22987;flōrita;DMP;
florida;358285;florida;22987;flōrita;DMP;
florida;358442;florida;22987;flōrita;DMP;
florinus;144495;florinus;18671;flōr~wini;DMP;
florinus;396614;florinus;18671;flōr~wini;DMP;
florinus;1909;Florinus;15689;flōrinus;NeG;x
folker;400764;folker;10530;fulk~gair;DMP;x
folker;401253;folker;10530;fulk~gair;DMP;
folker;401728;folker;10530;fulk~gair;DMP;
folker;479888;folker;10530;fulk~gair;DMP;
folker;486688;folker;10530;fulk~gair;DMP;
folker;491378;folker;10530;fulk~gair;DMP;
folker;491471;folker;10530;fulk~gair;DMP;
folker;493493;folker;10530;fulk~gair;DMP;
folker;69200;Folker;6758;fulk~hari;NeG;
forðred;410000;forðred;22673;furdh~rād;DMP;
forðred;340516;forðred;21051;furth~rād;DMP;x
forðred;340517;forðred;21051;furth~rād;DMP;
forðred;340989;forðred;21051;furth~rād;DMP;
forðred;341238;forðred;21051;furth~rād;DMP;
formosus;388269;formosus;13333;fōrmōsus;DMP;x
formosus;391209;formosus;13333;fōrmōsus;DMP;
formosus;103912;Formosus;14404;fōrmōsuus;NeG;
fradohis;79230;Fradohis;13135;fard~wis;NeG;x
fradohis;223508;fradohis;19797;frath~wis;DMP;
frahamot;198935;frahamot;20049;ferh~mōd;DMP;x
frahamot;207851;frahamot;20049;ferh~mōd;DMP;
frahamot;40161;Frahamot;15832;frag~mōd;NeG;
frahamuat;208048;frahamuat;20049;ferh~mōd;DMP;x
frahamuat;40334;Frahamuat;15832;frag~mōd;NeG;
frahunt;208030;frahunt;24023;ferh~gunth;DMP;
frahunt;40128;Frahunt;15800;frah-nd;NeG;x
frahunte;208196;frahunte;24023;ferh~gunth;DMP;
frahunte;40135;Frahunte;15800;frah-nd;NeG;x
frahusintdane;319627;frahusintdane;24672;ferh~sinth;DMP;x
frahusintdane;6308;Frahusintdane;15833;frag~sinth;NeG;
fraihilda;308923;fraihilda;20639;frag~hildi;DMP;
fraihilda;63231;Fraihilda;10826;frawi~hildi;NeG;x
fraihildi;308757;fraihildi;20639;frag~hildi;DMP;
fraihildi;63308;Fraihildi;10826;frawi~hildi;NeG;x
frairada;308557;frairada;19147;frag~rād;DMP;
frairada;310494;frairada;19147;frag~rād;DMP;
frairada;64401;Frairada;10044;frawi~rād;NeG;x
frairada;64656;Frairada;10044;frawi~rād;NeG;
framberta;215990;framberta;17372;fram~berht;DMP;
framberta;216702;framberta;17372;fram~berht;DMP;
framberta;216810;framberta;17372;fram~berht;DMP;
framberta;219653;framberta;17372;fram~berht;DMP;
framberta;219817;framberta;17372;fram~berht;DMP;
framberta;375680;framberta;17372;fram~berht;DMP;
framberta;68340;Framberta;7220;hraban~berht;NeG;x
framberta;69682;Framberta;7220;hraban~berht;NeG;
framberta;70908;Framberta;7220;hraban~berht;NeG;
framberta;74390;Framberta;7220;hraban~berht;NeG;
framberta;74640;Framberta;7220;hraban~berht;NeG;
frambolda;216859;frambolda;18260;fram~balth;DMP;
frambolda;218488;frambolda;18260;fram~balth;DMP;
frambolda;220650;frambolda;18260;fram~balth;DMP;
frambolda;223719;frambolda;18260;fram~balth;DMP;
frambolda;72047;Frambolda;7622;hraban~balth;NeG;x
frambolda;72871;Frambolda;7622;hraban~balth;NeG;
frambolda;75617;Frambolda;7622;hraban~balth;NeG;
frambolda;79513;Frambolda;7622;hraban~balth;NeG;
framboldus;218487;framboldus;18260;fram~balth;DMP;
framboldus;218607;framboldus;18260;fram~balth;DMP;
framboldus;72826;Framboldus;7622;hraban~balth;NeG;x
framboldus;72949;Framboldus;7622;hraban~balth;NeG;
framhardus;222169;framhardus;24817;fram~hard;DMP;
framhardus;77589;Framhardus;13004;hraban~hard;NeG;x
framhildis;219818;framhildis;16959;fram~hildi;DMP;
framhildis;417206;framhildis;16959;fram~hildi;DMP;
framhildis;74686;Framhildis;8779;hraban~hildi;NeG;x
framhildis;74692;Framhildis;8779;hraban~hildi;NeG;
framoinus;216762;framoinus;24819;fram~wini;DMP;
framoinus;220547;framoinus;24819;fram~wini;DMP;
framoinus;72025;Framoinus;11294;hraban~wini;NeG;x
framoinus;75523;Framoinus;11294;hraban~wini;NeG;
framtrudis;216599;framtrudis;20346;fram~thruth;DMP;
framtrudis;218778;framtrudis;20346;fram~thruth;DMP;
framtrudis;218779;framtrudis;20346;fram~thruth;DMP;
framtrudis;375290;framtrudis;20346;fram~thruth;DMP;
framtrudis;375409;framtrudis;20346;fram~thruth;DMP;
framtrudis;67782;Framtrudis;9764;hraban~thruth;NeG;x
framtrudis;71960;Framtrudis;9764;hraban~thruth;NeG;
framtrudis;73183;Framtrudis;9764;hraban~thruth;NeG;
framtrudis;73204;Framtrudis;9764;hraban~thruth;NeG;
framuinus;220434;framuinus;24819;fram~wini;DMP;
framuinus;75389;Framuinus;11294;hraban~wini;NeG;x
franchen;40546;Franchen;8090;frank;NeG;
franchen;117086;franchen;10189;frank-n;DMP;x
frandildis;223396;frandildis;15690;frand~hildi;DMP;
frandildis;79125;Frandildis;8779;hraban~hildi;NeG;x
frauihilt;309268;frauihilt;11590;frawa~hildi;DMP;
frauihilt;62651;Frauihilt;10826;frawi~hildi;NeG;x
frauileob;309269;frauileob;22713;frawa~leub;DMP;
frauileob;62652;Frauileob;10827;frawi~leub;NeG;x
frauuinsinda;63727;frauuinsinda;15834;frawan~sinth;NeG;
frauuinsinda;63731;Frauuinsinda;15834;frawan~sinth;NeG;
frauuinsinda;308400;frauuinsinda;25591;frawin~sinth;DMP;x
frauuinsinda;308401;frauuinsinda;25591;frawin~sinth;DMP;
frauuisindane;308418;frauuisindane;20466;frawi~sinth;DMP;x
frauuisindane;63741;Frauuisindane;15835;frawi~swinth;NeG;
fredernus;217090;fredernus;15878;frith-rn;DMP;x
fredernus;220271;fredernus;15878;frith-rn;DMP;
fredernus;220888;fredernus;15878;frith-rn;DMP;
fredernus;222971;fredernus;15878;frith-rn;DMP;
fredernus;223353;fredernus;15878;frith-rn;DMP;
fredernus;75990;Fredernus;8442;frith~gern;NeG;
fredernus;78506;Fredernus;8442;frith~gern;NeG;
fredernus;78967;Fredernus;8442;frith~gern;NeG;
fredernus;71154;Fredernus;8442;frith~gern;NeG;
fredernus;75215;Fredernus;8442;frith~gern;NeG;
frelinus;76920;Frelinus;12930;frawi-l-n;NeG;x
frelinus;221644;frelinus;7215;frith-l-n;DMP;
fremericho;726;fremericho;6857;fram~rīk;NeG;
fremericho;379408;fremericho;6764;hraban~rīk;DMP;x
friasini;310106;friasini;8373;frīs;DMP;
friasini;61747;friasini;10774;frīs-n;NeG;x
friesini;61901;friesini;8373;frīs;NeG;
friesini;310025;friesini;10774;frīs-n;DMP;x
frilind;309461;frilind;18611;frij~linth;DMP;x
frilind;62577;Frilind;15843;frij~rīd;NeG;
frocarius;222233;frocarius;20608;frawa~gair;DMP;x
frocarius;77624;Frocarius;6720;hrōth~gair;NeG;
frodacus;218041;frodacus;23005;frawa~dag;DMP;x
frodacus;71650;Frodacus;10110;hrōth-k;NeG;
frodelindis;73011;Frodelindis;11804;frōd~linth;NeG;
frodelindis;74447;Frodelindis;11804;frōd~linth;NeG;
frodelindis;75176;Frodelindis;11804;frōd~linth;NeG;
frodelindis;76297;Frodelindis;11804;frōd~linth;NeG;
frodelindis;218699;frodelindis;9351;hrōth~linth;DMP;x
frodelindis;220358;frodelindis;9351;hrōth~linth;DMP;
frodelindis;220778;frodelindis;9351;hrōth~linth;DMP;
frodelindis;221132;frodelindis;9351;hrōth~linth;DMP;
froderindis;79147;Froderindis;13126;hrōth~rand;NeG;x
froderindis;223537;froderindis;22636;hrōthar-nd;DMP;
frodoardus;71654;Frodoardus;6928;hrōth~hard;NeG;
frodoardus;73936;Frodoardus;6928;hrōth~hard;NeG;
frodoardus;74067;Frodoardus;6928;hrōth~hard;NeG;
frodoardus;76663;Frodoardus;6928;hrōth~hard;NeG;
frodoardus;218073;frodoardus;10397;hrōth~ward;DMP;x
frodoardus;219436;frodoardus;10397;hrōth~ward;DMP;
frodoardus;221459;frodoardus;10397;hrōth~ward;DMP;
froduis;223190;froduis;11559;hrōth~wīh;DMP;
froduis;78746;Froduis;11997;hrōth~wis;NeG;x
frohhelfi;209324;frohhelfi;18285;frawa~hwelp;DMP;x
frohhelfi;41332;Frohhelfi;16366;hrōk~hwelp;NeG;
froholf;110052;froholf;7475;frawa~wulf;DMP;x
froholf;110053;froholf;7475;frawa~wulf;DMP;
froholf;110054;froholf;7475;frawa~wulf;DMP;
froholf;110055;froholf;7475;frawa~wulf;DMP;
froholf;110056;froholf;7475;frawa~wulf;DMP;
froholf;142859;froholf;7475;frawa~wulf;DMP;
froholf;42747;Froholf;8012;hrōk~wulf;NeG;
fronto;327869;fronto;16707;frijōnd;DMP;
fronto;27613;Fronto;16421;frontis;NeG;x
fronto;104205;Fronto;16421;frontis;NeG;
frotbanus;219961;frotbanus;22965;hrōth~ban;DMP;
frotbanus;221407;frotbanus;22965;hrōth~ban;DMP;
frotbanus;74816;Frotbanus;9760;hrōth~band;NeG;x
frotbanus;76589;Frotbanus;9760;hrōth~band;NeG;
frotcarius;218217;frotcarius;6720;hrōth~gair;DMP;x
frotcarius;219434;frotcarius;6720;hrōth~gair;DMP;
frotcarius;222151;frotcarius;6720;hrōth~gair;DMP;
frotcarius;222556;frotcarius;6720;hrōth~gair;DMP;
frotcarius;222619;frotcarius;6720;hrōth~gair;DMP;
frotcarius;222793;frotcarius;6720;hrōth~gair;DMP;
frotcarius;223283;frotcarius;6720;hrōth~gair;DMP;
frotcarius;223541;frotcarius;6720;hrōth~gair;DMP;
frotcarius;223755;frotcarius;6720;hrōth~gair;DMP;
frotcarius;72403;Frotcarius;6822;hrōth~hari;NeG;
frotcarius;73949;Frotcarius;6822;hrōth~hari;NeG;
frotcarius;77527;Frotcarius;6822;hrōth~hari;NeG;
frotcarius;78040;Frotcarius;6822;hrōth~hari;NeG;
frotcarius;78148;Frotcarius;6822;hrōth~hari;NeG;
frotcarius;78276;Frotcarius;6822;hrōth~hari;NeG;
frotcarius;78894;Frotcarius;6822;hrōth~hari;NeG;
frotcarius;79172;Frotcarius;6822;hrōth~hari;NeG;
frotcarius;79432;Frotcarius;6822;hrōth~hari;NeG;
frotgius;220357;frotgius;19951;hrōth~gid;DMP;
frotgius;220523;frotgius;19951;hrōth~gid;DMP;
frotgius;75188;Frotgius;9109;hrōth~gīs;NeG;x
frotgius;75445;Frotgius;9109;hrōth~gīs;NeG;
frotlildis;74320;Frotlildis;9518;hrōth~hildi;NeG;x
frotlildis;75548;Frotlildis;9518;hrōth~hildi;NeG;
frotlildis;219690;frotlildis;22823;hrōthil~hildi;DMP;
frotlildis;220626;frotlildis;22823;hrōthil~hildi;DMP;
frotlindis;68718;Frotlindis;11804;frōd~linth;NeG;
frotlindis;68763;Frotlindis;11804;frōd~linth;NeG;
frotlindis;71093;Frotlindis;11804;frōd~linth;NeG;
frotlindis;71375;Frotlindis;11804;frōd~linth;NeG;
frotlindis;71873;Frotlindis;11804;frōd~linth;NeG;
frotlindis;75199;Frotlindis;11804;frōd~linth;NeG;
frotlindis;75260;Frotlindis;11804;frōd~linth;NeG;
frotlindis;76036;Frotlindis;11804;frōd~linth;NeG;
frotlindis;76401;Frotlindis;11804;frōd~linth;NeG;
frotlindis;76681;Frotlindis;11804;frōd~linth;NeG;
frotlindis;76982;Frotlindis;11804;frōd~linth;NeG;
frotlindis;77800;Frotlindis;11804;frōd~linth;NeG;
frotlindis;77865;Frotlindis;11804;frōd~linth;NeG;
frotlindis;78750;Frotlindis;11804;frōd~linth;NeG;
frotlindis;79169;Frotlindis;11804;frōd~linth;NeG;
frotlindis;216332;frotlindis;9351;hrōth~linth;DMP;x
frotlindis;216381;frotlindis;9351;hrōth~linth;DMP;
frotlindis;216483;frotlindis;9351;hrōth~linth;DMP;
frotlindis;217004;frotlindis;9351;hrōth~linth;DMP;
frotlindis;217804;frotlindis;9351;hrōth~linth;DMP;
frotlindis;220359;frotlindis;9351;hrōth~linth;DMP;
frotlindis;220409;frotlindis;9351;hrōth~linth;DMP;
frotlindis;221252;frotlindis;9351;hrōth~linth;DMP;
frotlindis;221298;frotlindis;9351;hrōth~linth;DMP;
frotlindis;221458;frotlindis;9351;hrōth~linth;DMP;
frotlindis;221731;frotlindis;9351;hrōth~linth;DMP;
frotlindis;222378;frotlindis;9351;hrōth~linth;DMP;
frotlindis;222440;frotlindis;9351;hrōth~linth;DMP;
frotlindis;223188;frotlindis;9351;hrōth~linth;DMP;
frotlindis;223545;frotlindis;9351;hrōth~linth;DMP;
frotlindis;375097;frotlindis;9351;hrōth~linth;DMP;
frotlindus;79181;Frotlindus;11804;frōd~linth;NeG;
frotlindus;223546;frotlindus;9351;hrōth~linth;DMP;x
frotrudis;221538;frotrudis;20787;frawa~thruth;DMP;
frotrudis;223400;frotrudis;20787;frawa~thruth;DMP;
frotrudis;76768;Frotrudis;6417;hrōth~thruth;NeG;x  
frotrudis;79129;Frotrudis;6417;hrōth~thruth;NeG;
froyla;98357;Froyla;7283;fraw-l;NeG;
froyla;98490;Froyla;7283;fraw-l;NeG;
froyla;98742;Froyla;7283;fraw-l;NeG;
froyla;98899;Froyla;7283;fraw-l;NeG;
froyla;100646;Froyla;7283;fraw-l;NeG;
froyla;100766;Froyla;7283;fraw-l;NeG;
froyla;173552;froyla;8399;frawi-l;DMP;x
fruatolfus;309565;fruatolfus;17632;frōd~wulf;DMP;
fruatolfus;62475;Fruatolfus;6795;hrōth~wulf;NeG;x
fruatuni;309969;fruatuni;17031;frōd~wini;DMP;
fruatuni;61864;Fruatuni;7933;hrōth~wini;NeG;x
frudinus;219006;frudinus;9325;hrōth-n;DMP;x
frudinus;222893;frudinus;9325;hrōth-n;DMP;
frudinus;223701;frudinus;9325;hrōth-n;DMP;
frudinus;73394;Frudinus;7933;hrōth~wini;NeG;
frudinus;78382;Frudinus;7933;hrōth~wini;NeG;
frudinus;79361;Frudinus;7933;hrōth~wini;NeG;
fruduardus;218935;fruduardus;22297;frōd~hard;DMP;
fruduardus;73392;Fruduardus;10397;hrōth~ward;NeG;x
fruotheri;182866;fruotheri;17619;frōd~hari;DMP;
fruotheri;183012;fruotheri;17619;frōd~hari;DMP;
fruotheri;183013;fruotheri;17619;frōd~hari;DMP;
fruotheri;183850;fruotheri;17619;frōd~hari;DMP;
fruotheri;201846;fruotheri;17619;frōd~hari;DMP;
fruotheri;201889;fruotheri;17619;frōd~hari;DMP;
fruotheri;208616;fruotheri;17619;frōd~hari;DMP;
fruotheri;349389;fruotheri;17619;frōd~hari;DMP;
fruotheri;351202;fruotheri;17619;frōd~hari;DMP;
fruotheri;355071;fruotheri;17619;frōd~hari;DMP;
fruotheri;378644;fruotheri;17619;frōd~hari;DMP;
fruotheri;42018;Fruotheri;6822;hrōth~hari;NeG;x
fruotuuin;179753;fruotuuin;17031;frōd~wini;DMP;
fruotuuin;206531;fruotuuin;17031;frōd~wini;DMP;
fruotuuin;378912;fruotuuin;17031;frōd~wini;DMP;
fruotuuin;492764;fruotuuin;17031;frōd~wini;DMP;
fruotuuin;493202;fruotuuin;17031;frōd~wini;DMP;
fruotuuin;38969;Fruotuuin;7933;hrōth~wini;NeG;x
fruotuuini;179754;fruotuuini;17031;frōd~wini;DMP;
fruotuuini;182518;fruotuuini;17031;frōd~wini;DMP;
fruotuuini;205565;fruotuuini;17031;frōd~wini;DMP;
fruotuuini;206532;fruotuuini;17031;frōd~wini;DMP;
fruotuuini;206573;fruotuuini;17031;frōd~wini;DMP;
fruotuuini;38983;Fruotuuini;7933;hrōth~wini;NeG;x
frutcarius;218588;frutcarius;6720;hrōth~gair;DMP;
frutcarius;72819;Frutcarius;6822;hrōth~hari;NeG;x
fulcaudus;66354;Fulcaudus;7086;fulk~gaut;NeG;
fulcaudus;189859;fulcaudus;8079;fulk~wald;DMP;x
fulcaudus;191942;fulcaudus;8079;fulk~wald;DMP;
fulcaudus;241550;fulcaudus;8079;fulk~wald;DMP;
fulcaudus;292180;fulcaudus;8079;fulk~wald;DMP;
fulcaudus;298342;fulcaudus;8079;fulk~wald;DMP;
fulcaudus;298931;fulcaudus;8079;fulk~wald;DMP;
fulcaudus;299441;fulcaudus;8079;fulk~wald;DMP;
fulcaudus;300178;fulcaudus;8079;fulk~wald;DMP;
fulcaudus;358370;fulcaudus;8079;fulk~wald;DMP;
fulcaudus;362353;fulcaudus;8079;fulk~wald;DMP;
fulcaudus;364244;fulcaudus;8079;fulk~wald;DMP;
fulcaudus;364756;fulcaudus;8079;fulk~wald;DMP;
fulcaudus;365446;fulcaudus;8079;fulk~wald;DMP;
fulcaudus;366259;fulcaudus;8079;fulk~wald;DMP;
fulgarnus;221804;fulgarnus;18949;fulk-rn;DMP;
fulgarnus;77062;Fulgarnus;7261;fulk~gern;NeG;x
furseus;123140;furseus;18031;fors;DMP;
furseus;80333;Furseus;15892;furseus;NeG;x
furseus;80334;Furseus;15892;furseus;NeG;
furseus;80395;Furseus;15892;furseus;NeG;
furseus;80396;Furseus;15892;furseus;NeG;
furseus;80397;Furseus;15892;furseus;NeG;
furseus;80398;Furseus;15892;furseus;NeG;
furseus;80400;Furseus;15892;furseus;NeG;
furseus;80418;Furseus;15892;furseus;NeG;
furseus;80419;Furseus;15892;furseus;NeG;
furseus;93947;Furseus;15892;furseus;NeG;
gaericho;1166;gaericho;7114;gair-k;NeG;x
gaericho;380253;gaericho;7051;gair~rīk;DMP;
gaeronte;380260;gaeronte;20978;geronta;DMP;x
gaeronte;1155;gaeronte;7108;gerontus;NeG;
gaifrid;28738;Gaifrid;9208;gaid~frith;NeG;x
gaifrid;30265;Gaifrid;9208;gaid~frith;NeG;
gaifrid;30275;Gaifrid;9208;gaid~frith;NeG;
gaifrid;417889;gaifrid;13056;gaw~frith;DMP;
gaifridus;74784;Gaifridus;9208;gaid~frith;NeG;x
gaifridus;189660;gaifridus;13056;gaw~frith;DMP;
gaifridus;219954;gaifridus;13056;gaw~frith;DMP;
gaifrit;28532;Gaifrit;9208;gaid~frith;NeG;x
gaifrit;374291;gaifrit;13056;gaw~frith;DMP;
gaifrit;374292;gaifrit;13056;gaw~frith;DMP;
gaiprandus;103005;Gaiprandus;14429;gaid~brand;NeG;x    
gaiprandus;103069;Gaiprandus;14429;gaid~brand;NeG;
gaiprandus;383930;gaiprandus;22682;gaw~brand;DMP;
galla;146399;galla;16808;gal;DMP;
galla;396081;galla;16808;gal;DMP;
galla;3897;Galla;7587;galla;NeG;x
ganslinda;216940;ganslinda;25207;gand~linth;DMP;x
ganslinda;71008;Ganslinda;10848;gaut~linth;NeG;
garoinus;61630;Garoinus;6801;gair~wini;NeG;
garoinus;61975;Garoinus;6801;gair~wini;NeG;
garoinus;61987;Garoinus;6801;gair~wini;NeG;
garoinus;62049;Garoinus;6801;gair~wini;NeG;
garoinus;62166;Garoinus;6801;gair~wini;NeG;
garoinus;62175;Garoinus;6801;gair~wini;NeG;
garoinus;73610;Garoinus;6801;gair~wini;NeG;
garoinus;237313;garoinus;16526;garw~wini;DMP;x
garoinus;237314;garoinus;16526;garw~wini;DMP;
garoinus;309859;garoinus;16526;garw~wini;DMP;
garoinus;309905;garoinus;16526;garw~wini;DMP;
garoinus;309940;garoinus;16526;garw~wini;DMP;
garoinus;417611;garoinus;16526;garw~wini;DMP;
garoinus;417614;garoinus;16526;garw~wini;DMP;
garouildis;73523;Garouildis;12529;garw~hildi;NeG;
garouildis;417608;garouildis;23033;garw~wilth;DMP;x
garulfus;73556;Garulfus;7563;gair~wulf;NeG;
garulfus;260094;garulfus;20447;garw~wulf;DMP;x
garulfus;277447;garulfus;20447;garw~wulf;DMP;
garulfus;284406;garulfus;20447;garw~wulf;DMP;
garulfus;290108;garulfus;20447;garw~wulf;DMP;
garulfus;300536;garulfus;20447;garw~wulf;DMP;
garulfus;365734;garulfus;20447;garw~wulf;DMP;
garulfus;417615;garulfus;20447;garw~wulf;DMP;
garulfus;417616;garulfus;20447;garw~wulf;DMP;
gauberti;151542;gauberti;7204;gaut~berht;DMP;x
gauberti;165949;gauberti;7204;gaut~berht;DMP;
gauberti;233192;gauberti;7204;gaut~berht;DMP;
gauberti;237971;gauberti;7204;gaut~berht;DMP;
gauberti;237972;gauberti;7204;gaut~berht;DMP;
gauberti;244931;gauberti;7204;gaut~berht;DMP;
gauberti;245121;gauberti;7204;gaut~berht;DMP;
gauberti;247046;gauberti;7204;gaut~berht;DMP;
gauberti;251383;gauberti;7204;gaut~berht;DMP;
gauberti;259268;gauberti;7204;gaut~berht;DMP;
gauberti;262915;gauberti;7204;gaut~berht;DMP;
gauberti;263781;gauberti;7204;gaut~berht;DMP;
gauberti;268829;gauberti;7204;gaut~berht;DMP;
gauberti;269130;gauberti;7204;gaut~berht;DMP;
gauberti;269903;gauberti;7204;gaut~berht;DMP;
gauberti;270824;gauberti;7204;gaut~berht;DMP;
gauberti;276890;gauberti;7204;gaut~berht;DMP;
gauberti;276937;gauberti;7204;gaut~berht;DMP;
gauberti;277030;gauberti;7204;gaut~berht;DMP;
gauberti;286124;gauberti;7204;gaut~berht;DMP;
gauberti;296695;gauberti;7204;gaut~berht;DMP;
gauberti;300116;gauberti;7204;gaut~berht;DMP;
gauberti;302164;gauberti;7204;gaut~berht;DMP;
gauberti;303648;gauberti;7204;gaut~berht;DMP;
gauberti;362121;gauberti;7204;gaut~berht;DMP;
gauberti;368060;gauberti;7204;gaut~berht;DMP;
gauberti;3504;Gauberti;7515;gaw~berht;NeG;
gauberti;3510;Gauberti;7515;gaw~berht;NeG;
gauberto;152810;gauberto;7204;gaut~berht;DMP;x
gauberto;37915;Gauberto;7515;gaw~berht;NeG;
gaudalbertus;417631;gaudalbertus;25578;gaudal~berht;DMP;
gaudalbertus;73558;Gaudalbertus;6680;godal~berht;NeG;x
gaudenus;75697;Gaudenus;16271;gaudinus;NeG;
gaudenus;220718;gaudenus;7955;gaut-n;DMP;x
gaudia;218054;gaudia;21477;gaudia;DMP;
gaudia;229820;gaudia;21477;gaudia;DMP;x
gaudia;71617;Gaudia;7368;gaut;NeG;
gaufredus;130508;gaufredus;7089;gaut~frith;DMP;x
gaufredus;144571;gaufredus;7089;gaut~frith;DMP;
gaufredus;150536;gaufredus;7089;gaut~frith;DMP;
gaufredus;153632;gaufredus;7089;gaut~frith;DMP;
gaufredus;153779;gaufredus;7089;gaut~frith;DMP;
gaufredus;153781;gaufredus;7089;gaut~frith;DMP;
gaufredus;168833;gaufredus;7089;gaut~frith;DMP;
gaufredus;168834;gaufredus;7089;gaut~frith;DMP;
gaufredus;171118;gaufredus;7089;gaut~frith;DMP;
gaufredus;172693;gaufredus;7089;gaut~frith;DMP;
gaufredus;172694;gaufredus;7089;gaut~frith;DMP;
gaufredus;172797;gaufredus;7089;gaut~frith;DMP;
gaufredus;173185;gaufredus;7089;gaut~frith;DMP;
gaufredus;173270;gaufredus;7089;gaut~frith;DMP;
gaufredus;173520;gaufredus;7089;gaut~frith;DMP;
gaufredus;173669;gaufredus;7089;gaut~frith;DMP;
gaufredus;173929;gaufredus;7089;gaut~frith;DMP;
gaufredus;173930;gaufredus;7089;gaut~frith;DMP;
gaufredus;174166;gaufredus;7089;gaut~frith;DMP;
gaufredus;174269;gaufredus;7089;gaut~frith;DMP;
gaufredus;174360;gaufredus;7089;gaut~frith;DMP;
gaufredus;174550;gaufredus;7089;gaut~frith;DMP;
gaufredus;174551;gaufredus;7089;gaut~frith;DMP;
gaufredus;174696;gaufredus;7089;gaut~frith;DMP;
gaufredus;174697;gaufredus;7089;gaut~frith;DMP;
gaufredus;174698;gaufredus;7089;gaut~frith;DMP;
gaufredus;174812;gaufredus;7089;gaut~frith;DMP;
gaufredus;174848;gaufredus;7089;gaut~frith;DMP;
gaufredus;174849;gaufredus;7089;gaut~frith;DMP;
gaufredus;174901;gaufredus;7089;gaut~frith;DMP;
gaufredus;175002;gaufredus;7089;gaut~frith;DMP;
gaufredus;175640;gaufredus;7089;gaut~frith;DMP;
gaufredus;175700;gaufredus;7089;gaut~frith;DMP;
gaufredus;175848;gaufredus;7089;gaut~frith;DMP;
gaufredus;175894;gaufredus;7089;gaut~frith;DMP;
gaufredus;175990;gaufredus;7089;gaut~frith;DMP;
gaufredus;176083;gaufredus;7089;gaut~frith;DMP;
gaufredus;176139;gaufredus;7089;gaut~frith;DMP;
gaufredus;176270;gaufredus;7089;gaut~frith;DMP;
gaufredus;176367;gaufredus;7089;gaut~frith;DMP;
gaufredus;176369;gaufredus;7089;gaut~frith;DMP;
gaufredus;176420;gaufredus;7089;gaut~frith;DMP;
gaufredus;176570;gaufredus;7089;gaut~frith;DMP;
gaufredus;176620;gaufredus;7089;gaut~frith;DMP;
gaufredus;176703;gaufredus;7089;gaut~frith;DMP;
gaufredus;176704;gaufredus;7089;gaut~frith;DMP;
gaufredus;176943;gaufredus;7089;gaut~frith;DMP;
gaufredus;177047;gaufredus;7089;gaut~frith;DMP;
gaufredus;177048;gaufredus;7089;gaut~frith;DMP;
gaufredus;177095;gaufredus;7089;gaut~frith;DMP;
gaufredus;177146;gaufredus;7089;gaut~frith;DMP;
gaufredus;177304;gaufredus;7089;gaut~frith;DMP;
gaufredus;193226;gaufredus;7089;gaut~frith;DMP;
gaufredus;193290;gaufredus;7089;gaut~frith;DMP;
gaufredus;193330;gaufredus;7089;gaut~frith;DMP;
gaufredus;193383;gaufredus;7089;gaut~frith;DMP;
gaufredus;193384;gaufredus;7089;gaut~frith;DMP;
gaufredus;193385;gaufredus;7089;gaut~frith;DMP;
gaufredus;193434;gaufredus;7089;gaut~frith;DMP;
gaufredus;193435;gaufredus;7089;gaut~frith;DMP;
gaufredus;193518;gaufredus;7089;gaut~frith;DMP;
gaufredus;193567;gaufredus;7089;gaut~frith;DMP;
gaufredus;193614;gaufredus;7089;gaut~frith;DMP;
gaufredus;193751;gaufredus;7089;gaut~frith;DMP;
gaufredus;193984;gaufredus;7089;gaut~frith;DMP;
gaufredus;194405;gaufredus;7089;gaut~frith;DMP;
gaufredus;194406;gaufredus;7089;gaut~frith;DMP;
gaufredus;194459;gaufredus;7089;gaut~frith;DMP;
gaufredus;194600;gaufredus;7089;gaut~frith;DMP;
gaufredus;194845;gaufredus;7089;gaut~frith;DMP;
gaufredus;194932;gaufredus;7089;gaut~frith;DMP;
gaufredus;194984;gaufredus;7089;gaut~frith;DMP;
gaufredus;194985;gaufredus;7089;gaut~frith;DMP;
gaufredus;195085;gaufredus;7089;gaut~frith;DMP;
gaufredus;195086;gaufredus;7089;gaut~frith;DMP;
gaufredus;195126;gaufredus;7089;gaut~frith;DMP;
gaufredus;195177;gaufredus;7089;gaut~frith;DMP;
gaufredus;195228;gaufredus;7089;gaut~frith;DMP;
gaufredus;195283;gaufredus;7089;gaut~frith;DMP;
gaufredus;195371;gaufredus;7089;gaut~frith;DMP;
gaufredus;195421;gaufredus;7089;gaut~frith;DMP;
gaufredus;195422;gaufredus;7089;gaut~frith;DMP;
gaufredus;195478;gaufredus;7089;gaut~frith;DMP;
gaufredus;195516;gaufredus;7089;gaut~frith;DMP;
gaufredus;195571;gaufredus;7089;gaut~frith;DMP;
gaufredus;195704;gaufredus;7089;gaut~frith;DMP;
gaufredus;195749;gaufredus;7089;gaut~frith;DMP;
gaufredus;195750;gaufredus;7089;gaut~frith;DMP;
gaufredus;195751;gaufredus;7089;gaut~frith;DMP;
gaufredus;195799;gaufredus;7089;gaut~frith;DMP;
gaufredus;195800;gaufredus;7089;gaut~frith;DMP;
gaufredus;195893;gaufredus;7089;gaut~frith;DMP;
gaufredus;222829;gaufredus;7089;gaut~frith;DMP;
gaufredus;223783;gaufredus;7089;gaut~frith;DMP;
gaufredus;261831;gaufredus;7089;gaut~frith;DMP;
gaufredus;262062;gaufredus;7089;gaut~frith;DMP;
gaufredus;262273;gaufredus;7089;gaut~frith;DMP;
gaufredus;262324;gaufredus;7089;gaut~frith;DMP;
gaufredus;262325;gaufredus;7089;gaut~frith;DMP;
gaufredus;262363;gaufredus;7089;gaut~frith;DMP;
gaufredus;262413;gaufredus;7089;gaut~frith;DMP;
gaufredus;262414;gaufredus;7089;gaut~frith;DMP;
gaufredus;262467;gaufredus;7089;gaut~frith;DMP;
gaufredus;262468;gaufredus;7089;gaut~frith;DMP;
gaufredus;262469;gaufredus;7089;gaut~frith;DMP;
gaufredus;262666;gaufredus;7089;gaut~frith;DMP;
gaufredus;262667;gaufredus;7089;gaut~frith;DMP;
gaufredus;262717;gaufredus;7089;gaut~frith;DMP;
gaufredus;262806;gaufredus;7089;gaut~frith;DMP;
gaufredus;262959;gaufredus;7089;gaut~frith;DMP;
gaufredus;263058;gaufredus;7089;gaut~frith;DMP;
gaufredus;263153;gaufredus;7089;gaut~frith;DMP;
gaufredus;263245;gaufredus;7089;gaut~frith;DMP;
gaufredus;263344;gaufredus;7089;gaut~frith;DMP;
gaufredus;263345;gaufredus;7089;gaut~frith;DMP;
gaufredus;263450;gaufredus;7089;gaut~frith;DMP;
gaufredus;263451;gaufredus;7089;gaut~frith;DMP;
gaufredus;263880;gaufredus;7089;gaut~frith;DMP;
gaufredus;263975;gaufredus;7089;gaut~frith;DMP;
gaufredus;264118;gaufredus;7089;gaut~frith;DMP;
gaufredus;264170;gaufredus;7089;gaut~frith;DMP;
gaufredus;264312;gaufredus;7089;gaut~frith;DMP;
gaufredus;264313;gaufredus;7089;gaut~frith;DMP;
gaufredus;264360;gaufredus;7089;gaut~frith;DMP;
gaufredus;264455;gaufredus;7089;gaut~frith;DMP;
gaufredus;264494;gaufredus;7089;gaut~frith;DMP;
gaufredus;264547;gaufredus;7089;gaut~frith;DMP;
gaufredus;264548;gaufredus;7089;gaut~frith;DMP;
gaufredus;264587;gaufredus;7089;gaut~frith;DMP;
gaufredus;264725;gaufredus;7089;gaut~frith;DMP;
gaufredus;264726;gaufredus;7089;gaut~frith;DMP;
gaufredus;264727;gaufredus;7089;gaut~frith;DMP;
gaufredus;264778;gaufredus;7089;gaut~frith;DMP;
gaufredus;264841;gaufredus;7089;gaut~frith;DMP;
gaufredus;264842;gaufredus;7089;gaut~frith;DMP;
gaufredus;264935;gaufredus;7089;gaut~frith;DMP;
gaufredus;265072;gaufredus;7089;gaut~frith;DMP;
gaufredus;265073;gaufredus;7089;gaut~frith;DMP;
gaufredus;265217;gaufredus;7089;gaut~frith;DMP;
gaufredus;265218;gaufredus;7089;gaut~frith;DMP;
gaufredus;265400;gaufredus;7089;gaut~frith;DMP;
gaufredus;265533;gaufredus;7089;gaut~frith;DMP;
gaufredus;265632;gaufredus;7089;gaut~frith;DMP;
gaufredus;265676;gaufredus;7089;gaut~frith;DMP;
gaufredus;265677;gaufredus;7089;gaut~frith;DMP;
gaufredus;265726;gaufredus;7089;gaut~frith;DMP;
gaufredus;265727;gaufredus;7089;gaut~frith;DMP;
gaufredus;265820;gaufredus;7089;gaut~frith;DMP;
gaufredus;265821;gaufredus;7089;gaut~frith;DMP;
gaufredus;265975;gaufredus;7089;gaut~frith;DMP;
gaufredus;266013;gaufredus;7089;gaut~frith;DMP;
gaufredus;266070;gaufredus;7089;gaut~frith;DMP;
gaufredus;266342;gaufredus;7089;gaut~frith;DMP;
gaufredus;266529;gaufredus;7089;gaut~frith;DMP;
gaufredus;266572;gaufredus;7089;gaut~frith;DMP;
gaufredus;266619;gaufredus;7089;gaut~frith;DMP;
gaufredus;266687;gaufredus;7089;gaut~frith;DMP;
gaufredus;266774;gaufredus;7089;gaut~frith;DMP;
gaufredus;266859;gaufredus;7089;gaut~frith;DMP;
gaufredus;266860;gaufredus;7089;gaut~frith;DMP;
gaufredus;267097;gaufredus;7089;gaut~frith;DMP;
gaufredus;267390;gaufredus;7089;gaut~frith;DMP;
gaufredus;267391;gaufredus;7089;gaut~frith;DMP;
gaufredus;267480;gaufredus;7089;gaut~frith;DMP;
gaufredus;267583;gaufredus;7089;gaut~frith;DMP;
gaufredus;267585;gaufredus;7089;gaut~frith;DMP;
gaufredus;267586;gaufredus;7089;gaut~frith;DMP;
gaufredus;267624;gaufredus;7089;gaut~frith;DMP;
gaufredus;267682;gaufredus;7089;gaut~frith;DMP;
gaufredus;267683;gaufredus;7089;gaut~frith;DMP;
gaufredus;267861;gaufredus;7089;gaut~frith;DMP;
gaufredus;267990;gaufredus;7089;gaut~frith;DMP;
gaufredus;268033;gaufredus;7089;gaut~frith;DMP;
gaufredus;268186;gaufredus;7089;gaut~frith;DMP;
gaufredus;268234;gaufredus;7089;gaut~frith;DMP;
gaufredus;268236;gaufredus;7089;gaut~frith;DMP;
gaufredus;268279;gaufredus;7089;gaut~frith;DMP;
gaufredus;268362;gaufredus;7089;gaut~frith;DMP;
gaufredus;268408;gaufredus;7089;gaut~frith;DMP;
gaufredus;268489;gaufredus;7089;gaut~frith;DMP;
gaufredus;268536;gaufredus;7089;gaut~frith;DMP;
gaufredus;268686;gaufredus;7089;gaut~frith;DMP;
gaufredus;268779;gaufredus;7089;gaut~frith;DMP;
gaufredus;268830;gaufredus;7089;gaut~frith;DMP;
gaufredus;268980;gaufredus;7089;gaut~frith;DMP;
gaufredus;269071;gaufredus;7089;gaut~frith;DMP;
gaufredus;269231;gaufredus;7089;gaut~frith;DMP;
gaufredus;269232;gaufredus;7089;gaut~frith;DMP;
gaufredus;269284;gaufredus;7089;gaut~frith;DMP;
gaufredus;269285;gaufredus;7089;gaut~frith;DMP;
gaufredus;269286;gaufredus;7089;gaut~frith;DMP;
gaufredus;269324;gaufredus;7089;gaut~frith;DMP;
gaufredus;269325;gaufredus;7089;gaut~frith;DMP;
gaufredus;269510;gaufredus;7089;gaut~frith;DMP;
gaufredus;269511;gaufredus;7089;gaut~frith;DMP;
gaufredus;269567;gaufredus;7089;gaut~frith;DMP;
gaufredus;269659;gaufredus;7089;gaut~frith;DMP;
gaufredus;269714;gaufredus;7089;gaut~frith;DMP;
gaufredus;269812;gaufredus;7089;gaut~frith;DMP;
gaufredus;270092;gaufredus;7089;gaut~frith;DMP;
gaufredus;270245;gaufredus;7089;gaut~frith;DMP;
gaufredus;270348;gaufredus;7089;gaut~frith;DMP;
gaufredus;270399;gaufredus;7089;gaut~frith;DMP;
gaufredus;270499;gaufredus;7089;gaut~frith;DMP;
gaufredus;270733;gaufredus;7089;gaut~frith;DMP;
gaufredus;270734;gaufredus;7089;gaut~frith;DMP;
gaufredus;270780;gaufredus;7089;gaut~frith;DMP;
gaufredus;270781;gaufredus;7089;gaut~frith;DMP;
gaufredus;270868;gaufredus;7089;gaut~frith;DMP;
gaufredus;270870;gaufredus;7089;gaut~frith;DMP;
gaufredus;270918;gaufredus;7089;gaut~frith;DMP;
gaufredus;270919;gaufredus;7089;gaut~frith;DMP;
gaufredus;270963;gaufredus;7089;gaut~frith;DMP;
gaufredus;271009;gaufredus;7089;gaut~frith;DMP;
gaufredus;271067;gaufredus;7089;gaut~frith;DMP;
gaufredus;271068;gaufredus;7089;gaut~frith;DMP;
gaufredus;271169;gaufredus;7089;gaut~frith;DMP;
gaufredus;271170;gaufredus;7089;gaut~frith;DMP;
gaufredus;271445;gaufredus;7089;gaut~frith;DMP;
gaufredus;271552;gaufredus;7089;gaut~frith;DMP;
gaufredus;271660;gaufredus;7089;gaut~frith;DMP;
gaufredus;271661;gaufredus;7089;gaut~frith;DMP;
gaufredus;271702;gaufredus;7089;gaut~frith;DMP;
gaufredus;271703;gaufredus;7089;gaut~frith;DMP;
gaufredus;271929;gaufredus;7089;gaut~frith;DMP;
gaufredus;271930;gaufredus;7089;gaut~frith;DMP;
gaufredus;271977;gaufredus;7089;gaut~frith;DMP;
gaufredus;272016;gaufredus;7089;gaut~frith;DMP;
gaufredus;272017;gaufredus;7089;gaut~frith;DMP;
gaufredus;272062;gaufredus;7089;gaut~frith;DMP;
gaufredus;272063;gaufredus;7089;gaut~frith;DMP;
gaufredus;272064;gaufredus;7089;gaut~frith;DMP;
gaufredus;272104;gaufredus;7089;gaut~frith;DMP;
gaufredus;272165;gaufredus;7089;gaut~frith;DMP;
gaufredus;272258;gaufredus;7089;gaut~frith;DMP;
gaufredus;272259;gaufredus;7089;gaut~frith;DMP;
gaufredus;272260;gaufredus;7089;gaut~frith;DMP;
gaufredus;272307;gaufredus;7089;gaut~frith;DMP;
gaufredus;272308;gaufredus;7089;gaut~frith;DMP;
gaufredus;272353;gaufredus;7089;gaut~frith;DMP;
gaufredus;272657;gaufredus;7089;gaut~frith;DMP;
gaufredus;272748;gaufredus;7089;gaut~frith;DMP;
gaufredus;272806;gaufredus;7089;gaut~frith;DMP;
gaufredus;272887;gaufredus;7089;gaut~frith;DMP;
gaufredus;272888;gaufredus;7089;gaut~frith;DMP;
gaufredus;272889;gaufredus;7089;gaut~frith;DMP;
gaufredus;272890;gaufredus;7089;gaut~frith;DMP;
gaufredus;273100;gaufredus;7089;gaut~frith;DMP;
gaufredus;273143;gaufredus;7089;gaut~frith;DMP;
gaufredus;273384;gaufredus;7089;gaut~frith;DMP;
gaufredus;273385;gaufredus;7089;gaut~frith;DMP;
gaufredus;273427;gaufredus;7089;gaut~frith;DMP;
gaufredus;273479;gaufredus;7089;gaut~frith;DMP;
gaufredus;273529;gaufredus;7089;gaut~frith;DMP;
gaufredus;273562;gaufredus;7089;gaut~frith;DMP;
gaufredus;273563;gaufredus;7089;gaut~frith;DMP;
gaufredus;273564;gaufredus;7089;gaut~frith;DMP;
gaufredus;273812;gaufredus;7089;gaut~frith;DMP;
gaufredus;273850;gaufredus;7089;gaut~frith;DMP;
gaufredus;273900;gaufredus;7089;gaut~frith;DMP;
gaufredus;273940;gaufredus;7089;gaut~frith;DMP;
gaufredus;274007;gaufredus;7089;gaut~frith;DMP;
gaufredus;274008;gaufredus;7089;gaut~frith;DMP;
gaufredus;274100;gaufredus;7089;gaut~frith;DMP;
gaufredus;274101;gaufredus;7089;gaut~frith;DMP;
gaufredus;274102;gaufredus;7089;gaut~frith;DMP;
gaufredus;274234;gaufredus;7089;gaut~frith;DMP;
gaufredus;274283;gaufredus;7089;gaut~frith;DMP;
gaufredus;274431;gaufredus;7089;gaut~frith;DMP;
gaufredus;274432;gaufredus;7089;gaut~frith;DMP;
gaufredus;274476;gaufredus;7089;gaut~frith;DMP;
gaufredus;274526;gaufredus;7089;gaut~frith;DMP;
gaufredus;274527;gaufredus;7089;gaut~frith;DMP;
gaufredus;274572;gaufredus;7089;gaut~frith;DMP;
gaufredus;274671;gaufredus;7089;gaut~frith;DMP;
gaufredus;274672;gaufredus;7089;gaut~frith;DMP;
gaufredus;274673;gaufredus;7089;gaut~frith;DMP;
gaufredus;274674;gaufredus;7089;gaut~frith;DMP;
gaufredus;274716;gaufredus;7089;gaut~frith;DMP;
gaufredus;274717;gaufredus;7089;gaut~frith;DMP;
gaufredus;274777;gaufredus;7089;gaut~frith;DMP;
gaufredus;274818;gaufredus;7089;gaut~frith;DMP;
gaufredus;274918;gaufredus;7089;gaut~frith;DMP;
gaufredus;275254;gaufredus;7089;gaut~frith;DMP;
gaufredus;275255;gaufredus;7089;gaut~frith;DMP;
gaufredus;275256;gaufredus;7089;gaut~frith;DMP;
gaufredus;275309;gaufredus;7089;gaut~frith;DMP;
gaufredus;275310;gaufredus;7089;gaut~frith;DMP;
gaufredus;275311;gaufredus;7089;gaut~frith;DMP;
gaufredus;275312;gaufredus;7089;gaut~frith;DMP;
gaufredus;275453;gaufredus;7089;gaut~frith;DMP;
gaufredus;275505;gaufredus;7089;gaut~frith;DMP;
gaufredus;275557;gaufredus;7089;gaut~frith;DMP;
gaufredus;275558;gaufredus;7089;gaut~frith;DMP;
gaufredus;275601;gaufredus;7089;gaut~frith;DMP;
gaufredus;275693;gaufredus;7089;gaut~frith;DMP;
gaufredus;275751;gaufredus;7089;gaut~frith;DMP;
gaufredus;275842;gaufredus;7089;gaut~frith;DMP;
gaufredus;275843;gaufredus;7089;gaut~frith;DMP;
gaufredus;275888;gaufredus;7089;gaut~frith;DMP;
gaufredus;275937;gaufredus;7089;gaut~frith;DMP;
gaufredus;276039;gaufredus;7089;gaut~frith;DMP;
gaufredus;276092;gaufredus;7089;gaut~frith;DMP;
gaufredus;276198;gaufredus;7089;gaut~frith;DMP;
gaufredus;276200;gaufredus;7089;gaut~frith;DMP;
gaufredus;276247;gaufredus;7089;gaut~frith;DMP;
gaufredus;276293;gaufredus;7089;gaut~frith;DMP;
gaufredus;276294;gaufredus;7089;gaut~frith;DMP;
gaufredus;276296;gaufredus;7089;gaut~frith;DMP;
gaufredus;276342;gaufredus;7089;gaut~frith;DMP;
gaufredus;276343;gaufredus;7089;gaut~frith;DMP;
gaufredus;276430;gaufredus;7089;gaut~frith;DMP;
gaufredus;276431;gaufredus;7089;gaut~frith;DMP;
gaufredus;276432;gaufredus;7089;gaut~frith;DMP;
gaufredus;276559;gaufredus;7089;gaut~frith;DMP;
gaufredus;276599;gaufredus;7089;gaut~frith;DMP;
gaufredus;276645;gaufredus;7089;gaut~frith;DMP;
gaufredus;276646;gaufredus;7089;gaut~frith;DMP;
gaufredus;276703;gaufredus;7089;gaut~frith;DMP;
gaufredus;276705;gaufredus;7089;gaut~frith;DMP;
gaufredus;276747;gaufredus;7089;gaut~frith;DMP;
gaufredus;276851;gaufredus;7089;gaut~frith;DMP;
gaufredus;276852;gaufredus;7089;gaut~frith;DMP;
gaufredus;276938;gaufredus;7089;gaut~frith;DMP;
gaufredus;277297;gaufredus;7089;gaut~frith;DMP;
gaufredus;277448;gaufredus;7089;gaut~frith;DMP;
gaufredus;277646;gaufredus;7089;gaut~frith;DMP;
gaufredus;277647;gaufredus;7089;gaut~frith;DMP;
gaufredus;277648;gaufredus;7089;gaut~frith;DMP;
gaufredus;277685;gaufredus;7089;gaut~frith;DMP;
gaufredus;277728;gaufredus;7089;gaut~frith;DMP;
gaufredus;277729;gaufredus;7089;gaut~frith;DMP;
gaufredus;277887;gaufredus;7089;gaut~frith;DMP;
gaufredus;277978;gaufredus;7089;gaut~frith;DMP;
gaufredus;277979;gaufredus;7089;gaut~frith;DMP;
gaufredus;278026;gaufredus;7089;gaut~frith;DMP;
gaufredus;278077;gaufredus;7089;gaut~frith;DMP;
gaufredus;278227;gaufredus;7089;gaut~frith;DMP;
gaufredus;278228;gaufredus;7089;gaut~frith;DMP;
gaufredus;278229;gaufredus;7089;gaut~frith;DMP;
gaufredus;278419;gaufredus;7089;gaut~frith;DMP;
gaufredus;278466;gaufredus;7089;gaut~frith;DMP;
gaufredus;240204;gaufredus;7089;gaut~frith;DMP;
gaufredus;240254;gaufredus;7089;gaut~frith;DMP;
gaufredus;240255;gaufredus;7089;gaut~frith;DMP;
gaufredus;240256;gaufredus;7089;gaut~frith;DMP;
gaufredus;240257;gaufredus;7089;gaut~frith;DMP;
gaufredus;240462;gaufredus;7089;gaut~frith;DMP;
gaufredus;240509;gaufredus;7089;gaut~frith;DMP;
gaufredus;240564;gaufredus;7089;gaut~frith;DMP;
gaufredus;240565;gaufredus;7089;gaut~frith;DMP;
gaufredus;241171;gaufredus;7089;gaut~frith;DMP;
gaufredus;241172;gaufredus;7089;gaut~frith;DMP;
gaufredus;241218;gaufredus;7089;gaut~frith;DMP;
gaufredus;241325;gaufredus;7089;gaut~frith;DMP;
gaufredus;241564;gaufredus;7089;gaut~frith;DMP;
gaufredus;241772;gaufredus;7089;gaut~frith;DMP;
gaufredus;243445;gaufredus;7089;gaut~frith;DMP;
gaufredus;243550;gaufredus;7089;gaut~frith;DMP;
gaufredus;243602;gaufredus;7089;gaut~frith;DMP;
gaufredus;243700;gaufredus;7089;gaut~frith;DMP;
gaufredus;243958;gaufredus;7089;gaut~frith;DMP;
gaufredus;244101;gaufredus;7089;gaut~frith;DMP;
gaufredus;244316;gaufredus;7089;gaut~frith;DMP;
gaufredus;244416;gaufredus;7089;gaut~frith;DMP;
gaufredus;244621;gaufredus;7089;gaut~frith;DMP;
gaufredus;244623;gaufredus;7089;gaut~frith;DMP;
gaufredus;244624;gaufredus;7089;gaut~frith;DMP;
gaufredus;244625;gaufredus;7089;gaut~frith;DMP;
gaufredus;244686;gaufredus;7089;gaut~frith;DMP;
gaufredus;244885;gaufredus;7089;gaut~frith;DMP;
gaufredus;245069;gaufredus;7089;gaut~frith;DMP;
gaufredus;245222;gaufredus;7089;gaut~frith;DMP;
gaufredus;245268;gaufredus;7089;gaut~frith;DMP;
gaufredus;245331;gaufredus;7089;gaut~frith;DMP;
gaufredus;245827;gaufredus;7089;gaut~frith;DMP;
gaufredus;245880;gaufredus;7089;gaut~frith;DMP;
gaufredus;245881;gaufredus;7089;gaut~frith;DMP;
gaufredus;245882;gaufredus;7089;gaut~frith;DMP;
gaufredus;245917;gaufredus;7089;gaut~frith;DMP;
gaufredus;246115;gaufredus;7089;gaut~frith;DMP;
gaufredus;246278;gaufredus;7089;gaut~frith;DMP;
gaufredus;246328;gaufredus;7089;gaut~frith;DMP;
gaufredus;246373;gaufredus;7089;gaut~frith;DMP;
gaufredus;246427;gaufredus;7089;gaut~frith;DMP;
gaufredus;246581;gaufredus;7089;gaut~frith;DMP;
gaufredus;246582;gaufredus;7089;gaut~frith;DMP;
gaufredus;246583;gaufredus;7089;gaut~frith;DMP;
gaufredus;246679;gaufredus;7089;gaut~frith;DMP;
gaufredus;246680;gaufredus;7089;gaut~frith;DMP;
gaufredus;246840;gaufredus;7089;gaut~frith;DMP;
gaufredus;246841;gaufredus;7089;gaut~frith;DMP;
gaufredus;247293;gaufredus;7089;gaut~frith;DMP;
gaufredus;247398;gaufredus;7089;gaut~frith;DMP;
gaufredus;247399;gaufredus;7089;gaut~frith;DMP;
gaufredus;247400;gaufredus;7089;gaut~frith;DMP;
gaufredus;247401;gaufredus;7089;gaut~frith;DMP;
gaufredus;247541;gaufredus;7089;gaut~frith;DMP;
gaufredus;247542;gaufredus;7089;gaut~frith;DMP;
gaufredus;247701;gaufredus;7089;gaut~frith;DMP;
gaufredus;247756;gaufredus;7089;gaut~frith;DMP;
gaufredus;247804;gaufredus;7089;gaut~frith;DMP;
gaufredus;247909;gaufredus;7089;gaut~frith;DMP;
gaufredus;248113;gaufredus;7089;gaut~frith;DMP;
gaufredus;248212;gaufredus;7089;gaut~frith;DMP;
gaufredus;248422;gaufredus;7089;gaut~frith;DMP;
gaufredus;248423;gaufredus;7089;gaut~frith;DMP;
gaufredus;248424;gaufredus;7089;gaut~frith;DMP;
gaufredus;248476;gaufredus;7089;gaut~frith;DMP;
gaufredus;248577;gaufredus;7089;gaut~frith;DMP;
gaufredus;248578;gaufredus;7089;gaut~frith;DMP;
gaufredus;248728;gaufredus;7089;gaut~frith;DMP;
gaufredus;248779;gaufredus;7089;gaut~frith;DMP;
gaufredus;248828;gaufredus;7089;gaut~frith;DMP;
gaufredus;248876;gaufredus;7089;gaut~frith;DMP;
gaufredus;248877;gaufredus;7089;gaut~frith;DMP;
gaufredus;248932;gaufredus;7089;gaut~frith;DMP;
gaufredus;248933;gaufredus;7089;gaut~frith;DMP;
gaufredus;249286;gaufredus;7089;gaut~frith;DMP;
gaufredus;249437;gaufredus;7089;gaut~frith;DMP;
gaufredus;249548;gaufredus;7089;gaut~frith;DMP;
gaufredus;249599;gaufredus;7089;gaut~frith;DMP;
gaufredus;249960;gaufredus;7089;gaut~frith;DMP;
gaufredus;250008;gaufredus;7089;gaut~frith;DMP;
gaufredus;250063;gaufredus;7089;gaut~frith;DMP;
gaufredus;250111;gaufredus;7089;gaut~frith;DMP;
gaufredus;250112;gaufredus;7089;gaut~frith;DMP;
gaufredus;250113;gaufredus;7089;gaut~frith;DMP;
gaufredus;250169;gaufredus;7089;gaut~frith;DMP;
gaufredus;250170;gaufredus;7089;gaut~frith;DMP;
gaufredus;250219;gaufredus;7089;gaut~frith;DMP;
gaufredus;250422;gaufredus;7089;gaut~frith;DMP;
gaufredus;250423;gaufredus;7089;gaut~frith;DMP;
gaufredus;250619;gaufredus;7089;gaut~frith;DMP;
gaufredus;250666;gaufredus;7089;gaut~frith;DMP;
gaufredus;250725;gaufredus;7089;gaut~frith;DMP;
gaufredus;250762;gaufredus;7089;gaut~frith;DMP;
gaufredus;250830;gaufredus;7089;gaut~frith;DMP;
gaufredus;250883;gaufredus;7089;gaut~frith;DMP;
gaufredus;250978;gaufredus;7089;gaut~frith;DMP;
gaufredus;251032;gaufredus;7089;gaut~frith;DMP;
gaufredus;251033;gaufredus;7089;gaut~frith;DMP;
gaufredus;251076;gaufredus;7089;gaut~frith;DMP;
gaufredus;251185;gaufredus;7089;gaut~frith;DMP;
gaufredus;251235;gaufredus;7089;gaut~frith;DMP;
gaufredus;251236;gaufredus;7089;gaut~frith;DMP;
gaufredus;251338;gaufredus;7089;gaut~frith;DMP;
gaufredus;251339;gaufredus;7089;gaut~frith;DMP;
gaufredus;251340;gaufredus;7089;gaut~frith;DMP;
gaufredus;251341;gaufredus;7089;gaut~frith;DMP;
gaufredus;251487;gaufredus;7089;gaut~frith;DMP;
gaufredus;251534;gaufredus;7089;gaut~frith;DMP;
gaufredus;251686;gaufredus;7089;gaut~frith;DMP;
gaufredus;251687;gaufredus;7089;gaut~frith;DMP;
gaufredus;251835;gaufredus;7089;gaut~frith;DMP;
gaufredus;251995;gaufredus;7089;gaut~frith;DMP;
gaufredus;252044;gaufredus;7089;gaut~frith;DMP;
gaufredus;252045;gaufredus;7089;gaut~frith;DMP;
gaufredus;252046;gaufredus;7089;gaut~frith;DMP;
gaufredus;252047;gaufredus;7089;gaut~frith;DMP;
gaufredus;252098;gaufredus;7089;gaut~frith;DMP;
gaufredus;252099;gaufredus;7089;gaut~frith;DMP;
gaufredus;252151;gaufredus;7089;gaut~frith;DMP;
gaufredus;252414;gaufredus;7089;gaut~frith;DMP;
gaufredus;252463;gaufredus;7089;gaut~frith;DMP;
gaufredus;252511;gaufredus;7089;gaut~frith;DMP;
gaufredus;252558;gaufredus;7089;gaut~frith;DMP;
gaufredus;252615;gaufredus;7089;gaut~frith;DMP;
gaufredus;252617;gaufredus;7089;gaut~frith;DMP;
gaufredus;252670;gaufredus;7089;gaut~frith;DMP;
gaufredus;252904;gaufredus;7089;gaut~frith;DMP;
gaufredus;252951;gaufredus;7089;gaut~frith;DMP;
gaufredus;252952;gaufredus;7089;gaut~frith;DMP;
gaufredus;253099;gaufredus;7089;gaut~frith;DMP;
gaufredus;253147;gaufredus;7089;gaut~frith;DMP;
gaufredus;253148;gaufredus;7089;gaut~frith;DMP;
gaufredus;253149;gaufredus;7089;gaut~frith;DMP;
gaufredus;253239;gaufredus;7089;gaut~frith;DMP;
gaufredus;253240;gaufredus;7089;gaut~frith;DMP;
gaufredus;253290;gaufredus;7089;gaut~frith;DMP;
gaufredus;253336;gaufredus;7089;gaut~frith;DMP;
gaufredus;253337;gaufredus;7089;gaut~frith;DMP;
gaufredus;253338;gaufredus;7089;gaut~frith;DMP;
gaufredus;253612;gaufredus;7089;gaut~frith;DMP;
gaufredus;253761;gaufredus;7089;gaut~frith;DMP;
gaufredus;253856;gaufredus;7089;gaut~frith;DMP;
gaufredus;253947;gaufredus;7089;gaut~frith;DMP;
gaufredus;253948;gaufredus;7089;gaut~frith;DMP;
gaufredus;253949;gaufredus;7089;gaut~frith;DMP;
gaufredus;254043;gaufredus;7089;gaut~frith;DMP;
gaufredus;254104;gaufredus;7089;gaut~frith;DMP;
gaufredus;254105;gaufredus;7089;gaut~frith;DMP;
gaufredus;254196;gaufredus;7089;gaut~frith;DMP;
gaufredus;254197;gaufredus;7089;gaut~frith;DMP;
gaufredus;254241;gaufredus;7089;gaut~frith;DMP;
gaufredus;254288;gaufredus;7089;gaut~frith;DMP;
gaufredus;254338;gaufredus;7089;gaut~frith;DMP;
gaufredus;254496;gaufredus;7089;gaut~frith;DMP;
gaufredus;254540;gaufredus;7089;gaut~frith;DMP;
gaufredus;254631;gaufredus;7089;gaut~frith;DMP;
gaufredus;254692;gaufredus;7089;gaut~frith;DMP;
gaufredus;254741;gaufredus;7089;gaut~frith;DMP;
gaufredus;254837;gaufredus;7089;gaut~frith;DMP;
gaufredus;254838;gaufredus;7089;gaut~frith;DMP;
gaufredus;254883;gaufredus;7089;gaut~frith;DMP;
gaufredus;254884;gaufredus;7089;gaut~frith;DMP;
gaufredus;254977;gaufredus;7089;gaut~frith;DMP;
gaufredus;255069;gaufredus;7089;gaut~frith;DMP;
gaufredus;255070;gaufredus;7089;gaut~frith;DMP;
gaufredus;255130;gaufredus;7089;gaut~frith;DMP;
gaufredus;255176;gaufredus;7089;gaut~frith;DMP;
gaufredus;255177;gaufredus;7089;gaut~frith;DMP;
gaufredus;255178;gaufredus;7089;gaut~frith;DMP;
gaufredus;255230;gaufredus;7089;gaut~frith;DMP;
gaufredus;255231;gaufredus;7089;gaut~frith;DMP;
gaufredus;255276;gaufredus;7089;gaut~frith;DMP;
gaufredus;255328;gaufredus;7089;gaut~frith;DMP;
gaufredus;255393;gaufredus;7089;gaut~frith;DMP;
gaufredus;255444;gaufredus;7089;gaut~frith;DMP;
gaufredus;255634;gaufredus;7089;gaut~frith;DMP;
gaufredus;255702;gaufredus;7089;gaut~frith;DMP;
gaufredus;256000;gaufredus;7089;gaut~frith;DMP;
gaufredus;256109;gaufredus;7089;gaut~frith;DMP;
gaufredus;256300;gaufredus;7089;gaut~frith;DMP;
gaufredus;256410;gaufredus;7089;gaut~frith;DMP;
gaufredus;256617;gaufredus;7089;gaut~frith;DMP;
gaufredus;256662;gaufredus;7089;gaut~frith;DMP;
gaufredus;256766;gaufredus;7089;gaut~frith;DMP;
gaufredus;256821;gaufredus;7089;gaut~frith;DMP;
gaufredus;256822;gaufredus;7089;gaut~frith;DMP;
gaufredus;256967;gaufredus;7089;gaut~frith;DMP;
gaufredus;256968;gaufredus;7089;gaut~frith;DMP;
gaufredus;257059;gaufredus;7089;gaut~frith;DMP;
gaufredus;257215;gaufredus;7089;gaut~frith;DMP;
gaufredus;257571;gaufredus;7089;gaut~frith;DMP;
gaufredus;257628;gaufredus;7089;gaut~frith;DMP;
gaufredus;257681;gaufredus;7089;gaut~frith;DMP;
gaufredus;257786;gaufredus;7089;gaut~frith;DMP;
gaufredus;257870;gaufredus;7089;gaut~frith;DMP;
gaufredus;258026;gaufredus;7089;gaut~frith;DMP;
gaufredus;258027;gaufredus;7089;gaut~frith;DMP;
gaufredus;258073;gaufredus;7089;gaut~frith;DMP;
gaufredus;258074;gaufredus;7089;gaut~frith;DMP;
gaufredus;258075;gaufredus;7089;gaut~frith;DMP;
gaufredus;258181;gaufredus;7089;gaut~frith;DMP;
gaufredus;258228;gaufredus;7089;gaut~frith;DMP;
gaufredus;258229;gaufredus;7089;gaut~frith;DMP;
gaufredus;258488;gaufredus;7089;gaut~frith;DMP;
gaufredus;258626;gaufredus;7089;gaut~frith;DMP;
gaufredus;258668;gaufredus;7089;gaut~frith;DMP;
gaufredus;258723;gaufredus;7089;gaut~frith;DMP;
gaufredus;258825;gaufredus;7089;gaut~frith;DMP;
gaufredus;259029;gaufredus;7089;gaut~frith;DMP;
gaufredus;259030;gaufredus;7089;gaut~frith;DMP;
gaufredus;259031;gaufredus;7089;gaut~frith;DMP;
gaufredus;259215;gaufredus;7089;gaut~frith;DMP;
gaufredus;259216;gaufredus;7089;gaut~frith;DMP;
gaufredus;259409;gaufredus;7089;gaut~frith;DMP;
gaufredus;259615;gaufredus;7089;gaut~frith;DMP;
gaufredus;259856;gaufredus;7089;gaut~frith;DMP;
gaufredus;260001;gaufredus;7089;gaut~frith;DMP;
gaufredus;260097;gaufredus;7089;gaut~frith;DMP;
gaufredus;260098;gaufredus;7089;gaut~frith;DMP;
gaufredus;260146;gaufredus;7089;gaut~frith;DMP;
gaufredus;260238;gaufredus;7089;gaut~frith;DMP;
gaufredus;260288;gaufredus;7089;gaut~frith;DMP;
gaufredus;260385;gaufredus;7089;gaut~frith;DMP;
gaufredus;260428;gaufredus;7089;gaut~frith;DMP;
gaufredus;260429;gaufredus;7089;gaut~frith;DMP;
gaufredus;260430;gaufredus;7089;gaut~frith;DMP;
gaufredus;260571;gaufredus;7089;gaut~frith;DMP;
gaufredus;260625;gaufredus;7089;gaut~frith;DMP;
gaufredus;260867;gaufredus;7089;gaut~frith;DMP;
gaufredus;260915;gaufredus;7089;gaut~frith;DMP;
gaufredus;260968;gaufredus;7089;gaut~frith;DMP;
gaufredus;261015;gaufredus;7089;gaut~frith;DMP;
gaufredus;261060;gaufredus;7089;gaut~frith;DMP;
gaufredus;261210;gaufredus;7089;gaut~frith;DMP;
gaufredus;261257;gaufredus;7089;gaut~frith;DMP;
gaufredus;261349;gaufredus;7089;gaut~frith;DMP;
gaufredus;261397;gaufredus;7089;gaut~frith;DMP;
gaufredus;261451;gaufredus;7089;gaut~frith;DMP;
gaufredus;261498;gaufredus;7089;gaut~frith;DMP;
gaufredus;261542;gaufredus;7089;gaut~frith;DMP;
gaufredus;261591;gaufredus;7089;gaut~frith;DMP;
gaufredus;261633;gaufredus;7089;gaut~frith;DMP;
gaufredus;261734;gaufredus;7089;gaut~frith;DMP;
gaufredus;261786;gaufredus;7089;gaut~frith;DMP;
gaufredus;261829;gaufredus;7089;gaut~frith;DMP;
gaufredus;261830;gaufredus;7089;gaut~frith;DMP;
gaufredus;226859;gaufredus;7089;gaut~frith;DMP;
gaufredus;230614;gaufredus;7089;gaut~frith;DMP;
gaufredus;230615;gaufredus;7089;gaut~frith;DMP;
gaufredus;231242;gaufredus;7089;gaut~frith;DMP;
gaufredus;232746;gaufredus;7089;gaut~frith;DMP;
gaufredus;233252;gaufredus;7089;gaut~frith;DMP;
gaufredus;233405;gaufredus;7089;gaut~frith;DMP;
gaufredus;233512;gaufredus;7089;gaut~frith;DMP;
gaufredus;233559;gaufredus;7089;gaut~frith;DMP;
gaufredus;233603;gaufredus;7089;gaut~frith;DMP;
gaufredus;233852;gaufredus;7089;gaut~frith;DMP;
gaufredus;233955;gaufredus;7089;gaut~frith;DMP;
gaufredus;234055;gaufredus;7089;gaut~frith;DMP;
gaufredus;234154;gaufredus;7089;gaut~frith;DMP;
gaufredus;234208;gaufredus;7089;gaut~frith;DMP;
gaufredus;234310;gaufredus;7089;gaut~frith;DMP;
gaufredus;234565;gaufredus;7089;gaut~frith;DMP;
gaufredus;234622;gaufredus;7089;gaut~frith;DMP;
gaufredus;234623;gaufredus;7089;gaut~frith;DMP;
gaufredus;234672;gaufredus;7089;gaut~frith;DMP;
gaufredus;234972;gaufredus;7089;gaut~frith;DMP;
gaufredus;235023;gaufredus;7089;gaut~frith;DMP;
gaufredus;235125;gaufredus;7089;gaut~frith;DMP;
gaufredus;235178;gaufredus;7089;gaut~frith;DMP;
gaufredus;235677;gaufredus;7089;gaut~frith;DMP;
gaufredus;235678;gaufredus;7089;gaut~frith;DMP;
gaufredus;235679;gaufredus;7089;gaut~frith;DMP;
gaufredus;235892;gaufredus;7089;gaut~frith;DMP;
gaufredus;236095;gaufredus;7089;gaut~frith;DMP;
gaufredus;236143;gaufredus;7089;gaut~frith;DMP;
gaufredus;236144;gaufredus;7089;gaut~frith;DMP;
gaufredus;236195;gaufredus;7089;gaut~frith;DMP;
gaufredus;236196;gaufredus;7089;gaut~frith;DMP;
gaufredus;236250;gaufredus;7089;gaut~frith;DMP;
gaufredus;236353;gaufredus;7089;gaut~frith;DMP;
gaufredus;236512;gaufredus;7089;gaut~frith;DMP;
gaufredus;236559;gaufredus;7089;gaut~frith;DMP;
gaufredus;236615;gaufredus;7089;gaut~frith;DMP;
gaufredus;236871;gaufredus;7089;gaut~frith;DMP;
gaufredus;236927;gaufredus;7089;gaut~frith;DMP;
gaufredus;237068;gaufredus;7089;gaut~frith;DMP;
gaufredus;237166;gaufredus;7089;gaut~frith;DMP;
gaufredus;237263;gaufredus;7089;gaut~frith;DMP;
gaufredus;237370;gaufredus;7089;gaut~frith;DMP;
gaufredus;237662;gaufredus;7089;gaut~frith;DMP;
gaufredus;237768;gaufredus;7089;gaut~frith;DMP;
gaufredus;237823;gaufredus;7089;gaut~frith;DMP;
gaufredus;237974;gaufredus;7089;gaut~frith;DMP;
gaufredus;238031;gaufredus;7089;gaut~frith;DMP;
gaufredus;238082;gaufredus;7089;gaut~frith;DMP;
gaufredus;238251;gaufredus;7089;gaut~frith;DMP;
gaufredus;238476;gaufredus;7089;gaut~frith;DMP;
gaufredus;238477;gaufredus;7089;gaut~frith;DMP;
gaufredus;238913;gaufredus;7089;gaut~frith;DMP;
gaufredus;238914;gaufredus;7089;gaut~frith;DMP;
gaufredus;238916;gaufredus;7089;gaut~frith;DMP;
gaufredus;239126;gaufredus;7089;gaut~frith;DMP;
gaufredus;239428;gaufredus;7089;gaut~frith;DMP;
gaufredus;239474;gaufredus;7089;gaut~frith;DMP;
gaufredus;239625;gaufredus;7089;gaut~frith;DMP;
gaufredus;239671;gaufredus;7089;gaut~frith;DMP;
gaufredus;239672;gaufredus;7089;gaut~frith;DMP;
gaufredus;239673;gaufredus;7089;gaut~frith;DMP;
gaufredus;239674;gaufredus;7089;gaut~frith;DMP;
gaufredus;239675;gaufredus;7089;gaut~frith;DMP;
gaufredus;239724;gaufredus;7089;gaut~frith;DMP;
gaufredus;239725;gaufredus;7089;gaut~frith;DMP;
gaufredus;239768;gaufredus;7089;gaut~frith;DMP;
gaufredus;239769;gaufredus;7089;gaut~frith;DMP;
gaufredus;239770;gaufredus;7089;gaut~frith;DMP;
gaufredus;239825;gaufredus;7089;gaut~frith;DMP;
gaufredus;239826;gaufredus;7089;gaut~frith;DMP;
gaufredus;239827;gaufredus;7089;gaut~frith;DMP;
gaufredus;239828;gaufredus;7089;gaut~frith;DMP;
gaufredus;239829;gaufredus;7089;gaut~frith;DMP;
gaufredus;239831;gaufredus;7089;gaut~frith;DMP;
gaufredus;239878;gaufredus;7089;gaut~frith;DMP;
gaufredus;239879;gaufredus;7089;gaut~frith;DMP;
gaufredus;239880;gaufredus;7089;gaut~frith;DMP;
gaufredus;239881;gaufredus;7089;gaut~frith;DMP;
gaufredus;239929;gaufredus;7089;gaut~frith;DMP;
gaufredus;239930;gaufredus;7089;gaut~frith;DMP;
gaufredus;239931;gaufredus;7089;gaut~frith;DMP;
gaufredus;239932;gaufredus;7089;gaut~frith;DMP;
gaufredus;239933;gaufredus;7089;gaut~frith;DMP;
gaufredus;239934;gaufredus;7089;gaut~frith;DMP;
gaufredus;239935;gaufredus;7089;gaut~frith;DMP;
gaufredus;239936;gaufredus;7089;gaut~frith;DMP;
gaufredus;239939;gaufredus;7089;gaut~frith;DMP;
gaufredus;239940;gaufredus;7089;gaut~frith;DMP;
gaufredus;239941;gaufredus;7089;gaut~frith;DMP;
gaufredus;239985;gaufredus;7089;gaut~frith;DMP;
gaufredus;239986;gaufredus;7089;gaut~frith;DMP;
gaufredus;239987;gaufredus;7089;gaut~frith;DMP;
gaufredus;239988;gaufredus;7089;gaut~frith;DMP;
gaufredus;239989;gaufredus;7089;gaut~frith;DMP;
gaufredus;239990;gaufredus;7089;gaut~frith;DMP;
gaufredus;239991;gaufredus;7089;gaut~frith;DMP;
gaufredus;239992;gaufredus;7089;gaut~frith;DMP;
gaufredus;239993;gaufredus;7089;gaut~frith;DMP;
gaufredus;239994;gaufredus;7089;gaut~frith;DMP;
gaufredus;239996;gaufredus;7089;gaut~frith;DMP;
gaufredus;240038;gaufredus;7089;gaut~frith;DMP;
gaufredus;240039;gaufredus;7089;gaut~frith;DMP;
gaufredus;240040;gaufredus;7089;gaut~frith;DMP;
gaufredus;240041;gaufredus;7089;gaut~frith;DMP;
gaufredus;240097;gaufredus;7089;gaut~frith;DMP;
gaufredus;240099;gaufredus;7089;gaut~frith;DMP;
gaufredus;240101;gaufredus;7089;gaut~frith;DMP;
gaufredus;240102;gaufredus;7089;gaut~frith;DMP;
gaufredus;240104;gaufredus;7089;gaut~frith;DMP;
gaufredus;240149;gaufredus;7089;gaut~frith;DMP;
gaufredus;240150;gaufredus;7089;gaut~frith;DMP;
gaufredus;240153;gaufredus;7089;gaut~frith;DMP;
gaufredus;240154;gaufredus;7089;gaut~frith;DMP;
gaufredus;240155;gaufredus;7089;gaut~frith;DMP;
gaufredus;240156;gaufredus;7089;gaut~frith;DMP;
gaufredus;240157;gaufredus;7089;gaut~frith;DMP;
gaufredus;240158;gaufredus;7089;gaut~frith;DMP;
gaufredus;240199;gaufredus;7089;gaut~frith;DMP;
gaufredus;240200;gaufredus;7089;gaut~frith;DMP;
gaufredus;240201;gaufredus;7089;gaut~frith;DMP;
gaufredus;240202;gaufredus;7089;gaut~frith;DMP;
gaufredus;240203;gaufredus;7089;gaut~frith;DMP;
gaufredus;278467;gaufredus;7089;gaut~frith;DMP;
gaufredus;278573;gaufredus;7089;gaut~frith;DMP;
gaufredus;278628;gaufredus;7089;gaut~frith;DMP;
gaufredus;278686;gaufredus;7089;gaut~frith;DMP;
gaufredus;278687;gaufredus;7089;gaut~frith;DMP;
gaufredus;278688;gaufredus;7089;gaut~frith;DMP;
gaufredus;278725;gaufredus;7089;gaut~frith;DMP;
gaufredus;278726;gaufredus;7089;gaut~frith;DMP;
gaufredus;278727;gaufredus;7089;gaut~frith;DMP;
gaufredus;278729;gaufredus;7089;gaut~frith;DMP;
gaufredus;278821;gaufredus;7089;gaut~frith;DMP;
gaufredus;278822;gaufredus;7089;gaut~frith;DMP;
gaufredus;278823;gaufredus;7089;gaut~frith;DMP;
gaufredus;279050;gaufredus;7089;gaut~frith;DMP;
gaufredus;279104;gaufredus;7089;gaut~frith;DMP;
gaufredus;279150;gaufredus;7089;gaut~frith;DMP;
gaufredus;279151;gaufredus;7089;gaut~frith;DMP;
gaufredus;279340;gaufredus;7089;gaut~frith;DMP;
gaufredus;279665;gaufredus;7089;gaut~frith;DMP;
gaufredus;279713;gaufredus;7089;gaut~frith;DMP;
gaufredus;279800;gaufredus;7089;gaut~frith;DMP;
gaufredus;279801;gaufredus;7089;gaut~frith;DMP;
gaufredus;279898;gaufredus;7089;gaut~frith;DMP;
gaufredus;279943;gaufredus;7089;gaut~frith;DMP;
gaufredus;279986;gaufredus;7089;gaut~frith;DMP;
gaufredus;280030;gaufredus;7089;gaut~frith;DMP;
gaufredus;280122;gaufredus;7089;gaut~frith;DMP;
gaufredus;280123;gaufredus;7089;gaut~frith;DMP;
gaufredus;280179;gaufredus;7089;gaut~frith;DMP;
gaufredus;280180;gaufredus;7089;gaut~frith;DMP;
gaufredus;280181;gaufredus;7089;gaut~frith;DMP;
gaufredus;280323;gaufredus;7089;gaut~frith;DMP;
gaufredus;280324;gaufredus;7089;gaut~frith;DMP;
gaufredus;280429;gaufredus;7089;gaut~frith;DMP;
gaufredus;280432;gaufredus;7089;gaut~frith;DMP;
gaufredus;280581;gaufredus;7089;gaut~frith;DMP;
gaufredus;280625;gaufredus;7089;gaut~frith;DMP;
gaufredus;280669;gaufredus;7089;gaut~frith;DMP;
gaufredus;280702;gaufredus;7089;gaut~frith;DMP;
gaufredus;280708;gaufredus;7089;gaut~frith;DMP;
gaufredus;280762;gaufredus;7089;gaut~frith;DMP;
gaufredus;280763;gaufredus;7089;gaut~frith;DMP;
gaufredus;280764;gaufredus;7089;gaut~frith;DMP;
gaufredus;280765;gaufredus;7089;gaut~frith;DMP;
gaufredus;280857;gaufredus;7089;gaut~frith;DMP;
gaufredus;280951;gaufredus;7089;gaut~frith;DMP;
gaufredus;280952;gaufredus;7089;gaut~frith;DMP;
gaufredus;281047;gaufredus;7089;gaut~frith;DMP;
gaufredus;281144;gaufredus;7089;gaut~frith;DMP;
gaufredus;281190;gaufredus;7089;gaut~frith;DMP;
gaufredus;281231;gaufredus;7089;gaut~frith;DMP;
gaufredus;281319;gaufredus;7089;gaut~frith;DMP;
gaufredus;281320;gaufredus;7089;gaut~frith;DMP;
gaufredus;281321;gaufredus;7089;gaut~frith;DMP;
gaufredus;281322;gaufredus;7089;gaut~frith;DMP;
gaufredus;281323;gaufredus;7089;gaut~frith;DMP;
gaufredus;281414;gaufredus;7089;gaut~frith;DMP;
gaufredus;281758;gaufredus;7089;gaut~frith;DMP;
gaufredus;281759;gaufredus;7089;gaut~frith;DMP;
gaufredus;281844;gaufredus;7089;gaut~frith;DMP;
gaufredus;281893;gaufredus;7089;gaut~frith;DMP;
gaufredus;282037;gaufredus;7089;gaut~frith;DMP;
gaufredus;282038;gaufredus;7089;gaut~frith;DMP;
gaufredus;282039;gaufredus;7089;gaut~frith;DMP;
gaufredus;282119;gaufredus;7089;gaut~frith;DMP;
gaufredus;282364;gaufredus;7089;gaut~frith;DMP;
gaufredus;282507;gaufredus;7089;gaut~frith;DMP;
gaufredus;282508;gaufredus;7089;gaut~frith;DMP;
gaufredus;282658;gaufredus;7089;gaut~frith;DMP;
gaufredus;282761;gaufredus;7089;gaut~frith;DMP;
gaufredus;283748;gaufredus;7089;gaut~frith;DMP;
gaufredus;284593;gaufredus;7089;gaut~frith;DMP;
gaufredus;285504;gaufredus;7089;gaut~frith;DMP;
gaufredus;285981;gaufredus;7089;gaut~frith;DMP;
gaufredus;286085;gaufredus;7089;gaut~frith;DMP;
gaufredus;286168;gaufredus;7089;gaut~frith;DMP;
gaufredus;286256;gaufredus;7089;gaut~frith;DMP;
gaufredus;286302;gaufredus;7089;gaut~frith;DMP;
gaufredus;286303;gaufredus;7089;gaut~frith;DMP;
gaufredus;286304;gaufredus;7089;gaut~frith;DMP;
gaufredus;286339;gaufredus;7089;gaut~frith;DMP;
gaufredus;286400;gaufredus;7089;gaut~frith;DMP;
gaufredus;286502;gaufredus;7089;gaut~frith;DMP;
gaufredus;286590;gaufredus;7089;gaut~frith;DMP;
gaufredus;286678;gaufredus;7089;gaut~frith;DMP;
gaufredus;286732;gaufredus;7089;gaut~frith;DMP;
gaufredus;286733;gaufredus;7089;gaut~frith;DMP;
gaufredus;286734;gaufredus;7089;gaut~frith;DMP;
gaufredus;286735;gaufredus;7089;gaut~frith;DMP;
gaufredus;286917;gaufredus;7089;gaut~frith;DMP;
gaufredus;287012;gaufredus;7089;gaut~frith;DMP;
gaufredus;287013;gaufredus;7089;gaut~frith;DMP;
gaufredus;287233;gaufredus;7089;gaut~frith;DMP;
gaufredus;287327;gaufredus;7089;gaut~frith;DMP;
gaufredus;287369;gaufredus;7089;gaut~frith;DMP;
gaufredus;287370;gaufredus;7089;gaut~frith;DMP;
gaufredus;287415;gaufredus;7089;gaut~frith;DMP;
gaufredus;287416;gaufredus;7089;gaut~frith;DMP;
gaufredus;287464;gaufredus;7089;gaut~frith;DMP;
gaufredus;287516;gaufredus;7089;gaut~frith;DMP;
gaufredus;287612;gaufredus;7089;gaut~frith;DMP;
gaufredus;287651;gaufredus;7089;gaut~frith;DMP;
gaufredus;287755;gaufredus;7089;gaut~frith;DMP;
gaufredus;287845;gaufredus;7089;gaut~frith;DMP;
gaufredus;287846;gaufredus;7089;gaut~frith;DMP;
gaufredus;287897;gaufredus;7089;gaut~frith;DMP;
gaufredus;287933;gaufredus;7089;gaut~frith;DMP;
gaufredus;288065;gaufredus;7089;gaut~frith;DMP;
gaufredus;288114;gaufredus;7089;gaut~frith;DMP;
gaufredus;288115;gaufredus;7089;gaut~frith;DMP;
gaufredus;288164;gaufredus;7089;gaut~frith;DMP;
gaufredus;288165;gaufredus;7089;gaut~frith;DMP;
gaufredus;288205;gaufredus;7089;gaut~frith;DMP;
gaufredus;288206;gaufredus;7089;gaut~frith;DMP;
gaufredus;288207;gaufredus;7089;gaut~frith;DMP;
gaufredus;288256;gaufredus;7089;gaut~frith;DMP;
gaufredus;288489;gaufredus;7089;gaut~frith;DMP;
gaufredus;288579;gaufredus;7089;gaut~frith;DMP;
gaufredus;288619;gaufredus;7089;gaut~frith;DMP;
gaufredus;288817;gaufredus;7089;gaut~frith;DMP;
gaufredus;288864;gaufredus;7089;gaut~frith;DMP;
gaufredus;288950;gaufredus;7089;gaut~frith;DMP;
gaufredus;289003;gaufredus;7089;gaut~frith;DMP;
gaufredus;289168;gaufredus;7089;gaut~frith;DMP;
gaufredus;367404;gaufredus;7089;gaut~frith;DMP;
gaufredus;367454;gaufredus;7089;gaut~frith;DMP;
gaufredus;367593;gaufredus;7089;gaut~frith;DMP;
gaufredus;367594;gaufredus;7089;gaut~frith;DMP;
gaufredus;367595;gaufredus;7089;gaut~frith;DMP;
gaufredus;367643;gaufredus;7089;gaut~frith;DMP;
gaufredus;367644;gaufredus;7089;gaut~frith;DMP;
gaufredus;367645;gaufredus;7089;gaut~frith;DMP;
gaufredus;367730;gaufredus;7089;gaut~frith;DMP;
gaufredus;367827;gaufredus;7089;gaut~frith;DMP;
gaufredus;367874;gaufredus;7089;gaut~frith;DMP;
gaufredus;368061;gaufredus;7089;gaut~frith;DMP;
gaufredus;398243;gaufredus;7089;gaut~frith;DMP;
gaufredus;400150;gaufredus;7089;gaut~frith;DMP;
gaufredus;417816;gaufredus;7089;gaut~frith;DMP;
gaufredus;417817;gaufredus;7089;gaut~frith;DMP;
gaufredus;360792;gaufredus;7089;gaut~frith;DMP;
gaufredus;360839;gaufredus;7089;gaut~frith;DMP;
gaufredus;360840;gaufredus;7089;gaut~frith;DMP;
gaufredus;360981;gaufredus;7089;gaut~frith;DMP;
gaufredus;360982;gaufredus;7089;gaut~frith;DMP;
gaufredus;361120;gaufredus;7089;gaut~frith;DMP;
gaufredus;361121;gaufredus;7089;gaut~frith;DMP;
gaufredus;361122;gaufredus;7089;gaut~frith;DMP;
gaufredus;361175;gaufredus;7089;gaut~frith;DMP;
gaufredus;361176;gaufredus;7089;gaut~frith;DMP;
gaufredus;361218;gaufredus;7089;gaut~frith;DMP;
gaufredus;361219;gaufredus;7089;gaut~frith;DMP;
gaufredus;361220;gaufredus;7089;gaut~frith;DMP;
gaufredus;361267;gaufredus;7089;gaut~frith;DMP;
gaufredus;361321;gaufredus;7089;gaut~frith;DMP;
gaufredus;361323;gaufredus;7089;gaut~frith;DMP;
gaufredus;361380;gaufredus;7089;gaut~frith;DMP;
gaufredus;361472;gaufredus;7089;gaut~frith;DMP;
gaufredus;361521;gaufredus;7089;gaut~frith;DMP;
gaufredus;361611;gaufredus;7089;gaut~frith;DMP;
gaufredus;361612;gaufredus;7089;gaut~frith;DMP;
gaufredus;361890;gaufredus;7089;gaut~frith;DMP;
gaufredus;361891;gaufredus;7089;gaut~frith;DMP;
gaufredus;361892;gaufredus;7089;gaut~frith;DMP;
gaufredus;362040;gaufredus;7089;gaut~frith;DMP;
gaufredus;362041;gaufredus;7089;gaut~frith;DMP;
gaufredus;362079;gaufredus;7089;gaut~frith;DMP;
gaufredus;362124;gaufredus;7089;gaut~frith;DMP;
gaufredus;362175;gaufredus;7089;gaut~frith;DMP;
gaufredus;362229;gaufredus;7089;gaut~frith;DMP;
gaufredus;362371;gaufredus;7089;gaut~frith;DMP;
gaufredus;362372;gaufredus;7089;gaut~frith;DMP;
gaufredus;362419;gaufredus;7089;gaut~frith;DMP;
gaufredus;362561;gaufredus;7089;gaut~frith;DMP;
gaufredus;362656;gaufredus;7089;gaut~frith;DMP;
gaufredus;362702;gaufredus;7089;gaut~frith;DMP;
gaufredus;362703;gaufredus;7089;gaut~frith;DMP;
gaufredus;362704;gaufredus;7089;gaut~frith;DMP;
gaufredus;362754;gaufredus;7089;gaut~frith;DMP;
gaufredus;362795;gaufredus;7089;gaut~frith;DMP;
gaufredus;362933;gaufredus;7089;gaut~frith;DMP;
gaufredus;362934;gaufredus;7089;gaut~frith;DMP;
gaufredus;362990;gaufredus;7089;gaut~frith;DMP;
gaufredus;363036;gaufredus;7089;gaut~frith;DMP;
gaufredus;363037;gaufredus;7089;gaut~frith;DMP;
gaufredus;363086;gaufredus;7089;gaut~frith;DMP;
gaufredus;363087;gaufredus;7089;gaut~frith;DMP;
gaufredus;363136;gaufredus;7089;gaut~frith;DMP;
gaufredus;363137;gaufredus;7089;gaut~frith;DMP;
gaufredus;363181;gaufredus;7089;gaut~frith;DMP;
gaufredus;363182;gaufredus;7089;gaut~frith;DMP;
gaufredus;363221;gaufredus;7089;gaut~frith;DMP;
gaufredus;363222;gaufredus;7089;gaut~frith;DMP;
gaufredus;363223;gaufredus;7089;gaut~frith;DMP;
gaufredus;363272;gaufredus;7089;gaut~frith;DMP;
gaufredus;363273;gaufredus;7089;gaut~frith;DMP;
gaufredus;363322;gaufredus;7089;gaut~frith;DMP;
gaufredus;363409;gaufredus;7089;gaut~frith;DMP;
gaufredus;363552;gaufredus;7089;gaut~frith;DMP;
gaufredus;363553;gaufredus;7089;gaut~frith;DMP;
gaufredus;363688;gaufredus;7089;gaut~frith;DMP;
gaufredus;363739;gaufredus;7089;gaut~frith;DMP;
gaufredus;363740;gaufredus;7089;gaut~frith;DMP;
gaufredus;363778;gaufredus;7089;gaut~frith;DMP;
gaufredus;363779;gaufredus;7089;gaut~frith;DMP;
gaufredus;363874;gaufredus;7089;gaut~frith;DMP;
gaufredus;363924;gaufredus;7089;gaut~frith;DMP;
gaufredus;364016;gaufredus;7089;gaut~frith;DMP;
gaufredus;364071;gaufredus;7089;gaut~frith;DMP;
gaufredus;364072;gaufredus;7089;gaut~frith;DMP;
gaufredus;364118;gaufredus;7089;gaut~frith;DMP;
gaufredus;364213;gaufredus;7089;gaut~frith;DMP;
gaufredus;364313;gaufredus;7089;gaut~frith;DMP;
gaufredus;364494;gaufredus;7089;gaut~frith;DMP;
gaufredus;364495;gaufredus;7089;gaut~frith;DMP;
gaufredus;364542;gaufredus;7089;gaut~frith;DMP;
gaufredus;364587;gaufredus;7089;gaut~frith;DMP;
gaufredus;364638;gaufredus;7089;gaut~frith;DMP;
gaufredus;364689;gaufredus;7089;gaut~frith;DMP;
gaufredus;364690;gaufredus;7089;gaut~frith;DMP;
gaufredus;364724;gaufredus;7089;gaut~frith;DMP;
gaufredus;364776;gaufredus;7089;gaut~frith;DMP;
gaufredus;364814;gaufredus;7089;gaut~frith;DMP;
gaufredus;364866;gaufredus;7089;gaut~frith;DMP;
gaufredus;364961;gaufredus;7089;gaut~frith;DMP;
gaufredus;364962;gaufredus;7089;gaut~frith;DMP;
gaufredus;364999;gaufredus;7089;gaut~frith;DMP;
gaufredus;365180;gaufredus;7089;gaut~frith;DMP;
gaufredus;365181;gaufredus;7089;gaut~frith;DMP;
gaufredus;365182;gaufredus;7089;gaut~frith;DMP;
gaufredus;365226;gaufredus;7089;gaut~frith;DMP;
gaufredus;365274;gaufredus;7089;gaut~frith;DMP;
gaufredus;365324;gaufredus;7089;gaut~frith;DMP;
gaufredus;365410;gaufredus;7089;gaut~frith;DMP;
gaufredus;365551;gaufredus;7089;gaut~frith;DMP;
gaufredus;365735;gaufredus;7089;gaut~frith;DMP;
gaufredus;365827;gaufredus;7089;gaut~frith;DMP;
gaufredus;365828;gaufredus;7089;gaut~frith;DMP;
gaufredus;365829;gaufredus;7089;gaut~frith;DMP;
gaufredus;365863;gaufredus;7089;gaut~frith;DMP;
gaufredus;365864;gaufredus;7089;gaut~frith;DMP;
gaufredus;365865;gaufredus;7089;gaut~frith;DMP;
gaufredus;365909;gaufredus;7089;gaut~frith;DMP;
gaufredus;366048;gaufredus;7089;gaut~frith;DMP;
gaufredus;366092;gaufredus;7089;gaut~frith;DMP;
gaufredus;366227;gaufredus;7089;gaut~frith;DMP;
gaufredus;366326;gaufredus;7089;gaut~frith;DMP;
gaufredus;366525;gaufredus;7089;gaut~frith;DMP;
gaufredus;366569;gaufredus;7089;gaut~frith;DMP;
gaufredus;366570;gaufredus;7089;gaut~frith;DMP;
gaufredus;366571;gaufredus;7089;gaut~frith;DMP;
gaufredus;366863;gaufredus;7089;gaut~frith;DMP;
gaufredus;366910;gaufredus;7089;gaut~frith;DMP;
gaufredus;366911;gaufredus;7089;gaut~frith;DMP;
gaufredus;366958;gaufredus;7089;gaut~frith;DMP;
gaufredus;366959;gaufredus;7089;gaut~frith;DMP;
gaufredus;366960;gaufredus;7089;gaut~frith;DMP;
gaufredus;367134;gaufredus;7089;gaut~frith;DMP;
gaufredus;367135;gaufredus;7089;gaut~frith;DMP;
gaufredus;367136;gaufredus;7089;gaut~frith;DMP;
gaufredus;367213;gaufredus;7089;gaut~frith;DMP;
gaufredus;367268;gaufredus;7089;gaut~frith;DMP;
gaufredus;367270;gaufredus;7089;gaut~frith;DMP;
gaufredus;367313;gaufredus;7089;gaut~frith;DMP;
gaufredus;289218;gaufredus;7089;gaut~frith;DMP;
gaufredus;289260;gaufredus;7089;gaut~frith;DMP;
gaufredus;289303;gaufredus;7089;gaut~frith;DMP;
gaufredus;289351;gaufredus;7089;gaut~frith;DMP;
gaufredus;289456;gaufredus;7089;gaut~frith;DMP;
gaufredus;289457;gaufredus;7089;gaut~frith;DMP;
gaufredus;289507;gaufredus;7089;gaut~frith;DMP;
gaufredus;289508;gaufredus;7089;gaut~frith;DMP;
gaufredus;289683;gaufredus;7089;gaut~frith;DMP;
gaufredus;289684;gaufredus;7089;gaut~frith;DMP;
gaufredus;289728;gaufredus;7089;gaut~frith;DMP;
gaufredus;289773;gaufredus;7089;gaut~frith;DMP;
gaufredus;289818;gaufredus;7089;gaut~frith;DMP;
gaufredus;289963;gaufredus;7089;gaut~frith;DMP;
gaufredus;290147;gaufredus;7089;gaut~frith;DMP;
gaufredus;290148;gaufredus;7089;gaut~frith;DMP;
gaufredus;290149;gaufredus;7089;gaut~frith;DMP;
gaufredus;290150;gaufredus;7089;gaut~frith;DMP;
gaufredus;290238;gaufredus;7089;gaut~frith;DMP;
gaufredus;290328;gaufredus;7089;gaut~frith;DMP;
gaufredus;290465;gaufredus;7089;gaut~frith;DMP;
gaufredus;290466;gaufredus;7089;gaut~frith;DMP;
gaufredus;290467;gaufredus;7089;gaut~frith;DMP;
gaufredus;290559;gaufredus;7089;gaut~frith;DMP;
gaufredus;290648;gaufredus;7089;gaut~frith;DMP;
gaufredus;290649;gaufredus;7089;gaut~frith;DMP;
gaufredus;290751;gaufredus;7089;gaut~frith;DMP;
gaufredus;290978;gaufredus;7089;gaut~frith;DMP;
gaufredus;291071;gaufredus;7089;gaut~frith;DMP;
gaufredus;291119;gaufredus;7089;gaut~frith;DMP;
gaufredus;291120;gaufredus;7089;gaut~frith;DMP;
gaufredus;291166;gaufredus;7089;gaut~frith;DMP;
gaufredus;291402;gaufredus;7089;gaut~frith;DMP;
gaufredus;291451;gaufredus;7089;gaut~frith;DMP;
gaufredus;291483;gaufredus;7089;gaut~frith;DMP;
gaufredus;291529;gaufredus;7089;gaut~frith;DMP;
gaufredus;291585;gaufredus;7089;gaut~frith;DMP;
gaufredus;291864;gaufredus;7089;gaut~frith;DMP;
gaufredus;291964;gaufredus;7089;gaut~frith;DMP;
gaufredus;292152;gaufredus;7089;gaut~frith;DMP;
gaufredus;292200;gaufredus;7089;gaut~frith;DMP;
gaufredus;292410;gaufredus;7089;gaut~frith;DMP;
gaufredus;292543;gaufredus;7089;gaut~frith;DMP;
gaufredus;292590;gaufredus;7089;gaut~frith;DMP;
gaufredus;292680;gaufredus;7089;gaut~frith;DMP;
gaufredus;292735;gaufredus;7089;gaut~frith;DMP;
gaufredus;292887;gaufredus;7089;gaut~frith;DMP;
gaufredus;292888;gaufredus;7089;gaut~frith;DMP;
gaufredus;292934;gaufredus;7089;gaut~frith;DMP;
gaufredus;292987;gaufredus;7089;gaut~frith;DMP;
gaufredus;293029;gaufredus;7089;gaut~frith;DMP;
gaufredus;293315;gaufredus;7089;gaut~frith;DMP;
gaufredus;293362;gaufredus;7089;gaut~frith;DMP;
gaufredus;293647;gaufredus;7089;gaut~frith;DMP;
gaufredus;293686;gaufredus;7089;gaut~frith;DMP;
gaufredus;293737;gaufredus;7089;gaut~frith;DMP;
gaufredus;293777;gaufredus;7089;gaut~frith;DMP;
gaufredus;293836;gaufredus;7089;gaut~frith;DMP;
gaufredus;293919;gaufredus;7089;gaut~frith;DMP;
gaufredus;293920;gaufredus;7089;gaut~frith;DMP;
gaufredus;293921;gaufredus;7089;gaut~frith;DMP;
gaufredus;293922;gaufredus;7089;gaut~frith;DMP;
gaufredus;294015;gaufredus;7089;gaut~frith;DMP;
gaufredus;294247;gaufredus;7089;gaut~frith;DMP;
gaufredus;294248;gaufredus;7089;gaut~frith;DMP;
gaufredus;294290;gaufredus;7089;gaut~frith;DMP;
gaufredus;294335;gaufredus;7089;gaut~frith;DMP;
gaufredus;294424;gaufredus;7089;gaut~frith;DMP;
gaufredus;294468;gaufredus;7089;gaut~frith;DMP;
gaufredus;294527;gaufredus;7089;gaut~frith;DMP;
gaufredus;294528;gaufredus;7089;gaut~frith;DMP;
gaufredus;294529;gaufredus;7089;gaut~frith;DMP;
gaufredus;294670;gaufredus;7089;gaut~frith;DMP;
gaufredus;294715;gaufredus;7089;gaut~frith;DMP;
gaufredus;294716;gaufredus;7089;gaut~frith;DMP;
gaufredus;294717;gaufredus;7089;gaut~frith;DMP;
gaufredus;294765;gaufredus;7089;gaut~frith;DMP;
gaufredus;294860;gaufredus;7089;gaut~frith;DMP;
gaufredus;294901;gaufredus;7089;gaut~frith;DMP;
gaufredus;294902;gaufredus;7089;gaut~frith;DMP;
gaufredus;294903;gaufredus;7089;gaut~frith;DMP;
gaufredus;294952;gaufredus;7089;gaut~frith;DMP;
gaufredus;295004;gaufredus;7089;gaut~frith;DMP;
gaufredus;295088;gaufredus;7089;gaut~frith;DMP;
gaufredus;295089;gaufredus;7089;gaut~frith;DMP;
gaufredus;295140;gaufredus;7089;gaut~frith;DMP;
gaufredus;295185;gaufredus;7089;gaut~frith;DMP;
gaufredus;295186;gaufredus;7089;gaut~frith;DMP;
gaufredus;295187;gaufredus;7089;gaut~frith;DMP;
gaufredus;295239;gaufredus;7089;gaut~frith;DMP;
gaufredus;295287;gaufredus;7089;gaut~frith;DMP;
gaufredus;295288;gaufredus;7089;gaut~frith;DMP;
gaufredus;295330;gaufredus;7089;gaut~frith;DMP;
gaufredus;295382;gaufredus;7089;gaut~frith;DMP;
gaufredus;295383;gaufredus;7089;gaut~frith;DMP;
gaufredus;295520;gaufredus;7089;gaut~frith;DMP;
gaufredus;295521;gaufredus;7089;gaut~frith;DMP;
gaufredus;295611;gaufredus;7089;gaut~frith;DMP;
gaufredus;295663;gaufredus;7089;gaut~frith;DMP;
gaufredus;295664;gaufredus;7089;gaut~frith;DMP;
gaufredus;295714;gaufredus;7089;gaut~frith;DMP;
gaufredus;295716;gaufredus;7089;gaut~frith;DMP;
gaufredus;295718;gaufredus;7089;gaut~frith;DMP;
gaufredus;295767;gaufredus;7089;gaut~frith;DMP;
gaufredus;295768;gaufredus;7089;gaut~frith;DMP;
gaufredus;295769;gaufredus;7089;gaut~frith;DMP;
gaufredus;295811;gaufredus;7089;gaut~frith;DMP;
gaufredus;295858;gaufredus;7089;gaut~frith;DMP;
gaufredus;295859;gaufredus;7089;gaut~frith;DMP;
gaufredus;295971;gaufredus;7089;gaut~frith;DMP;
gaufredus;296012;gaufredus;7089;gaut~frith;DMP;
gaufredus;296064;gaufredus;7089;gaut~frith;DMP;
gaufredus;296152;gaufredus;7089;gaut~frith;DMP;
gaufredus;296198;gaufredus;7089;gaut~frith;DMP;
gaufredus;296522;gaufredus;7089;gaut~frith;DMP;
gaufredus;296523;gaufredus;7089;gaut~frith;DMP;
gaufredus;296616;gaufredus;7089;gaut~frith;DMP;
gaufredus;296617;gaufredus;7089;gaut~frith;DMP;
gaufredus;296618;gaufredus;7089;gaut~frith;DMP;
gaufredus;296753;gaufredus;7089;gaut~frith;DMP;
gaufredus;296754;gaufredus;7089;gaut~frith;DMP;
gaufredus;296849;gaufredus;7089;gaut~frith;DMP;
gaufredus;296988;gaufredus;7089;gaut~frith;DMP;
gaufredus;296989;gaufredus;7089;gaut~frith;DMP;
gaufredus;313379;gaufredus;7089;gaut~frith;DMP;
gaufredus;313426;gaufredus;7089;gaut~frith;DMP;
gaufredus;313427;gaufredus;7089;gaut~frith;DMP;
gaufredus;313469;gaufredus;7089;gaut~frith;DMP;
gaufredus;313470;gaufredus;7089;gaut~frith;DMP;
gaufredus;313650;gaufredus;7089;gaut~frith;DMP;
gaufredus;313686;gaufredus;7089;gaut~frith;DMP;
gaufredus;313687;gaufredus;7089;gaut~frith;DMP;
gaufredus;313733;gaufredus;7089;gaut~frith;DMP;
gaufredus;313776;gaufredus;7089;gaut~frith;DMP;
gaufredus;313881;gaufredus;7089;gaut~frith;DMP;
gaufredus;313918;gaufredus;7089;gaut~frith;DMP;
gaufredus;313919;gaufredus;7089;gaut~frith;DMP;
gaufredus;313975;gaufredus;7089;gaut~frith;DMP;
gaufredus;314018;gaufredus;7089;gaut~frith;DMP;
gaufredus;314019;gaufredus;7089;gaut~frith;DMP;
gaufredus;314114;gaufredus;7089;gaut~frith;DMP;
gaufredus;314211;gaufredus;7089;gaut~frith;DMP;
gaufredus;314314;gaufredus;7089;gaut~frith;DMP;
gaufredus;314315;gaufredus;7089;gaut~frith;DMP;
gaufredus;314316;gaufredus;7089;gaut~frith;DMP;
gaufredus;314317;gaufredus;7089;gaut~frith;DMP;
gaufredus;314407;gaufredus;7089;gaut~frith;DMP;
gaufredus;314408;gaufredus;7089;gaut~frith;DMP;
gaufredus;314591;gaufredus;7089;gaut~frith;DMP;
gaufredus;314646;gaufredus;7089;gaut~frith;DMP;
gaufredus;314647;gaufredus;7089;gaut~frith;DMP;
gaufredus;314648;gaufredus;7089;gaut~frith;DMP;
gaufredus;314698;gaufredus;7089;gaut~frith;DMP;
gaufredus;314699;gaufredus;7089;gaut~frith;DMP;
gaufredus;314700;gaufredus;7089;gaut~frith;DMP;
gaufredus;314701;gaufredus;7089;gaut~frith;DMP;
gaufredus;314837;gaufredus;7089;gaut~frith;DMP;
gaufredus;314889;gaufredus;7089;gaut~frith;DMP;
gaufredus;314890;gaufredus;7089;gaut~frith;DMP;
gaufredus;314942;gaufredus;7089;gaut~frith;DMP;
gaufredus;314987;gaufredus;7089;gaut~frith;DMP;
gaufredus;315130;gaufredus;7089;gaut~frith;DMP;
gaufredus;315131;gaufredus;7089;gaut~frith;DMP;
gaufredus;315132;gaufredus;7089;gaut~frith;DMP;
gaufredus;315181;gaufredus;7089;gaut~frith;DMP;
gaufredus;315232;gaufredus;7089;gaut~frith;DMP;
gaufredus;315233;gaufredus;7089;gaut~frith;DMP;
gaufredus;315234;gaufredus;7089;gaut~frith;DMP;
gaufredus;315282;gaufredus;7089;gaut~frith;DMP;
gaufredus;315471;gaufredus;7089;gaut~frith;DMP;
gaufredus;315673;gaufredus;7089;gaut~frith;DMP;
gaufredus;315771;gaufredus;7089;gaut~frith;DMP;
gaufredus;315815;gaufredus;7089;gaut~frith;DMP;
gaufredus;315863;gaufredus;7089;gaut~frith;DMP;
gaufredus;316138;gaufredus;7089;gaut~frith;DMP;
gaufredus;316190;gaufredus;7089;gaut~frith;DMP;
gaufredus;316236;gaufredus;7089;gaut~frith;DMP;
gaufredus;341594;gaufredus;7089;gaut~frith;DMP;
gaufredus;341741;gaufredus;7089;gaut~frith;DMP;
gaufredus;343827;gaufredus;7089;gaut~frith;DMP;
gaufredus;344284;gaufredus;7089;gaut~frith;DMP;
gaufredus;347274;gaufredus;7089;gaut~frith;DMP;
gaufredus;347417;gaufredus;7089;gaut~frith;DMP;
gaufredus;347560;gaufredus;7089;gaut~frith;DMP;
gaufredus;347857;gaufredus;7089;gaut~frith;DMP;
gaufredus;348047;gaufredus;7089;gaut~frith;DMP;
gaufredus;348145;gaufredus;7089;gaut~frith;DMP;
gaufredus;348146;gaufredus;7089;gaut~frith;DMP;
gaufredus;348375;gaufredus;7089;gaut~frith;DMP;
gaufredus;348376;gaufredus;7089;gaut~frith;DMP;
gaufredus;348424;gaufredus;7089;gaut~frith;DMP;
gaufredus;348520;gaufredus;7089;gaut~frith;DMP;
gaufredus;348810;gaufredus;7089;gaut~frith;DMP;
gaufredus;348904;gaufredus;7089;gaut~frith;DMP;
gaufredus;357378;gaufredus;7089;gaut~frith;DMP;
gaufredus;357379;gaufredus;7089;gaut~frith;DMP;
gaufredus;357380;gaufredus;7089;gaut~frith;DMP;
gaufredus;357513;gaufredus;7089;gaut~frith;DMP;
gaufredus;357514;gaufredus;7089;gaut~frith;DMP;
gaufredus;357562;gaufredus;7089;gaut~frith;DMP;
gaufredus;357563;gaufredus;7089;gaut~frith;DMP;
gaufredus;357564;gaufredus;7089;gaut~frith;DMP;
gaufredus;357667;gaufredus;7089;gaut~frith;DMP;
gaufredus;357668;gaufredus;7089;gaut~frith;DMP;
gaufredus;357722;gaufredus;7089;gaut~frith;DMP;
gaufredus;357767;gaufredus;7089;gaut~frith;DMP;
gaufredus;357818;gaufredus;7089;gaut~frith;DMP;
gaufredus;358112;gaufredus;7089;gaut~frith;DMP;
gaufredus;358113;gaufredus;7089;gaut~frith;DMP;
gaufredus;358248;gaufredus;7089;gaut~frith;DMP;
gaufredus;358339;gaufredus;7089;gaut~frith;DMP;
gaufredus;358432;gaufredus;7089;gaut~frith;DMP;
gaufredus;358577;gaufredus;7089;gaut~frith;DMP;
gaufredus;358674;gaufredus;7089;gaut~frith;DMP;
gaufredus;358766;gaufredus;7089;gaut~frith;DMP;
gaufredus;358767;gaufredus;7089;gaut~frith;DMP;
gaufredus;358814;gaufredus;7089;gaut~frith;DMP;
gaufredus;358815;gaufredus;7089;gaut~frith;DMP;
gaufredus;358816;gaufredus;7089;gaut~frith;DMP;
gaufredus;358861;gaufredus;7089;gaut~frith;DMP;
gaufredus;358862;gaufredus;7089;gaut~frith;DMP;
gaufredus;359213;gaufredus;7089;gaut~frith;DMP;
gaufredus;359350;gaufredus;7089;gaut~frith;DMP;
gaufredus;359665;gaufredus;7089;gaut~frith;DMP;
gaufredus;359791;gaufredus;7089;gaut~frith;DMP;
gaufredus;359923;gaufredus;7089;gaut~frith;DMP;
gaufredus;359924;gaufredus;7089;gaut~frith;DMP;
gaufredus;360056;gaufredus;7089;gaut~frith;DMP;
gaufredus;360107;gaufredus;7089;gaut~frith;DMP;
gaufredus;360196;gaufredus;7089;gaut~frith;DMP;
gaufredus;360241;gaufredus;7089;gaut~frith;DMP;
gaufredus;360242;gaufredus;7089;gaut~frith;DMP;
gaufredus;360243;gaufredus;7089;gaut~frith;DMP;
gaufredus;360244;gaufredus;7089;gaut~frith;DMP;
gaufredus;360333;gaufredus;7089;gaut~frith;DMP;
gaufredus;360334;gaufredus;7089;gaut~frith;DMP;
gaufredus;360377;gaufredus;7089;gaut~frith;DMP;
gaufredus;360425;gaufredus;7089;gaut~frith;DMP;
gaufredus;360473;gaufredus;7089;gaut~frith;DMP;
gaufredus;360525;gaufredus;7089;gaut~frith;DMP;
gaufredus;360610;gaufredus;7089;gaut~frith;DMP;
gaufredus;360660;gaufredus;7089;gaut~frith;DMP;
gaufredus;360661;gaufredus;7089;gaut~frith;DMP;
gaufredus;360662;gaufredus;7089;gaut~frith;DMP;
gaufredus;360663;gaufredus;7089;gaut~frith;DMP;
gaufredus;360752;gaufredus;7089;gaut~frith;DMP;
gaufredus;360753;gaufredus;7089;gaut~frith;DMP;
gaufredus;360754;gaufredus;7089;gaut~frith;DMP;
gaufredus;297032;gaufredus;7089;gaut~frith;DMP;
gaufredus;297126;gaufredus;7089;gaut~frith;DMP;
gaufredus;297175;gaufredus;7089;gaut~frith;DMP;
gaufredus;297265;gaufredus;7089;gaut~frith;DMP;
gaufredus;297304;gaufredus;7089;gaut~frith;DMP;
gaufredus;297305;gaufredus;7089;gaut~frith;DMP;
gaufredus;297306;gaufredus;7089;gaut~frith;DMP;
gaufredus;297400;gaufredus;7089;gaut~frith;DMP;
gaufredus;297570;gaufredus;7089;gaut~frith;DMP;
gaufredus;297571;gaufredus;7089;gaut~frith;DMP;
gaufredus;297619;gaufredus;7089;gaut~frith;DMP;
gaufredus;297620;gaufredus;7089;gaut~frith;DMP;
gaufredus;297714;gaufredus;7089;gaut~frith;DMP;
gaufredus;297715;gaufredus;7089;gaut~frith;DMP;
gaufredus;297764;gaufredus;7089;gaut~frith;DMP;
gaufredus;297765;gaufredus;7089;gaut~frith;DMP;
gaufredus;297766;gaufredus;7089;gaut~frith;DMP;
gaufredus;297812;gaufredus;7089;gaut~frith;DMP;
gaufredus;297847;gaufredus;7089;gaut~frith;DMP;
gaufredus;297848;gaufredus;7089;gaut~frith;DMP;
gaufredus;297893;gaufredus;7089;gaut~frith;DMP;
gaufredus;297894;gaufredus;7089;gaut~frith;DMP;
gaufredus;297940;gaufredus;7089;gaut~frith;DMP;
gaufredus;298038;gaufredus;7089;gaut~frith;DMP;
gaufredus;298178;gaufredus;7089;gaut~frith;DMP;
gaufredus;298179;gaufredus;7089;gaut~frith;DMP;
gaufredus;298316;gaufredus;7089;gaut~frith;DMP;
gaufredus;298366;gaufredus;7089;gaut~frith;DMP;
gaufredus;298407;gaufredus;7089;gaut~frith;DMP;
gaufredus;298408;gaufredus;7089;gaut~frith;DMP;
gaufredus;298449;gaufredus;7089;gaut~frith;DMP;
gaufredus;298505;gaufredus;7089;gaut~frith;DMP;
gaufredus;298506;gaufredus;7089;gaut~frith;DMP;
gaufredus;298598;gaufredus;7089;gaut~frith;DMP;
gaufredus;298699;gaufredus;7089;gaut~frith;DMP;
gaufredus;298700;gaufredus;7089;gaut~frith;DMP;
gaufredus;298701;gaufredus;7089;gaut~frith;DMP;
gaufredus;298747;gaufredus;7089;gaut~frith;DMP;
gaufredus;298789;gaufredus;7089;gaut~frith;DMP;
gaufredus;298889;gaufredus;7089;gaut~frith;DMP;
gaufredus;298985;gaufredus;7089;gaut~frith;DMP;
gaufredus;299160;gaufredus;7089;gaut~frith;DMP;
gaufredus;299214;gaufredus;7089;gaut~frith;DMP;
gaufredus;299215;gaufredus;7089;gaut~frith;DMP;
gaufredus;299254;gaufredus;7089;gaut~frith;DMP;
gaufredus;299311;gaufredus;7089;gaut~frith;DMP;
gaufredus;299312;gaufredus;7089;gaut~frith;DMP;
gaufredus;299357;gaufredus;7089;gaut~frith;DMP;
gaufredus;299408;gaufredus;7089;gaut~frith;DMP;
gaufredus;299409;gaufredus;7089;gaut~frith;DMP;
gaufredus;299494;gaufredus;7089;gaut~frith;DMP;
gaufredus;299595;gaufredus;7089;gaut~frith;DMP;
gaufredus;299637;gaufredus;7089;gaut~frith;DMP;
gaufredus;299638;gaufredus;7089;gaut~frith;DMP;
gaufredus;299639;gaufredus;7089;gaut~frith;DMP;
gaufredus;299786;gaufredus;7089;gaut~frith;DMP;
gaufredus;299876;gaufredus;7089;gaut~frith;DMP;
gaufredus;299878;gaufredus;7089;gaut~frith;DMP;
gaufredus;299921;gaufredus;7089;gaut~frith;DMP;
gaufredus;299922;gaufredus;7089;gaut~frith;DMP;
gaufredus;300064;gaufredus;7089;gaut~frith;DMP;
gaufredus;300306;gaufredus;7089;gaut~frith;DMP;
gaufredus;300537;gaufredus;7089;gaut~frith;DMP;
gaufredus;300588;gaufredus;7089;gaut~frith;DMP;
gaufredus;300642;gaufredus;7089;gaut~frith;DMP;
gaufredus;300683;gaufredus;7089;gaut~frith;DMP;
gaufredus;300684;gaufredus;7089;gaut~frith;DMP;
gaufredus;300685;gaufredus;7089;gaut~frith;DMP;
gaufredus;300923;gaufredus;7089;gaut~frith;DMP;
gaufredus;301021;gaufredus;7089;gaut~frith;DMP;
gaufredus;301118;gaufredus;7089;gaut~frith;DMP;
gaufredus;301162;gaufredus;7089;gaut~frith;DMP;
gaufredus;301209;gaufredus;7089;gaut~frith;DMP;
gaufredus;301390;gaufredus;7089;gaut~frith;DMP;
gaufredus;301433;gaufredus;7089;gaut~frith;DMP;
gaufredus;301434;gaufredus;7089;gaut~frith;DMP;
gaufredus;301487;gaufredus;7089;gaut~frith;DMP;
gaufredus;301721;gaufredus;7089;gaut~frith;DMP;
gaufredus;301722;gaufredus;7089;gaut~frith;DMP;
gaufredus;301723;gaufredus;7089;gaut~frith;DMP;
gaufredus;301780;gaufredus;7089;gaut~frith;DMP;
gaufredus;301877;gaufredus;7089;gaut~frith;DMP;
gaufredus;301967;gaufredus;7089;gaut~frith;DMP;
gaufredus;302068;gaufredus;7089;gaut~frith;DMP;
gaufredus;302112;gaufredus;7089;gaut~frith;DMP;
gaufredus;302165;gaufredus;7089;gaut~frith;DMP;
gaufredus;302166;gaufredus;7089;gaut~frith;DMP;
gaufredus;302167;gaufredus;7089;gaut~frith;DMP;
gaufredus;302317;gaufredus;7089;gaut~frith;DMP;
gaufredus;302519;gaufredus;7089;gaut~frith;DMP;
gaufredus;302520;gaufredus;7089;gaut~frith;DMP;
gaufredus;302623;gaufredus;7089;gaut~frith;DMP;
gaufredus;302667;gaufredus;7089;gaut~frith;DMP;
gaufredus;302668;gaufredus;7089;gaut~frith;DMP;
gaufredus;302711;gaufredus;7089;gaut~frith;DMP;
gaufredus;302744;gaufredus;7089;gaut~frith;DMP;
gaufredus;302794;gaufredus;7089;gaut~frith;DMP;
gaufredus;302795;gaufredus;7089;gaut~frith;DMP;
gaufredus;302844;gaufredus;7089;gaut~frith;DMP;
gaufredus;302980;gaufredus;7089;gaut~frith;DMP;
gaufredus;302981;gaufredus;7089;gaut~frith;DMP;
gaufredus;303060;gaufredus;7089;gaut~frith;DMP;
gaufredus;303061;gaufredus;7089;gaut~frith;DMP;
gaufredus;303110;gaufredus;7089;gaut~frith;DMP;
gaufredus;303111;gaufredus;7089;gaut~frith;DMP;
gaufredus;303158;gaufredus;7089;gaut~frith;DMP;
gaufredus;303204;gaufredus;7089;gaut~frith;DMP;
gaufredus;303205;gaufredus;7089;gaut~frith;DMP;
gaufredus;303247;gaufredus;7089;gaut~frith;DMP;
gaufredus;303293;gaufredus;7089;gaut~frith;DMP;
gaufredus;303339;gaufredus;7089;gaut~frith;DMP;
gaufredus;303393;gaufredus;7089;gaut~frith;DMP;
gaufredus;303606;gaufredus;7089;gaut~frith;DMP;
gaufredus;303607;gaufredus;7089;gaut~frith;DMP;
gaufredus;312879;gaufredus;7089;gaut~frith;DMP;
gaufredus;312925;gaufredus;7089;gaut~frith;DMP;
gaufredus;313019;gaufredus;7089;gaut~frith;DMP;
gaufredus;313065;gaufredus;7089;gaut~frith;DMP;
gaufredus;313066;gaufredus;7089;gaut~frith;DMP;
gaufredus;313121;gaufredus;7089;gaut~frith;DMP;
gaufredus;313154;gaufredus;7089;gaut~frith;DMP;
gaufredus;313204;gaufredus;7089;gaut~frith;DMP;
gaufredus;313295;gaufredus;7089;gaut~frith;DMP;
gaufredus;313296;gaufredus;7089;gaut~frith;DMP;
gaufredus;78331;Gaufredus;13056;gaw~frith;NeG;
gaugildis;220392;gaugildis;22559;gaut~geld;DMP;x    
gaugildis;75349;Gaugildis;12803;gaw~hildi;NeG;
gauioardus;219171;gauioardus;12503;gaw~hard;DMP;
gauioardus;73727;Gauioardus;12580;gaw~ward;NeG;x    
gaulildis;75355;Gaulildis;12803;gaw~hildi;NeG;x    
gaulildis;220487;gaulildis;11752;walh~hildi;DMP;
gebetho;62215;Gebetho;10799;geb-d;NeG;
gebetho;310916;gebetho;25561;geb~thew;DMP;x
geboarttus;311868;geboarttus;6519;geb~hard;DMP;
geboarttus;60422;Geboarttus;10596;geb~ward;NeG;x
gedalbertus;219661;gedalbertus;12522;gaidal~berht;DMP;
gedalbertus;219662;gedalbertus;12522;gaidal~berht;DMP;x
gedalbertus;74375;Gedalbertus;6680;godal~berht;NeG;
gedalbertus;74386;Gedalbertus;6680;godal~berht;NeG;
geilindis;73453;Geilindis;11591;gail~linth;NeG;x
geilindis;219057;geilindis;21873;gaw~linth;DMP;
geirada;74428;Geirada;10731;gair~rād;NeG;x
geirada;220520;geirada;19752;gaw~rād;DMP;
geiradus;72925;Geiradus;10731;gair~rād;NeG;x
geiradus;218640;geiradus;19752;gaw~rād;DMP;
geluni;63210;Geluni;7456;gail;NeG;
geluni;308870;geluni;17037;gail~wini;DMP;x
gemundus;372212;gemundus;8195;gair~mund;DMP;
gemundus;99202;Gemundus;14005;geb~mund;NeG;x
gencbolda;220390;gencbolda;21827;gand~balth;DMP;x
gencbolda;75289;Gencbolda;12799;gen~balth;NeG;
gendalbertus;218910;gendalbertus;23536;gandal~berht;DMP;x
gendalbertus;73280;Gendalbertus;9556;wandil~berht;NeG;
gendresma;417558;gendresma;26158;gandar-s-m;DMP;
gendresma;76071;Gendresma;12865;gandar-sm;NeG;x
genearius;219478;genearius;12094;gen~hari;DMP;
genearius;74006;Genearius;7740;iānuārius;NeG;x
genellus;77658;Genellus;13814;gemellus;NeG;x
genellus;222238;genellus;21647;gen-l;DMP;
genesi;410232;genesi;25436;genesis;DMP;
genesi;80795;Genesi;9069;genesius;NeG;x
genesi;84014;Genesi;9069;genesius;NeG;
genesi;87925;Genesi;9069;genesius;NeG;
genesi;87928;Genesi;9069;genesius;NeG;
genesi;87930;Genesi;9069;genesius;NeG;
genesi;87931;Genesi;9069;genesius;NeG;
gennadius;189040;gennadius;18631;gen~haith;DMP;
gennadius;30394;Gennadius;9476;gennadius;NeG;x
gentio;66172;Gentio;11311;gand;NeG;
gentio;248829;gentio;16937;gentius;DMP;x
gentio;262720;gentio;16937;gentius;DMP;
gentio;269327;gentio;16937;gentius;DMP;
gentio;271012;gentio;16937;gentius;DMP;
gentio;278959;gentio;16937;gentius;DMP;
gentio;290652;gentio;16937;gentius;DMP;
gentio;301435;gentio;16937;gentius;DMP;
gentio;373338;gentio;16937;gentius;DMP;
gentio;374022;gentio;16937;gentius;DMP;
genze;207931;genze;8880;gand-z;DMP;
genze;40089;Genze;10201;gen-z;NeG;x
geraus;1960;Geraus;7249;gair~hauh;NeG;
geraus;72489;Geraus;7249;gair~hauh;NeG;x
geraus;218296;geraus;10731;gair~rād;DMP;
gerlau;131850;gerlau;10809;gair~laik;DMP;
gerlau;71685;Gerlau;12304;gair~laug;NeG;x
geroildis;68955;Geroildis;8092;gair~hildi;NeG;x
geroildis;70627;Geroildis;8092;gair~hildi;NeG;
geroildis;71530;Geroildis;8092;gair~hildi;NeG;
geroildis;72491;Geroildis;8092;gair~hildi;NeG;
geroildis;72762;Geroildis;8092;gair~hildi;NeG;
geroildis;73563;Geroildis;8092;gair~hildi;NeG;
geroildis;216509;geroildis;20829;gair~wilth;DMP;
geroildis;216668;geroildis;20829;gair~wilth;DMP;
geroildis;217932;geroildis;20829;gair~wilth;DMP;
geroildis;218297;geroildis;20829;gair~wilth;DMP;
geroildis;218507;geroildis;20829;gair~wilth;DMP;
geroildis;219088;geroildis;20829;gair~wilth;DMP;
gerouildis;72416;Gerouildis;8092;gair~hildi;NeG;x
gerouildis;218242;gerouildis;20829;gair~wilth;DMP;
geugenia;131398;geugenia;10911;eugenia;DMP;x
geugenia;77497;Geugenia;12336;gaw-n;NeG;
geugenius;222142;geugenius;8691;eugenius;DMP;x
geugenius;77303;Geugenius;12336;gaw-n;NeG;
gidalbertus;73283;Gidalbertus;12522;gaidal~berht;NeG;x
gidalbertus;218832;gidalbertus;20428;gedal~berht;DMP;
gidenoldus;74169;Gidenoldus;12638;gaidan~wald;NeG;x
gidenoldus;219497;gidenoldus;26047;gedan~wald;DMP;
gimina;73491;Gimina;12556;gemina;NeG;x
gimina;219058;gimina;17378;gim-n;DMP;
gimmunt;132437;gimmunt;14005;geb~mund;DMP;x
gimmunt;184318;gimmunt;14005;geb~mund;DMP;
gimmunt;207984;gimmunt;14005;geb~mund;DMP;
gimmunt;215008;gimmunt;14005;geb~mund;DMP;
gimmunt;349533;gimmunt;14005;geb~mund;DMP;
gimmunt;349534;gimmunt;14005;geb~mund;DMP;
gimmunt;349535;gimmunt;14005;geb~mund;DMP;
gimmunt;351314;gimmunt;14005;geb~mund;DMP;
gimmunt;351315;gimmunt;14005;geb~mund;DMP;
gimmunt;355208;gimmunt;14005;geb~mund;DMP;
gimmunt;355209;gimmunt;14005;geb~mund;DMP;
gimmunt;355210;gimmunt;14005;geb~mund;DMP;
gimmunt;40200;Gimmunt;10231;gin~mund;NeG;
giramnus;78527;Giramnus;8232;gair~hraban;NeG;x
giramnus;223004;giramnus;24511;geb~hraban;DMP;
giroadus;273123;giroadus;11124;gair~hath;DMP;
giroadus;70623;Giroadus;12144;gair~wād;NeG;x
giroildis;73125;Giroildis;8092;gair~hildi;NeG;x
giroildis;73408;Giroildis;8092;gair~hildi;NeG;
giroildis;75890;Giroildis;8092;gair~hildi;NeG;
giroildis;77666;Giroildis;8092;gair~hildi;NeG;
giroildis;77667;Giroildis;8092;gair~hildi;NeG;
giroildis;218798;giroildis;20829;gair~wilth;DMP;
giroildis;218942;giroildis;20829;gair~wilth;DMP;
giroildis;220851;giroildis;20829;gair~wilth;DMP;
giroildis;222244;giroildis;20829;gair~wilth;DMP;
giruau;69675;Giruau;7249;gair~hauh;NeG;x
giruau;126320;giruau;6516;gair~wald;DMP;
gisepert;104477;Gisepert;9097;gīs~berht;NeG;
gisepert;377416;gisepert;6842;gīsal~berht;DMP;x
giuaram;77641;Giuaram;13010;geb~hari;NeG;x
giuaram;222254;giuaram;10176;geb~wār;DMP;
giurisma;218961;giurisma;11640;gair-sm;DMP;x
giurisma;73393;Giurisma;12541;gebar-sm;NeG;
giurordus;219371;giurordus;10301;gair~ward;DMP;
giurordus;73913;Giurordus;12605;gebar~ward;NeG;x
godalardus;219846;godalardus;9914;godal~hard;DMP;x
godalardus;74626;Godalardus;12708;godal~ward;NeG;
godalcarius;218522;godalcarius;13026;godal~gair;DMP;x
godalcarius;222671;godalcarius;13026;godal~gair;DMP;
godalcarius;72775;Godalcarius;11055;godal~hari;NeG;
godalcarius;77688;Godalcarius;11055;godal~hari;NeG;
godalcarius;78218;Godalcarius;11055;godal~hari;NeG;
godalsindis;218056;godalsindis;11642;godal~sinth;DMP;x
godalsindis;71644;Godalsindis;12295;godal~swinth;NeG;
godema;72588;Godema;9438;god-m;NeG;x
godema;121659;godema;11106;god~mar;DMP;
godenia;66399;Godenia;6750;god-n;NeG;x
godenia;67943;Godenia;6750;god-n;NeG;
godenia;68016;Godenia;6750;god-n;NeG;
godenia;72989;Godenia;6750;god-n;NeG;
godenia;77317;Godenia;6750;god-n;NeG;
godenia;218693;godenia;7314;god~wini;DMP;
godenia;222835;godenia;7314;god~wini;DMP;
godila;336666;gǒdila;8302;god-l;DMP;
godila;66056;Godila;16284;godal;NeG;x
godila;67292;Godila;16284;godal;NeG;
godila;67669;Godila;16284;godal;NeG;
godila;70591;Godila;16284;godal;NeG;
godila;134098;godila;16284;godal;DMP;
godila;172445;godila;16284;godal;DMP;
godila;216684;godila;16284;godal;DMP;
godini;3422;Godini;6750;god-n;NeG;
godini;60547;Godini;6750;god-n;NeG;
godini;95404;Godini;6750;god-n;NeG;
godini;311258;godini;7314;god~wini;DMP;x
gogo;90532;Gogo;8512;gaw;NeG;x
gogo;132398;gogo;6901;hug;DMP;
gogo;377673;gogo;6901;hug;DMP;
gogulfus;100344;Gogulfus;6743;gaw~wulf;NeG;x
gogulfus;384679;gogulfus;16633;hug~wulf;DMP;
goinus;94252;Goinus;12336;gaw-n;NeG;x
goinus;193987;goinus;7314;god~wini;DMP;
gorgoni;153972;gorgoni;9794;god~rīk;DMP;
gorgoni;96871;Gorgoni;7591;gorgonius;NeG;x
gorgoni;96882;Gorgoni;7591;gorgonius;NeG;
gotescalh;135549;gotescalh;9335;god~skalk;DMP;
gotescalh;1028;gotescalh;7041;godes~skalk;NeG;x
gramgiso;311601;gramgiso;18542;gram~gīs;DMP;x
gramgiso;311645;gramgiso;18542;gram~gīs;DMP;
gramgiso;60014;Gramgiso;9388;hraban~gīs;NeG;
gramgiso;60036;Gramgiso;9388;hraban~gīs;NeG;
griherus;134569;griherus;10503;gair~hari;DMP;x
griherus;304571;griherus;10503;gair~hari;DMP;
griherus;66046;Griherus;16291;grip~hari;NeG;
grimara;220975;grimara;6755;grīm~hari;DMP;x
grimara;76093;Grimara;11274;grīm~wār;NeG;
griorgia;127185;griorgia;12864;geōrgia;DMP;x
griorgia;70976;Griorgia;12202;grēgoria;NeG;
griorgius;223650;griorgius;6760;geōrgius;DMP;x
griorgius;79366;Griorgius;12202;grēgoria;NeG;
griso;97788;Griso;9310;grīs;NeG;x
griso;103886;Griso;9310;grīs;NeG;
griso;164773;griso;23565;grīsi;DMP;
grombertus;221979;grombertus;18989;grōn~berht;DMP;
grombertus;77233;Grombertus;10042;hrōm~berht;NeG;x
grombricus;77254;Grombricus;12972;hrōm~berg;NeG;
grombricus;221987;grombricus;7295;hrōm~rīk;DMP;x
guatani;6666;guatani;6623;god;NeG;
guatani;319882;guatani;7777;god~neui;DMP;x
guicardus;172887;guicardus;6987;wīg~hard;DMP;x
guicardus;172888;guicardus;6987;wīg~hard;DMP;
guicardus;172986;guicardus;6987;wīg~hard;DMP;
guicardus;173043;guicardus;6987;wīg~hard;DMP;
guicardus;173084;guicardus;6987;wīg~hard;DMP;
guicardus;174263;guicardus;6987;wīg~hard;DMP;
guicardus;175129;guicardus;6987;wīg~hard;DMP;
guicardus;176076;guicardus;6987;wīg~hard;DMP;
guicardus;234087;guicardus;6987;wīg~hard;DMP;
guicardus;239062;guicardus;6987;wīg~hard;DMP;
guicardus;241914;guicardus;6987;wīg~hard;DMP;
guicardus;245818;guicardus;6987;wīg~hard;DMP;
guicardus;246065;guicardus;6987;wīg~hard;DMP;
guicardus;246101;guicardus;6987;wīg~hard;DMP;
guicardus;248718;guicardus;6987;wīg~hard;DMP;
guicardus;249950;guicardus;6987;wīg~hard;DMP;
guicardus;250154;guicardus;6987;wīg~hard;DMP;
guicardus;251328;guicardus;6987;wīg~hard;DMP;
guicardus;251673;guicardus;6987;wīg~hard;DMP;
guicardus;252889;guicardus;6987;wīg~hard;DMP;
guicardus;252991;guicardus;6987;wīg~hard;DMP;
guicardus;254091;guicardus;6987;wīg~hard;DMP;
guicardus;259553;guicardus;6987;wīg~hard;DMP;
guicardus;265162;guicardus;6987;wīg~hard;DMP;
guicardus;265346;guicardus;6987;wīg~hard;DMP;
guicardus;265388;guicardus;6987;wīg~hard;DMP;
guicardus;265807;guicardus;6987;wīg~hard;DMP;
guicardus;265808;guicardus;6987;wīg~hard;DMP;
guicardus;267676;guicardus;6987;wīg~hard;DMP;
guicardus;268527;guicardus;6987;wīg~hard;DMP;
guicardus;269649;guicardus;6987;wīg~hard;DMP;
guicardus;273701;guicardus;6987;wīg~hard;DMP;
guicardus;274090;guicardus;6987;wīg~hard;DMP;
guicardus;276332;guicardus;6987;wīg~hard;DMP;
guicardus;281610;guicardus;6987;wīg~hard;DMP;
guicardus;292877;guicardus;6987;wīg~hard;DMP;
guicardus;293205;guicardus;6987;wīg~hard;DMP;
guicardus;346936;guicardus;6987;wīg~hard;DMP;
guicardus;358664;guicardus;6987;wīg~hard;DMP;
guicardus;389291;guiçardus;23944;wit~hard;DMP;
guli;199192;guli;8595;god~linth;DMP;
guli;207818;guli;8595;god~linth;DMP;
guli;40153;Guli;10219;gul;NeG;x
gumberti;42127;Gumberti;10479;gum~berht;NeG;
gumberti;130986;gumberti;6896;gunth~berht;DMP;x    
gumberti;178746;gumberti;6896;gunth~berht;DMP;
gumberti;179998;gumberti;6896;gunth~berht;DMP;
gumberti;180216;gumberti;6896;gunth~berht;DMP;
gumberti;181074;gumberti;6896;gunth~berht;DMP;
gumberti;181411;gumberti;6896;gunth~berht;DMP;
gumberti;181453;gumberti;6896;gunth~berht;DMP;
gumberti;181996;gumberti;6896;gunth~berht;DMP;
gumberti;207020;gumberti;6896;gunth~berht;DMP;
gumberti;236563;gumberti;6896;gunth~berht;DMP;
gumberti;276939;gumberti;6896;gunth~berht;DMP;
gumberti;293457;gumberti;6896;gunth~berht;DMP;
gumberti;418006;gumberti;6896;gunth~berht;DMP;
gumbertus;101338;Gumbertus;10479;gum~berht;NeG;
gumbertus;134157;gumbertus;6896;gunth~berht;DMP;x
gumbertus;179999;gumbertus;6896;gunth~berht;DMP;
gumbertus;180054;gumbertus;6896;gunth~berht;DMP;
gumbertus;180863;gumbertus;6896;gunth~berht;DMP;
gumbertus;181075;gumbertus;6896;gunth~berht;DMP;
gumbertus;181454;gumbertus;6896;gunth~berht;DMP;
gumbertus;193660;gumbertus;6896;gunth~berht;DMP;
gumbertus;194461;gumbertus;6896;gunth~berht;DMP;
gumbertus;212724;gumbertus;6896;gunth~berht;DMP;
gumbertus;213238;gumbertus;6896;gunth~berht;DMP;
gumbertus;213287;gumbertus;6896;gunth~berht;DMP;
gumbertus;213544;gumbertus;6896;gunth~berht;DMP;
gumbertus;213850;gumbertus;6896;gunth~berht;DMP;
gumbertus;214155;gumbertus;6896;gunth~berht;DMP;
gumbertus;214510;gumbertus;6896;gunth~berht;DMP;
gumbertus;214511;gumbertus;6896;gunth~berht;DMP;
gumbertus;239180;gumbertus;6896;gunth~berht;DMP;
gumbertus;239524;gumbertus;6896;gunth~berht;DMP;
gumbertus;239884;gumbertus;6896;gunth~berht;DMP;
gumbertus;242165;gumbertus;6896;gunth~berht;DMP;
gumbertus;261399;gumbertus;6896;gunth~berht;DMP;
gumbertus;272893;gumbertus;6896;gunth~berht;DMP;
gumbertus;273432;gumbertus;6896;gunth~berht;DMP;
gumbertus;277123;gumbertus;6896;gunth~berht;DMP;
gumbertus;277838;gumbertus;6896;gunth~berht;DMP;
gumbertus;278231;gumbertus;6896;gunth~berht;DMP;
gumbertus;278860;gumbertus;6896;gunth~berht;DMP;
gumbertus;279532;gumbertus;6896;gunth~berht;DMP;
gumbertus;279804;gumbertus;6896;gunth~berht;DMP;
gumbertus;282123;gumbertus;6896;gunth~berht;DMP;
gumbertus;282662;gumbertus;6896;gunth~berht;DMP;
gumbertus;312222;gumbertus;6896;gunth~berht;DMP;
gumbertus;312439;gumbertus;6896;gunth~berht;DMP;
gumbertus;312637;gumbertus;6896;gunth~berht;DMP;
gumbertus;312726;gumbertus;6896;gunth~berht;DMP;
gumbertus;312727;gumbertus;6896;gunth~berht;DMP;
gumbertus;314070;gumbertus;6896;gunth~berht;DMP;
gumbertus;315135;gumbertus;6896;gunth~berht;DMP;
gumbertus;315190;gumbertus;6896;gunth~berht;DMP;
gumbertus;315531;gumbertus;6896;gunth~berht;DMP;
gumbertus;316147;gumbertus;6896;gunth~berht;DMP;
gumbertus;318562;gumbertus;6896;gunth~berht;DMP;
gumbertus;335309;gumbertus;6896;gunth~berht;DMP;
gumbertus;342172;gumbertus;6896;gunth~berht;DMP;
gumbertus;345208;gumbertus;6896;gunth~berht;DMP;
gumbertus;363368;gumbertus;6896;gunth~berht;DMP;
gumbertus;368305;gumbertus;6896;gunth~berht;DMP;
gumbertus;418007;gumbertus;6896;gunth~berht;DMP;
gumbertus;418008;gumbertus;6896;gunth~berht;DMP;
gumpert;105617;Gumpert;10479;gum~berht;NeG;
gumpert;105623;Gumpert;10479;gum~berht;NeG;
gumpert;105997;Gumpert;10479;gum~berht;NeG;
gumpert;385496;gumpert;6896;gunth~berht;DMP;x
gumpert;385556;gumpert;6896;gunth~berht;DMP;
gumpert;386680;gumpert;6896;gunth~berht;DMP;
gumpert;386753;gumpert;6896;gunth~berht;DMP;
gumpert;388338;gumpert;6896;gunth~berht;DMP;
gumperto;101460;Gumperto;10479;gum~berht;NeG;
gumperto;374360;gumperto;6896;gunth~berht;DMP;x
gumpertus;101361;Gumpertus;10479;gum~berht;NeG;
gumpertus;102820;Gumpertus;6896;gunth~berht;NeG;
gumpertus;131117;gumpertus;6896;gunth~berht;DMP;x
gumpertus;144692;gumpertus;6896;gunth~berht;DMP;
gumpertus;178535;gumpertus;6896;gunth~berht;DMP;
gumpertus;205074;gumpertus;6896;gunth~berht;DMP;
gumpertus;211651;gumpertus;6896;gunth~berht;DMP;
gumpertus;227287;gumpertus;6896;gunth~berht;DMP;
gumpertus;230569;gumpertus;6896;gunth~berht;DMP;
gumpertus;241775;gumpertus;6896;gunth~berht;DMP;
gumpertus;335363;gumpertus;6896;gunth~berht;DMP;
gumpertus;374740;gumpertus;6896;gunth~berht;DMP;
gumpertus;374963;gumpertus;6896;gunth~berht;DMP;
gumpertus;384268;gumpertus;6896;gunth~berht;DMP;
gumpertus;384825;gumpertus;6896;gunth~berht;DMP;
gumpertus;385111;gumpertus;6896;gunth~berht;DMP;
gumpertus;385557;gumpertus;6896;gunth~berht;DMP;
gumpertus;385761;gumpertus;6896;gunth~berht;DMP;
gumpertus;386211;gumpertus;6896;gunth~berht;DMP;
gumpertus;398634;gumpertus;6896;gunth~berht;DMP;
gumpertus;400494;gumpertus;6896;gunth~berht;DMP;
gumpertus;489389;gumpertus;6896;gunth~berht;DMP;
gundinus;193386;gundinus;11567;gunth-n;DMP;
gundinus;237512;gundinus;11567;gunth-n;DMP;
gundinus;256151;gundinus;11567;gunth-n;DMP;
gundinus;273326;gundinus;11567;gunth-n;DMP;
gundinus;275155;gundinus;11567;gunth-n;DMP;
gundinus;289070;gundinus;11567;gunth-n;DMP;
gundinus;299075;gundinus;11567;gunth-n;DMP;
gundinus;314547;gundinus;11567;gunth-n;DMP;
gundinus;364393;gundinus;11567;gunth-n;DMP;
gundinus;5564;Gundinus;7197;gunth~wini;NeG;x
gundinus;34990;Gundinus;7197;gunth~wini;NeG;
gundoildis;69323;Gundoildis;7944;gunth~hildi;NeG;
gundoildis;75217;Gundoildis;7944;gunth~hildi;NeG;x
gundoildis;216582;gundoildis;12844;gunth~wilth;DMP;
gundoildis;220297;gundoildis;12844;gunth~wilth;DMP;
gundrisma;73896;Gundrisma;12602;gunth-r-sm;NeG;
gundrisma;219375;gundrisma;22044;gunthar-sm;DMP;x
guntleis;220812;guntleis;16952;gunth~laik;DMP;
guntleis;75798;Guntleis;12846;gunth~lais;NeG;x
gyzerici;26720;Gyzerici;16307;gid~rīk;NeG;
gyzerici;26718;Gyzerici;8906;gīs~rīk;NeG;x
habo;7537;habo;7409;ab;NeG;
habo;7555;habo;7409;ab;NeG;
habo;124675;habo;16532;hab;DMP;x
habo;128759;habo;16532;hab;DMP;
habo;130643;habo;16532;hab;DMP;
habo;131548;habo;16532;hab;DMP;
habo;134316;habo;16532;hab;DMP;
habo;142831;habo;16532;hab;DMP;
habo;197339;habo;16532;hab;DMP;
habo;320603;habo;16532;hab;DMP;
habo;320646;habo;16532;hab;DMP;
habo;376481;habo;16532;hab;DMP;
habo;380034;habo;16532;hab;DMP;
habo;391298;habo;16532;hab;DMP;
habo;394473;habo;16532;hab;DMP;
habo;401504;habo;16532;hab;DMP;
habo;482063;habo;16532;hab;DMP;
habo;486887;habo;16532;hab;DMP;
habo;489386;habo;16532;hab;DMP;
habrit;40552;Habrit;10296;ab~rīd;NeG;
habrit;208229;habrit;23017;hab~rīd;DMP;x
habundus;72320;Habundus;12383;abundus;NeG;x
habundus;218137;habundus;25988;hab-nd;DMP;
hacco;5572;Hacco;7438;agi;NeG;
hacco;6610;hacco;7438;agi;NeG;
hacco;8036;hacco;7438;agi;NeG;
hacco;8198;hacco;7438;agi;NeG;
hacco;110583;hacco;16543;hag;DMP;x
hacco;110584;hacco;16543;hag;DMP;
hacco;110585;hacco;16543;hag;DMP;
hacco;110586;hacco;16543;hag;DMP;
hacco;110587;hacco;16543;hag;DMP;
hacco;110588;hacco;16543;hag;DMP;
hacco;110589;hacco;16543;hag;DMP;
hacco;110590;hacco;16543;hag;DMP;
hacco;110591;hacco;16543;hag;DMP;
hacco;110592;hacco;16543;hag;DMP;
hacco;110593;hacco;16543;hag;DMP;
hacco;110594;hacco;16543;hag;DMP;
hacco;110595;hacco;16543;hag;DMP;
hacco;110596;hacco;16543;hag;DMP;
hacco;110597;hacco;16543;hag;DMP;
hacco;110598;hacco;16543;hag;DMP;
hacco;110599;hacco;16543;hag;DMP;
hacco;110600;hacco;16543;hag;DMP;
hacco;110601;hacco;16543;hag;DMP;
hacco;110602;hacco;16543;hag;DMP;
hacco;110603;hacco;16543;hag;DMP;
hacco;110604;hacco;16543;hag;DMP;
hacco;118411;hacco;16543;hag;DMP;
hacco;121153;hacco;16543;hag;DMP;
hacco;125388;hacco;16543;hag;DMP;
hacco;126593;hacco;16543;hag;DMP;
hacco;318199;hacco;16543;hag;DMP;
hacho;42802;Hacho;7438;agi;NeG;
hacho;118108;hacho;16737;hāh;DMP;x
hacho;119322;hacho;16737;hāh;DMP;
hacho;120229;hacho;16737;hāh;DMP;
hacho;124288;hacho;16737;hāh;DMP;
hacho;129240;hacho;16737;hāh;DMP;
hacho;210062;hacho;16737;hāh;DMP;
hacho;210731;hacho;16737;hāh;DMP;
hadalino;60660;Hadalino;7527;athal-n;NeG;x
hadalino;463938;hadalino;6981;athal~wini;DMP;
hadubuot;206816;hadubuot;26140;hath~bod;DMP;
hadubuot;39260;Hadubuot;10090;hath~bōt;NeG;x
haeriggo;207801;haeriggo;10828;hari-k;DMP;x
haeriggo;40052;Haeriggo;6868;hari~rīk;NeG;
hagabertus;311286;hagabertus;22280;hag~berht;DMP;x
hagabertus;60575;hagabertus;7516;hagi~berht;NeG;
hagono;42759;Hagono;6888;agin;NeG;
hagono;66765;Hagono;6888;agin;NeG;
hagono;110615;hagono;16543;hag;DMP;x
hagono;110616;hagono;16543;hag;DMP;
hagono;110617;hagono;16543;hag;DMP;
hagono;129400;hagono;16543;hag;DMP;
hagono;142860;hagono;16543;hag;DMP;
hagono;210018;hagono;16543;hag;DMP;
hagono;317190;hagono;16543;hag;DMP;
hahauinus;432341;hahauinus;26134;ah~wini;DMP;
hahauinus;891;hahauinus;6961;hāh~wini;NeG;x
haibertus;130492;haibertus;14973;agi~berht;DMP;x    
haibertus;193318;haibertus;14973;agi~berht;DMP;
haibertus;195921;haibertus;14973;agi~berht;DMP;
haibertus;264617;haibertus;14973;agi~berht;DMP;
haibertus;69648;Haibertus;7516;hagi~berht;NeG;
haiburgo;221115;haiburgo;13348;agi~burg;DMP;x
haiburgo;76289;Haiburgo;12872;hagi~burg;NeG;
haimardus;253929;haimardus;13146;haim~hard;DMP;x
haimardus;261053;haimardus;13146;haim~hard;DMP;
haimardus;267463;haimardus;13146;haim~hard;DMP;
haimardus;293678;haimardus;13146;haim~hard;DMP;
haimardus;357550;haimardus;13146;haim~hard;DMP;
haimardus;359059;haimardus;13146;haim~hard;DMP;
haimardus;359428;haimardus;13146;haim~hard;DMP;
haimardus;359602;haimardus;13146;haim~hard;DMP;
haimardus;418155;haimardus;13146;haim~hard;DMP;
haimardus;37081;Haimardus;9757;haim~ward;NeG;
haimardus;37457;Haimardus;9757;haim~ward;NeG;
haimardus;37741;Haimardus;9757;haim~ward;NeG;
hainaradus;139413;hainaradus;11141;agin~rād;DMP;
hainaradus;74157;Hainaradus;7439;hagan~rād;NeG;x
haino;359827;haino;11115;agi-n;DMP;
haino;33674;Haino;7364;hagan;NeG;x
haino;33680;Haino;7364;hagan;NeG;
haino;33682;Haino;7364;hagan;NeG;
hainonis;249797;hainonis;11115;agi-n;DMP;
hainonis;33670;Hainonis;7364;hagan;NeG;x
hainonis;33685;Hainonis;7364;hagan;NeG;
hainradus;38299;Hainradus;7439;hagan~rād;NeG;
hainradus;65665;Hainradus;7439;hagan~rād;NeG;
hainradus;68068;Hainradus;7439;hagan~rād;NeG;
hainradus;69595;Hainradus;7439;hagan~rād;NeG;
hainradus;375373;hainradus;10782;haim~rād;DMP;x
hainradus;375438;hainradus;10782;haim~rād;DMP;
hainradus;375439;hainradus;10782;haim~rād;DMP;
hainradus;375492;hainradus;10782;haim~rād;DMP;
haio;62426;Haio;7438;agi;NeG;
haio;121090;haio;7021;hagi;DMP;x
haio;183783;haio;7021;hagi;DMP;
haio;184570;haio;7021;hagi;DMP;
haio;185757;haio;7021;hagi;DMP;
haio;309526;haio;7021;hagi;DMP;
haio;378727;haio;7021;hagi;DMP;
haione;3775;Haione;7438;agi;NeG;
haione;63714;Haione;7438;agi;NeG;
haione;308457;haione;7021;hagi;DMP;x
haioni;41127;Haioni;7438;agi;NeG;
haioni;196170;haioni;7021;hagi;DMP;x
haioni;209140;haioni;7021;hagi;DMP;
hairueus;74901;Hairueus;8044;hari~wīg;NeG;
hairueus;67171;Hairueus;7373;hari~wīh;NeG;x
hairueus;77559;Hairueus;7373;hari~wīh;NeG;
hairueus;220077;hairueus;7373;hari~wīh;DMP;
hairueus;222203;hairueus;7373;hari~wīh;DMP;
haiuni;64489;Haiuni;15851;hagi~wini;NeG;x
haiuni;308101;haiuni;6458;haim~wini;DMP;
haldedringus;73688;Haldedringus;12499;ald~hring;NeG;x
haldedringus;127187;haldedringus;16930;ald~ring;DMP;
haldinus;440090;haldinus;6694;ald-n;DMP;x
haldinus;3524;Haldinus;7459;ald~wini;NeG;
halux;40444;Halux;10279;alu-k;NeG;
halux;207923;halux;25720;halux;DMP;x
hamerici;41607;Hamerici;6544;haim~rīk;NeG;x
hamerici;207466;hamerici;21585;ham~rīk;DMP;
hamerico;64184;Hamerico;6544;haim~rīk;NeG;x
hamerico;308102;hamerico;21585;ham~rīk;DMP;
hardrudus;1120;hardrudus;7090;hard~rād;NeG;x
hardrudus;380265;hardrudus;9935;hard~thruth;DMP;
hariarnus;221029;hariarnus;22430;hari-rn;DMP;
hariarnus;76136;Hariarnus;8117;hari~gern;NeG;x
harierus;65960;Harierus;7961;hari~gair;NeG;x
harierus;66660;Harierus;7961;hari~gair;NeG;
harierus;69400;Harierus;7961;hari~gair;NeG;
harierus;69438;Harierus;7961;hari~gair;NeG;
harierus;346373;harierus;13121;hari~hari;DMP;
harierus;375074;harierus;13121;hari~hari;DMP;
harpaio;451493;harpaio;7072;arbi;DMP;
harpaio;1238;harpaio;7153;harpp;NeG;x
haslandus;449393;haslandus;19274;ans~land;DMP;x
haslandus;65715;Haslandus;11179;hasw~land;NeG;
haslandus;66186;Haslandus;11179;hasw~land;NeG;
hasleibi;449373;hasleibi;18161;ans~laib;DMP;x
hasleibi;59356;Hasleibi;10569;hasw~laib;NeG;
hasleip;449374;hasleip;18161;ans~laib;DMP;x
hasleip;61612;Hasleip;10569;hasw~laib;NeG;
hasmar;449438;hasmar;10737;ans~mar;DMP;x
hasmar;37012;Hasmar;9742;hasw~mar;NeG;
hasuuar;449782;hasuuar;24896;ans~wār;DMP;
hasuuar;7805;hasuuar;8340;hasw~wār;NeG;x
hato;456368;hàto;6872;ath;DMP;
hato;3626;Hato;6463;hath;NeG;x
hato;5799;Hato;6463;hath;NeG;
hato;8551;hato;6463;hath;NeG;
hato;9700;Hato;6463;hath;NeG;
hato;79637;Hato;6463;hath;NeG;
hato;118614;hato;6463;hath;DMP;
hato;126254;hato;6463;hath;DMP;
hato;126365;hato;6463;hath;DMP;
hato;126789;hato;6463;hath;DMP;
hato;129068;hato;6463;hath;DMP;
hato;130512;hato;6463;hath;DMP;
hato;135172;hato;6463;hath;DMP;
hato;137249;hato;6463;hath;DMP;
hato;142326;hato;6463;hath;DMP;
hato;182786;hato;6463;hath;DMP;
hato;223877;hato;6463;hath;DMP;
hato;258831;hato;6463;hath;DMP;
hato;307111;hato;6463;hath;DMP;
hato;319226;hato;6463;hath;DMP;
hato;321362;hato;6463;hath;DMP;
hato;321910;hato;6463;hath;DMP;
hato;321911;hato;6463;hath;DMP;
hato;324490;hato;6463;hath;DMP;
hato;325594;hato;6463;hath;DMP;
hato;325767;hâto;6463;hath;DMP;
hato;326587;hato;6463;hath;DMP;
hato;327212;hato;6463;hath;DMP;
hato;329899;hato;6463;hath;DMP;
hato;330461;hato;6463;hath;DMP;
hato;331541;hato;6463;hath;DMP;
hato;333887;hato;6463;hath;DMP;
hato;337473;hato;6463;hath;DMP;
hato;337878;hato;6463;hath;DMP;
hato;341937;hato;6463;hath;DMP;
hato;376657;hato;6463;hath;DMP;
hato;378139;hato;6463;hath;DMP;
hato;379036;hato;6463;hath;DMP;
hato;379169;hato;6463;hath;DMP;
hato;379211;hato;6463;hath;DMP;
hato;385972;hato;6463;hath;DMP;
hato;388136;hato;6463;hath;DMP;
hato;388176;hato;6463;hath;DMP;
hato;388490;hâto;6463;hath;DMP;
hato;389663;hato;6463;hath;DMP;
hato;390694;hato;6463;hath;DMP;
hato;392896;hato;6463;hath;DMP;
hato;397354;hato;6463;hath;DMP;
hato;401590;hato;6463;hath;DMP;
hato;401853;hato;6463;hath;DMP;
hato;402159;hato;6463;hath;DMP;
hato;410778;hato;6463;hath;DMP;
hato;411994;hato;6463;hath;DMP;
hato;412306;hato;6463;hath;DMP;
hato;412787;hato;6463;hath;DMP;
hato;476159;hato;6463;hath;DMP;
hato;477254;hato;6463;hath;DMP;
hato;480849;hato;6463;hath;DMP;
hato;482840;hato;6463;hath;DMP;
hato;482962;hato;6463;hath;DMP;
hato;482991;hato;6463;hath;DMP;
hato;486942;hato;6463;hath;DMP;
hato;487347;hato;6463;hath;DMP;
hato;488450;hato;6463;hath;DMP;
hato;489419;hato;6463;hath;DMP;
hato;490440;hâto;6463;hath;DMP;
hedenus;284889;hedenus;7554;haith-n;DMP;
hedenus;37789;Hedenus;9919;haithan;NeG;x
hedenus;38027;Hedenus;9919;haithan;NeG;
hedenus;38109;Hedenus;9919;haithan;NeG;
hedenus;38112;Hedenus;9919;haithan;NeG;
hederih;42826;Hederih;10546;haith~rīk;NeG;
hederih;210119;hederih;8178;hath~rīk;DMP;x
hederih;210366;hederih;8178;hath~rīk;DMP;
hegilen;40039;Hegilen;8102;agi-l-n;NeG;
hegilen;139138;hegilen;6363;agil;DMP;x
hegilen;139259;hegilen;6363;agil;DMP;
heidfolt;1098;heidfolt;7077;haith~fuld;NeG;x
heidfolt;377543;heidfolt;8528;haith~fulk;DMP;
heigo;61889;Heigo;7021;hagi;NeG;
heigo;180462;heigo;8070;haik;DMP;x
heigo;310024;heigo;8070;haik;DMP;
heigo;368432;heigo;8070;haik;DMP;
heiiat;130113;heiiat;14044;agi-d;DMP;
heiiat;40832;Heiiat;10331;hagi-d;NeG;x
heilaggart;41601;Heilaggart;10412;hailag~gard;NeG;x
heilaggart;209777;heilaggart;24141;hailag~swinth;DMP;
heino;308357;heino;6888;agin;DMP;
heino;371296;heino;6888;agin;DMP;
heino;63816;Heino;10890;hagin;NeG;x
heino;64724;Heino;10890;hagin;NeG;
helmendrude;311713;helmendrude;15662;helm~thruth;DMP;
helmendrude;60001;Helmendrude;10643;helman~thruth;NeG;x
helpholt;61985;Helpholt;8188;help-nd;NeG;
helpholt;64165;Helpholt;8188;help-nd;NeG;
helpholt;309907;helpholt;10568;help~wald;DMP;x
helpholt;353384;helpholt;10568;help~wald;DMP;
helpholt;355542;helpholt;10568;help~wald;DMP;
helpholt;418408;helpholt;10568;help~wald;DMP;
helpoldo;310235;helpoldo;16574;hali~balth;DMP;
helpoldo;61625;Helpoldo;10568;help~wald;NeG;x
hemmat;40199;Hemmat;9523;haim-d;NeG;x
hemmat;207999;hemmat;18830;im-d;DMP;
hemming;180020;hemming;10687;erm-ng;DMP;
hemming;202760;hemming;10687;erm-ng;DMP;
hemming;207285;hemming;10687;erm-ng;DMP;
hemming;349729;hemming;10687;erm-ng;DMP;
hemming;351491;hemming;10687;erm-ng;DMP;
hemming;355547;hemming;10687;erm-ng;DMP;
hemming;419094;hemming;10687;erm-ng;DMP;
hemming;491074;hemming;10687;erm-ng;DMP;
hemming;39604;Hemming;9707;haim-ng;NeG;x
heochiolfo;60688;Heochiolfo;6446;agi~wulf;NeG;x
heochiolfo;311091;heochiolfo;17568;hauh~wulf;DMP;
herdo;41152;Herdo;9871;hard;NeG;
herdo;209201;herdo;16322;harid;DMP;x
hericus;110841;hericus;10828;hari-k;DMP;x
hericus;110842;hericus;10828;hari-k;DMP;
hericus;110843;hericus;10828;hari-k;DMP;
hericus;110844;hericus;10828;hari-k;DMP;
hericus;144599;hericus;10828;hari-k;DMP;
hericus;242745;hericus;10828;hari-k;DMP;
hericus;259123;hericus;10828;hari-k;DMP;
hericus;38527;Hericus;6868;hari~rīk;NeG;
herloni;319496;herloni;10136;erl;DMP;x
herloni;6197;herloni;6628;erl~wini;NeG;
herlus;78056;Herlus;10136;erl;NeG;x
herlus;222546;herlus;8317;hari-l;DMP;
herod;62272;Herod;16322;harid;NeG;
herod;309755;herod;16560;harud;DMP;x
hiaelo;38657;Hiaelo;8101;hail;NeG;x
hiaelo;206408;hiaelo;16688;īl;DMP;
hilbericho;62213;Hilbericho;7047;help~rīk;NeG;x
hilbericho;310922;hilbericho;8150;hildi~berg;DMP;
hildebrus;221638;hildebrus;6706;hildi~brand;DMP;
hildebrus;76929;Hildebrus;10307;hildi~burg;NeG;x
hildeginus;71628;Hildeginus;7234;hildi~gang;NeG;
hildeginus;218068;hildeginus;23625;hildi~gin;DMP;x
hildegudis;216232;hildegudis;6746;hildi~gaut;DMP;
hildegudis;217860;hildegudis;6746;hildi~gaut;DMP;
hildegudis;220081;hildegudis;6746;hildi~gaut;DMP;
hildegudis;220127;hildegudis;6746;hildi~gaut;DMP;
hildegudis;68579;Hildegudis;9834;hildi~gunth;NeG;x
hildegudis;71431;Hildegudis;9834;hildi~gunth;NeG;
hildegudis;74862;Hildegudis;9834;hildi~gunth;NeG;
hildegudis;74918;Hildegudis;9834;hildi~gunth;NeG;
hildesmodus;72281;Hildesmodus;10836;hildi~mōd;NeG;x
hildesmodus;218065;hildesmodus;16420;hildi~snōd;DMP;
hildibito;311872;hildibito;6402;hildi~berht;DMP;
hildibito;59653;hildibito;7206;hildi~bod;NeG;x
hildoarius;136781;hildoarius;9640;hildi~wār;DMP;
hildoarius;418659;hildoarius;9640;hildi~wār;DMP;
hildoarius;221;hildoarius;6488;hildi~wari;NeG;x
hildoarius;79562;Hildoarius;6488;hildi~wari;NeG;
hilgadrudis;218149;hilgadrudis;10199;hailag~thruth;DMP;x
hilgadrudis;72306;Hilgadrudis;12380;hildi~truth;NeG;
hilsoardus;219688;hilsoardus;11017;hildi~ward;DMP;
hilsoardus;74292;Hilsoardus;12660;hildis~ward;NeG;x
hiltcario;219853;hiltcario;6654;hildi~gair;DMP;x
hiltcario;74661;Hiltcario;8005;hildi~hari;NeG;
hiltcarius;219577;hiltcarius;6654;hildi~gair;DMP;x
hiltcarius;222093;hiltcarius;6654;hildi~gair;DMP;
hiltcarius;222267;hiltcarius;6654;hildi~gair;DMP;
hiltcarius;222731;hiltcarius;6654;hildi~gair;DMP;
hiltcarius;223133;hiltcarius;6654;hildi~gair;DMP;
hiltcarius;74172;Hiltcarius;8005;hildi~hari;NeG;
hiltcarius;77477;Hiltcarius;8005;hildi~hari;NeG;
hiltcarius;77614;Hiltcarius;8005;hildi~hari;NeG;
hiltcarius;78223;Hiltcarius;8005;hildi~hari;NeG;
hiltcarius;78664;Hiltcarius;8005;hildi~hari;NeG;
hiltgudis;222732;hiltgudis;6746;hildi~gaut;DMP;
hiltgudis;77968;Hiltgudis;9834;hildi~gunth;NeG;x
hilticari;207577;hilticari;6654;hildi~gair;DMP;x
hilticari;39850;Hilticari;8005;hildi~hari;NeG;
hiltiu;40619;Hiltiu;7308;hildi;NeG;
hiltiu;40622;Hiltiu;7308;hildi;NeG;
hiltiu;202273;hiltiu;10909;hildi~thew;DMP;x
hiltiu;208329;hiltiu;10909;hildi~thew;DMP;
hiltiu;208330;hiltiu;10909;hildi~thew;DMP;
hisemundum;102177;Hisemundum;10051;īs~mund;NeG;
hisemundum;102240;Hisemundum;10051;īs~mund;NeG;
hisemundum;29132;Hisemundum;9262;īsan~mund;NeG;x
hisemundum;29135;Hisemundum;9262;īsan~mund;NeG;
hisemundus;102248;Hisemundus;10051;īs~mund;NeG;
hisemundus;102254;Hisemundus;10051;īs~mund;NeG;
hisemundus;102256;Hisemundus;10051;īs~mund;NeG;
hisemundus;102273;Hisemundus;10051;īs~mund;NeG;
hisemundus;102576;Hisemundus;10051;īs~mund;NeG;
hisemundus;102604;Hisemundus;10051;īs~mund;NeG;
hisemundus;102657;Hisemundus;10051;īs~mund;NeG;
hisemundus;29146;Hisemundus;9262;īsan~mund;NeG;x
hisla;422431;hisla;13876;īs-l;DMP;x
hisla;73987;Hisla;12506;īsal;NeG;
horcholfus;63461;Horcholfus;8012;hrōk~wulf;NeG;
horcholfus;308748;horcholfus;8398;hursk~wulf;DMP;x
hoto;118750;hoto;6829;aud;DMP;x
hoto;465035;hoto;6829;aud;DMP;
hoto;465036;hoto;6829;aud;DMP;
hoto;465037;hoto;6829;aud;DMP;
hoto;465038;hoto;6829;aud;DMP;
hoto;465039;hoto;6829;aud;DMP;
hoto;390503;hŏto;8283;hōd;DMP;
hoz;207319;hoz;8283;hōd;DMP;
hoz;39612;Hoz;10130;hōd-z;NeG;x
hradhadi;38504;Hradhadi;9989;hrath~hath;NeG;
hradhadi;206485;hradhadi;6670;rād~hath;DMP;x
hrathadi;38508;Hrathadi;9989;hrath~hath;NeG;
hrathadi;38848;Hrathadi;9989;hrath~hath;NeG;
hrathadi;206445;hrathadi;6670;rād~hath;DMP;x
hrathadi;206486;hrathadi;6670;rād~hath;DMP;
hratharii;38721;Hratharii;10013;hrath~hari;NeG;
hratharii;38846;Hratharii;10013;hrath~hari;NeG;
hratharii;38931;Hratharii;10013;hrath~hari;NeG;
hratharii;206239;hratharii;6549;rād~hari;DMP;x
hratharii;206288;hratharii;6549;rād~hari;DMP;
hratharii;206440;hratharii;6549;rād~hari;DMP;
hratharii;206484;hratharii;6549;rād~hari;DMP;
hrodinus;404352;hrodinus;9325;hrōth-n;DMP;x
hrodinus;69527;Hrodinus;7933;hrōth~wini;NeG;
hroing;209526;hroing;9725;hrōk-ng;DMP;
hroing;41490;Hroing;6464;hrōth-ng;NeG;x
hudone;64185;Hudone;6829;aud;NeG;
hudone;64411;Hudone;6829;aud;NeG;
hudone;64428;Hudone;6829;aud;NeG;
hudone;305484;hudone;8130;hud;DMP;x
hudone;308055;hudone;8130;hud;DMP;
hudone;308109;hudone;8130;hud;DMP;
hudone;308110;hudone;8130;hud;DMP;
hulma;64308;Hulma;10925;helm;NeG;x
hulma;476137;hulma;24715;hulma;DMP;
huntfridum;77434;Huntfridum;12991;hund~frid;NeG;x
huntfridum;222099;huntfridum;19995;hund~frith;DMP;
huohingi;40771;Huohingi;7210;hauh-ng;NeG;x
huohingi;208490;huohingi;18337;hug-ng;DMP;
iacintus;206115;iacintus;22244;hiacinthus;DMP;
iacintus;98105;Iacintus;13506;hyacinthus;NeG;x
iacintus;98109;Iacintus;13506;hyacinthus;NeG;
ianouildis;78798;Ianouildis;13098;ian~wilth;NeG;
ianouildis;126324;ianouildis;17261;in~wilth;DMP;x
iaring;42380;Iaring;10494;iar-ng;NeG;
iaring;207597;iaring;6977;ir-ng;DMP;x
ictrus;72589;Ictrus;12424;icterus;NeG;x    
ictrus;218321;ictrus;22905;ig-d;DMP;
idala;218980;idala;17657;id-l;DMP;
idala;222852;idala;17657;id-l;DMP;
idala;73430;Idala;7354;idal;NeG;x
idala;78361;Idala;7354;idal;NeG;
idalcarius;222627;idalcarius;13008;idal~gair;DMP;x
idalcarius;78215;Idalcarius;13047;idal~hari;NeG;
idalus;120907;idalus;17657;id-l;DMP;
idalus;78000;Idalus;9363;ītalus;NeG;x
idelindis;216173;idelindis;8153;hildi~linth;DMP;x
idelindis;71760;Idelindis;12319;id~linth;NeG;
ideono;311759;ideono;6520;id~wini;DMP;
ideono;59890;Ideono;10619;idōneus;NeG;x
idinus;219539;idinus;7091;id-n;DMP;x
idinus;278497;idinus;7091;id-n;DMP;
idinus;278706;idinus;7091;id-n;DMP;
idinus;281970;idinus;7091;id-n;DMP;
idinus;74153;Idinus;6520;id~wini;NeG;
ihro;207543;ihro;22350;ig~hrōk;DMP;
ihro;39831;Ihro;7154;ir;NeG;x
ildeburs;220980;ildeburs;25358;hildi~būr;DMP;
ildeburs;76126;Ildeburs;10307;hildi~burg;NeG;x
ilgarnus;73398;Ilgarnus;8694;hildi~gern;NeG;x
ilgarnus;421198;ilgarnus;22240;īl~gern;DMP;
ilianus;421213;ilianus;21293;hylianus;DMP;x
ilianus;99407;Ilianus;14023;il-n;NeG;
immina;38386;Immina;6564;erman;NeG;x
immina;41304;Immina;6564;erman;NeG;
immina;41664;Immina;6564;erman;NeG;
immina;110943;immina;16660;im-n;DMP;
immina;110944;immina;16660;im-n;DMP;
immina;110945;immina;16660;im-n;DMP;
immina;110946;immina;16660;im-n;DMP;
immina;110947;immina;16660;im-n;DMP;
immina;110948;immina;16660;im-n;DMP;
immina;184218;immina;16660;im-n;DMP;
immina;388612;immina;16660;im-n;DMP;
immina;393104;immina;16660;im-n;DMP;
immina;394873;immina;16660;im-n;DMP;
immina;419131;immina;16660;im-n;DMP;
ingalsis;221849;ingalsis;25745;ingal~gīs;DMP;x
ingalsis;77162;Ingalsis;11788;ingal~sinth;NeG;
ingaluuis;72930;Ingaluuis;12475;ingal~wīg;NeG;
ingaluuis;74122;Ingaluuis;12475;ingal~wīg;NeG;
ingaluuis;218604;ingaluuis;24157;ingal~wis;DMP;x
ingaluuis;219499;ingaluuis;24157;ingal~wis;DMP;
ingardis;71723;Ingardis;12315;ing~gard;NeG;x  
ingardis;78874;Ingardis;12315;ing~gard;NeG;
ingardis;215856;ingardis;11948;ing~hard;DMP;
ingardis;223248;ingardis;11948;ing~hard;DMP;
ingela;120985;ingela;17432;ing-l;DMP;
ingela;404757;ingela;17432;ing-l;DMP;
ingela;404758;ingela;17432;ing-l;DMP;
ingela;99209;Ingela;14006;ingal;NeG;x
ingenuus;390870;ingenuus;24041;ingenius;DMP;x
ingenuus;87112;Ingenuus;13436;ingenuus;NeG;
ingina;110951;ingina;6802;ing-n;DMP;
ingina;110952;ingina;6802;ing-n;DMP;
ingina;110953;ingina;6802;ing-n;DMP;
ingina;110954;ingina;6802;ing-n;DMP;
ingina;133646;ingina;6802;ing-n;DMP;
ingina;223774;ingina;6802;ing-n;DMP;
ingina;308345;ingina;6802;ing-n;DMP;
ingina;413453;ingina;6802;ing-n;DMP;
ingina;61603;Ingina;10572;ingin;NeG;x
ingina;63815;Ingina;10572;ingin;NeG;
ingina;64281;Ingina;10572;ingin;NeG;
ingina;79437;Ingina;10572;ingin;NeG;
inginane;307737;inginane;6802;ing-n;DMP;
inginane;308301;inginane;6802;ing-n;DMP;
inginane;59380;inginane;10572;ingin;NeG;
inginane;64280;inginane;10572;ingin;NeG;x
ingrisma;70855;Ingrisma;12183;ing-r-sm;NeG;
ingrisma;73530;Ingrisma;12183;ing-r-sm;NeG;
ingrisma;73626;Ingrisma;12183;ing-r-sm;NeG;
ingrisma;79018;Ingrisma;12183;ing-r-sm;NeG;
ingrisma;79048;Ingrisma;12183;ing-r-sm;NeG;
ingrisma;216797;ingrisma;18384;ingar-sm;DMP;
ingrisma;219114;ingrisma;18384;ingar-sm;DMP;
ingrisma;219161;ingrisma;18384;ingar-sm;DMP;
ingrisma;223384;ingrisma;18384;ingar-sm;DMP;x
ingrisma;223394;ingrisma;18384;ingar-sm;DMP;
inmane;64480;Inmane;6564;erman;NeG;x     
inmane;309038;inmane;18527;ing~man;DMP;
inmane;309079;inmane;18527;ing~man;DMP;
inpergia;78823;Inpergia;13101;imperia;NeG;x
inpergia;123288;inpergia;17875;in~berg;DMP;
ioanne;110955;ioanne;11818;iōhanna;DMP;x
ioanne;110956;ioanne;11818;iōhanna;DMP;
ioanne;123819;ioanne;11818;iōhanna;DMP;
ioanne;123820;ioanne;11818;iōhanna;DMP;
ioanne;161771;ioanne;11818;iōhanna;DMP;
ioanne;25135;Ioanne;6511;iōhannēs;NeG;
ioanne;25690;Ioanne;6511;iōhannēs;NeG;
ioanne;28336;Ioanne;6511;iōhannēs;NeG;
iohanne;110957;iohanne;11818;iōhanna;DMP;x
iohanne;110958;iohanne;11818;iōhanna;DMP;
iohanne;110959;iohanne;11818;iōhanna;DMP;
iohanne;110960;iohanne;11818;iōhanna;DMP;
iohanne;110961;iohanne;11818;iōhanna;DMP;
iohanne;110962;iohanne;11818;iōhanna;DMP;
iohanne;110963;iohanne;11818;iōhanna;DMP;
iohanne;110964;iohanne;11818;iōhanna;DMP;
iohanne;110965;iohanne;11818;iōhanna;DMP;
iohanne;110966;iohanne;11818;iōhanna;DMP;
iohanne;110967;iohanne;11818;iōhanna;DMP;
iohanne;110968;iohanne;11818;iōhanna;DMP;
iohanne;110969;iohanne;11818;iōhanna;DMP;
iohanne;110970;iohanne;11818;iōhanna;DMP;
iohanne;110971;iohanne;11818;iōhanna;DMP;
iohanne;121296;iohanne;11818;iōhanna;DMP;
iohanne;123821;iohanne;11818;iōhanna;DMP;
iohanne;126731;iohanne;11818;iōhanna;DMP;
iohanne;158815;iohanne;11818;iōhanna;DMP;
iohanne;162332;iohanne;11818;iōhanna;DMP;
iohanne;164307;iohanne;11818;iōhanna;DMP;
iohanne;258111;iohanne;11818;iōhanna;DMP;
iohanne;304405;iohanne;11818;iōhanna;DMP;
iohanne;304823;iohanne;11818;iōhanna;DMP;
iohanne;306220;iohanne;11818;iōhanna;DMP;
iohanne;319809;iohanne;11818;iōhanna;DMP;
iohanne;319982;iohanne;11818;iōhanna;DMP;
iohanne;320043;iohanne;11818;iōhanna;DMP;
iohanne;336359;iohanne;11818;iōhanna;DMP;
iohanne;358110;iohanne;11818;iōhanna;DMP;
iohanne;358335;iohanne;11818;iōhanna;DMP;
iohanne;359232;iohanne;11818;iōhanna;DMP;
iohanne;359454;iohanne;11818;iōhanna;DMP;
iohanne;359953;iohanne;11818;iōhanna;DMP;
iohanne;371059;iohanne;11818;iōhanna;DMP;
iohanne;383862;iohannę;11818;iōhanna;DMP;
iohanne;1753;Iohanne;6511;iōhannēs;NeG;
iohanne;1807;Iohanne;6511;iōhannēs;NeG;
iohanne;1816;Iohanne;6511;iōhannēs;NeG;
iohanne;5637;Iohanne;6511;iōhannēs;NeG;
iohanne;5708;Iohanne;6511;iōhannēs;NeG;
iohanne;5909;Iohanne;6511;iōhannēs;NeG;
iohanne;6204;iohanne;6511;iōhannēs;NeG;
iohanne;6428;iohanne;6511;iōhannēs;NeG;
iohanne;6696;iohanne;6511;iōhannēs;NeG;
iohanne;6713;iohanne;6511;iōhannēs;NeG;
iohanne;6805;iohanne;6511;iōhannēs;NeG;
iohanne;6846;Iohanne;6511;iōhannēs;NeG;
iohanne;6847;Iohanne;6511;iōhannēs;NeG;
iohanne;25131;Iohanne;6511;iōhannēs;NeG;
iohanne;25139;Iohanne;6511;iōhannēs;NeG;
iohanne;25143;Iohanne;6511;iōhannēs;NeG;
iohanne;25147;Iohanne;6511;iōhannēs;NeG;
iohanne;25510;Iohanne;6511;iōhannēs;NeG;
iohanne;25549;Iohanne;6511;iōhannēs;NeG;
iohanne;25611;Iohanne;6511;iōhannēs;NeG;
iohanne;25688;Iohanne;6511;iōhannēs;NeG;
iohanne;25694;Iohanne;6511;iōhannēs;NeG;
iohanne;25697;Iohanne;6511;iōhannēs;NeG;
iohanne;25699;Iohanne;6511;iōhannēs;NeG;
iohanne;25710;Iohanne;6511;iōhannēs;NeG;
iohanne;25713;Iohanne;6511;iōhannēs;NeG;
iohanne;25774;Iohanne;6511;iōhannēs;NeG;
iohanne;26135;Iohanne;6511;iōhannēs;NeG;
iohanne;26169;Iohanne;6511;iōhannēs;NeG;
iohanne;26257;Iohanne;6511;iōhannēs;NeG;
iohanne;28009;Iohanne;6511;iōhannēs;NeG;
iohanne;28312;Iohanne;6511;iōhannēs;NeG;
iohanne;29938;Iohanne;6511;iōhannēs;NeG;
iohanne;33458;Iohanne;6511;iōhannēs;NeG;
iohanne;36329;Iohanne;6511;iōhannēs;NeG;
iohanne;65054;Iohanne;6511;iōhannēs;NeG;
iohanne;80971;Iohanne;6511;iōhannēs;NeG;
iohanne;81458;Iohanne;6511;iōhannēs;NeG;
iohanne;82728;Iohanne;6511;iōhannēs;NeG;
iohanne;82738;Iohanne;6511;iōhannēs;NeG;
iohanne;82743;Iohanne;6511;iōhannēs;NeG;
iohanne;83865;Iohanne;6511;iōhannēs;NeG;
iohanne;84837;Iohanne;6511;iōhannēs;NeG;
iohanne;86209;Iohanne;6511;iōhannēs;NeG;
iohanne;87492;Iohanne;6511;iōhannēs;NeG;
iohanne;87862;Iohanne;6511;iōhannēs;NeG;
iohanne;90452;Iohanne;6511;iōhannēs;NeG;
iohanne;94039;Iohanne;6511;iōhannēs;NeG;
iohanne;94660;Iohanne;6511;iōhannēs;NeG;
iohanne;99993;Iohanne;6511;iōhannēs;NeG;
iohanne;99994;Iohanne;6511;iōhannēs;NeG;
iohanne;99995;Iohanne;6511;iōhannēs;NeG;
iohanne;101370;Iohanne;6511;iōhannēs;NeG;
iohanne;101386;Iohanne;6511;iōhannēs;NeG;
iohanne;102860;Iohanne;6511;iōhannēs;NeG;
iohanne;102862;Iohanne;6511;iōhannēs;NeG;
iohanne;102864;Iohanne;6511;iōhannēs;NeG;
iohanne;102866;Iohanne;6511;iōhannēs;NeG;
iohanne;102868;Iohanne;6511;iōhannēs;NeG;
iohanne;102870;Iohanne;6511;iōhannēs;NeG;
iohanne;103376;Iohanne;6511;iōhannēs;NeG;
iohanne;104239;Iohanne;6511;iōhannēs;NeG;
iohanne;104240;Iohanne;6511;iōhannēs;NeG;
iohanne;104505;Iohanne;6511;iōhannēs;NeG;
iohanne;104619;Iohanne;6511;iōhannēs;NeG;
iohanne;104723;Iohanne;6511;iōhannēs;NeG;
iohanne;105033;Iohanne;6511;iōhannēs;NeG;
iohanne;105063;Iohanne;6511;iōhannēs;NeG;
iohanne;106138;Iohanne;6511;iōhannēs;NeG;
iohanne;596;iohanne;6511;iōhannēs;NeG;
ionaam;73518;Ionaam;6933;iōnās;NeG;x
ionaam;219069;ionaam;9514;iōnāthās;DMP;
iosualis;216370;iosualis;8246;gaut~walh;DMP;
iosualis;68764;Iosualis;11808;iosūālis;NeG;x
iouinus;103;Iouinus;6420;iovīnus;NeG;
iouinus;105;Iouinus;6420;iovīnus;NeG;
iouinus;4736;Iouinus;6420;iovīnus;NeG;x
iouinus;433014;iouinus;23304;iovis;DMP;
irambertus;310889;irambertus;6508;erin~berht;DMP;x
irambertus;60944;Irambertus;6686;erm~berht;NeG;
isada;72600;Isada;12427;īs-d;NeG;x
isada;421366;isada;18628;īs~hath;DMP;
isaia;257475;isaia;20690;īsaiah;DMP;
isaia;257694;isaia;20690;īsaiah;DMP;
isaia;65933;Isaia;16425;īsaias;NeG;x
isaia;69618;Isaia;16425;īsaias;NeG;
isanar;422179;isanar;8009;īsan~hard;DMP;
isanar;7446;isanar;8179;īsan~hari;NeG;x
isannahha;310307;isannahha;22362;īsan-k;DMP;x
isannahha;61382;isannahha;10741;īsan~nah;NeG;
isigilus;421369;isigilus;12282;īs~geld;DMP;
isigilus;78607;Isigilus;13081;īs~gīsal;NeG;x
isla;422432;isla;13876;īs-l;DMP;
isla;73128;Isla;12506;īsal;NeG;x
itgius;219646;itgius;21453;id-k;DMP;x
itgius;74284;Itgius;12658;id~gīs;NeG;
iuliane;211331;iuliane;10251;iūliāna;DMP;x
iuliane;358132;iuliane;10251;iūliāna;DMP;
iuliane;358643;iuliane;10251;iūliāna;DMP;
iuliane;359506;iuliane;10251;iūliāna;DMP;
iuliane;37615;Iuliane;6429;iūliānus;NeG;
iuliane;87049;Iuliane;6429;iūliānus;NeG;
iuonia;74805;Iuonia;12733;ib-n;NeG;
iuonia;125126;iuonia;17611;ivonia;DMP;x
iuorius;218027;iuorius;18862;ib-r;DMP;
iuorius;71645;Iuorius;12296;ivorius;NeG;x
iusana;127443;iusana;17727;iusiana;DMP;x
iusana;77035;Iusana;12946;iūsta;NeG;
iusopus;134735;iusopus;7243;eusebius;DMP;x
iusopus;78335;Iusopus;15655;eusophus;NeG;
iustulus;374753;iustulus;15691;iust-l;DMP;
iustulus;103906;Iustulus;14491;iūstulus;NeG;x
iustulus;103996;Iustulus;14491;iūstulus;NeG;
iuuina;118953;iuuina;17687;ig~wini;DMP;
iuuina;72725;Iuuina;12446;iovīna;NeG;x
johanne;116294;johanne;11818;iōhanna;DMP;x
johanne;116295;johanne;11818;iōhanna;DMP;
johanne;374367;johanne;11818;iōhanna;DMP;
johanne;99088;Johanne;6511;iōhannēs;NeG;
keparoh;9151;Keparoh;8516;geb~hrōk;NeG;x
keparoh;207442;keparoh;20302;gebar~hauh;DMP;
kerni;145692;kerni;18171;gair~neui;DMP;x
kerni;338446;kerni;18171;gair~neui;DMP;
kerni;395826;kerni;18171;gair~neui;DMP;
kerni;413511;kerni;18171;gair~neui;DMP;
kerni;413752;kerni;18171;gair~neui;DMP;
kerni;494875;kerni;18171;gair~neui;DMP;
kerni;495363;kerni;18171;gair~neui;DMP;
kerni;411879;kērni;16764;gern;DMP;
lagdrado;60656;Lagdrado;15826;lag~rād;NeG;
lagdrado;311092;lagdrado;8098;laith~rād;DMP;x
laifinus;153993;laifinus;19474;laib-n;DMP;x
laifinus;222516;laifinus;19474;laib-n;DMP;
laifinus;234604;laifinus;19474;laib-n;DMP;
laifinus;405600;laifinus;19474;laib-n;DMP;
laifinus;406482;laifinus;19474;laib-n;DMP;
laifinus;66434;Laifinus;10594;laib~wini;NeG;
laifinus;78027;Laifinus;10594;laib~wini;NeG;
landoarius;137684;landoarius;11053;land~wār;DMP;x
landoarius;216975;landoarius;11053;land~wār;DMP;
landoarius;222179;landoarius;11053;land~wār;DMP;
landoarius;222645;landoarius;11053;land~wār;DMP;
landoarius;379554;landoarius;11053;land~wār;DMP;
landoarius;483662;landoarius;11053;land~wār;DMP;
landoarius;203;landoarius;6474;land~wari;NeG;
landoarius;71088;Landoarius;6474;land~wari;NeG;
landoarius;77556;Landoarius;6474;land~wari;NeG;
landoarius;78153;Landoarius;6474;land~wari;NeG;
landoildis;78133;Landoildis;8221;land~hildi;NeG;x
landoildis;78758;Landoildis;8221;land~hildi;NeG;
landoildis;223164;landoildis;12458;land~wilth;DMP;
landoildis;223726;landoildis;12458;land~wilth;DMP;
lantsida;74365;Lantsida;12460;land~sinth;NeG;
lantsida;219713;lantsida;17080;land~swīth;DMP;x
laubgarii;310989;laubgarii;23745;laub~gair;DMP;
laubgarii;60832;laubgarii;10691;leub~gair;NeG;x
laufat;209797;laufat;21969;law~hath;DMP;x
laufat;42762;Laufat;10539;leub~hath;NeG;
lauta;312031;lauta;16059;laud;DMP;x
lauta;312032;lauta;16059;laud;DMP;
lauta;59687;lauta;10607;lauta;NeG;
lauta;59694;Lauta;10607;lauta;NeG;
leloni;61328;Leloni;7998;lal;NeG;x
leloni;308517;leloni;17461;lil;DMP;
leocadia;100709;Leocadia;14150;leōcadia;NeG;x
leocadia;158269;leocadia;20645;leud~gad;DMP;
leohtolti;5920;Leohtolti;7315;leud~wald;NeG;x
leohtolti;319309;leohtolti;18466;leuht~wald;DMP;
leonas;187594;leonas;17676;leōn;DMP;
leonas;4134;Leonas;16430;leōnas;NeG;x
leonas;4135;Leonas;16430;leōnas;NeG;
leubino;319638;leubino;6361;leub-n;DMP;x
leubino;6287;Leubino;8126;leub~wini;NeG;
leudoidis;66875;Leudoidis;10368;leud~hildi;NeG;
leudoidis;67332;Leudoidis;10368;leud~hildi;NeG;
leudoidis;70052;Leudoidis;10368;leud~hildi;NeG;
leudoidis;405404;leudoidis;11024;leud~wīd;DMP;x
leutcarius;222814;leutcarius;7277;leud~gair;DMP;
leutcarius;223308;leutcarius;7277;leud~gair;DMP;x
leutcarius;78316;Leutcarius;6736;leud~hari;NeG;
leutcarius;78940;Leutcarius;6736;leud~hari;NeG;
leutchaus;220003;leutchaus;8210;leud~gaut;DMP;x
leutchaus;74884;Leutchaus;8293;leud~hauh;NeG;
leutplinde;59885;Leutplinde;10632;leub~linth;NeG;x
leutplinde;311675;leutplinde;11105;leud~linth;DMP;
libila;7096;libila;8093;leub-l;NeG;
libila;183386;libila;21045;līb-l;DMP;x
libila;320248;libila;21045;līb-l;DMP;
libo;938;libo;8075;leub;NeG;
libo;7365;libo;8075;leub;NeG;
libo;121908;libo;10041;līb;DMP;x
libo;124044;libo;10041;līb;DMP;
libo;124814;libo;10041;līb;DMP;
libo;127488;libo;10041;līb;DMP;
libo;129310;libo;10041;līb;DMP;
libo;132745;libo;10041;līb;DMP;
libo;133581;libo;10041;līb;DMP;
libo;135611;libo;10041;līb;DMP;
libo;137937;libo;10041;līb;DMP;
libo;143264;libo;10041;līb;DMP;
libo;235300;libo;10041;līb;DMP;
libo;322025;libo;10041;līb;DMP;
libo;326051;libo;10041;līb;DMP;
libo;329456;libo;10041;līb;DMP;
libo;329457;libo;10041;līb;DMP;
libo;329953;libo;10041;līb;DMP;
libo;329954;libo;10041;līb;DMP;
libo;330445;libo;10041;līb;DMP;
libo;332067;libo;10041;līb;DMP;
libo;333479;libo;10041;līb;DMP;
libo;333969;libo;10041;līb;DMP;
libo;337404;libo;10041;līb;DMP;
libo;337405;libo;10041;līb;DMP;
libo;339125;libo;10041;līb;DMP;
libo;392637;libo;10041;līb;DMP;
libo;392942;libo;10041;līb;DMP;
libo;394581;libo;10041;līb;DMP;
libo;396677;libo;10041;līb;DMP;
libo;400818;libo;10041;līb;DMP;
libo;402202;libo;10041;līb;DMP;
libo;402203;libo;10041;līb;DMP;
libo;406500;libo;10041;līb;DMP;
libo;477261;libo;10041;līb;DMP;
libo;484632;libo;10041;līb;DMP;
libo;485491;libo;10041;līb;DMP;
libo;486486;libo;10041;līb;DMP;
libo;488810;libo;10041;līb;DMP;
libo;491311;libo;10041;līb;DMP;
libone;63891;Libone;8075;leub;NeG;
libone;308430;libone;10041;līb;DMP;x
libone;326611;libone;10041;līb;DMP;
libone;329458;libone;10041;līb;DMP;
licerius;92130;Licerius;9184;licerius;NeG;x
licerius;92841;Licerius;9184;licerius;NeG;
licerius;97625;Licerius;9184;licerius;NeG;
licerius;407377;licerius;18887;lūcerius;DMP;
licerius;407558;licerius;18887;lūcerius;DMP;
lihruge;39950;Lihruge;10169;leuh~hrōk;NeG;x
lihruge;207652;lihruge;24109;līht~hrōk;DMP;
lihuuar;63329;Lihuuar;10860;leuh~wār;NeG;x
lihuuar;308759;lihuuar;24606;līht~wār;DMP;
liminius;87737;Liminius;16075;limenius;NeG;
liminius;88680;Liminius;16075;limenius;NeG;
liminius;374286;liminius;8831;liminius;DMP;x
lipgart;42681;Lipgart;10520;leub~gard;NeG;x
lipgart;207156;lipgart;7270;leud~gard;DMP;
lipgart;212063;lipgart;7270;leud~gard;DMP;
lismut;207108;lismut;10556;glīs~mōd;DMP;
lismut;42672;Lismut;10517;lis~mōd;NeG;x
liuiso;229596;liuiso;19492;leub~wis;DMP;
liuiso;41984;Liuiso;16055;lew-s;NeG;x   
liuuichen;210260;liuuichen;10328;leub-k;DMP;
liuuichen;41692;Liuuichen;16053;lew-k;NeG;x
liuuichoni;197585;liuuichoni;10328;leub-k;DMP;
liuuichoni;208475;liuuichoni;10328;leub-k;DMP;
liuuichoni;40787;Liuuichoni;16053;lew-k;NeG;x
lobehagde;6288;Lobehagde;8073;leub~haith;NeG;x                 
lobehagde;319640;lobehagde;24199;lub~haith;DMP;
loria;307886;loria;10936;laur;DMP;
loria;64670;Loria;16049;laurea;NeG;x
loschen;2104;löschen;6376;bak-l;NeG;
loschen;9370;löschen;8515;hērēs;NeG;
loschen;9919;löschen;8515;hērēs;NeG;
lubarizzafiu;208136;lubarizzafiu;21349;lubarizzafiu;DMP;x
lubarizzafiu;40356;Lubarizzafiu;9121;luperciānus;NeG;
lucellus;144749;lucellus;8504;lūcellus;DMP;
lucellus;393878;lucellus;8504;lūcellus;DMP;
lucellus;9105;Lucellus;7189;lūcillus;NeG;x
lucellus;104001;Lucellus;7189;lūcillus;NeG;
lucillus;376790;lucillus;18941;leud-z-l;DMP;
lucillus;1381;Lucillus;7189;lūcillus;NeG;x
luodorane;309866;luodorane;11335;hlud~hraban;DMP;x
luodorane;62191;Luodorane;16077;hlud~hram;NeG;
lupirc;42941;Lupirc;9814;hlud~berg;NeG;x
lupirc;210193;lupirc;10525;leub~berg;DMP;
lupittus;219138;lupittus;18078;leub-d;DMP;
lupittus;73614;Lupittus;16080;lupidus;NeG;x
lupone;28762;Lupone;8331;lupo;NeG;x
lupone;29154;Lupone;8331;lupo;NeG;
lupone;63134;Lupone;8331;lupo;NeG;
lupone;64706;Lupone;8331;lupo;NeG;
lupone;97673;Lupone;8331;lupo;NeG;
lupone;101340;Lupone;8331;lupo;NeG;
lupone;101372;Lupone;8331;lupo;NeG;
lupone;101463;Lupone;8331;lupo;NeG;
lupone;101670;Lupone;8331;lupo;NeG;
lupone;101720;Lupone;8331;lupo;NeG;
lupone;101723;Lupone;8331;lupo;NeG;
lupone;102413;Lupone;8331;lupo;NeG;
lupone;102415;Lupone;8331;lupo;NeG;
lupone;102418;Lupone;8331;lupo;NeG;
lupone;102420;Lupone;8331;lupo;NeG;
lupone;102422;Lupone;8331;lupo;NeG;
lupone;102425;Lupone;8331;lupo;NeG;
lupone;105540;Lupone;8331;lupo;NeG;
lupone;308814;lupone;8331;lupo;DMP;
lupone;309054;lupone;8331;lupo;DMP;
lupone;105630;Lupone;7229;lupus;NeG;
lupone;105635;Lupone;7229;lupus;NeG;
luppa;218203;luppa;9428;lub;DMP;
luppa;72164;Luppa;9612;lupa;NeG;x
luthario;311264;luthario;6687;hlud~hari;DMP;x
luthario;60571;luthario;6736;leud~hari;NeG;
lutonis;120583;lutonis;8086;hlud;DMP;
lutonis;130363;lutonis;8086;hlud;DMP;
lutonis;319989;lutonis;8086;hlud;DMP;
lutonis;322740;lutonis;8086;hlud;DMP;
lutonis;326577;lutonis;8086;hlud;DMP;
lutonis;329564;lutonis;8086;hlud;DMP;
lutonis;418664;lutonis;8086;hlud;DMP;
lutonis;6693;lutonis;7162;leud;NeG;x
luttharii;60873;Luttharii;6687;hlud~hari;NeG;x
luttharii;310868;luttharii;6736;leud~hari;DMP;
luzela;247098;lůzela;20943;hlud-z-l;DMP;
luzela;393735;luzela;18941;leud-z-l;DMP;x
luzela;394347;luzela;18941;leud-z-l;DMP;
luzela;418687;luzela;18941;leud-z-l;DMP;
macarius;301145;macarius;14069;macārius;DMP;x
macarius;366206;macarius;14069;macārius;DMP;
macarius;100241;Macarius;6562;mag~hari;NeG;
macianus;68940;Macianus;6428;macriānus;NeG;
macianus;216515;macianus;13203;mārtiānus;DMP;x
madalgudis;216102;madalgudis;8551;mathal~gaut;DMP;
madalgudis;218248;madalgudis;8551;mathal~gaut;DMP;
madalgudis;218300;madalgudis;8551;mathal~gaut;DMP;
madalgudis;222422;madalgudis;8551;mathal~gaut;DMP;
madalgudis;68402;Madalgudis;11093;mathal~gunth;NeG;x
madalgudis;72468;Madalgudis;11093;mathal~gunth;NeG;
madalgudis;72499;Madalgudis;11093;mathal~gunth;NeG;
madalgudis;77854;Madalgudis;11093;mathal~gunth;NeG;
madelsinda;306536;madelsinda;19315;mathal~sinth;DMP;x
madelsinda;67013;Madelsinda;11483;mathal~swinth;NeG;
maienardus;222595;maienardus;7134;magin~hard;DMP;x
maienardus;78112;Maienardus;6456;magin~hari;NeG;
maitelmus;68915;Maitelmus;8103;mag~helm;NeG;
maitelmus;216508;maitelmus;20523;maht~helm;DMP;x
maiuis;78246;Maiuis;13050;mag~wis;NeG;x
maiuis;134413;maiuis;8228;maw;DMP;
maldolfo;136805;maldolfo;23889;mald~wulf;DMP;
maldolfo;1178;maldolfo;7122;mathal~wulf;NeG;x
mancebodus;71350;Mancebodus;12251;manag~bod;NeG;
mancebodus;217779;mancebodus;23301;mand~bod;DMP;x
marcius;99921;Marcius;9471;mārcius;NeG;x
marcius;284733;marcius;8632;mārtius;DMP;
margildis;75596;Margildis;12742;mar~geld;NeG;
margildis;220599;margildis;12477;mark~hildi;DMP;x
margildus;74905;Margildus;12742;mar~geld;NeG;
margildus;220111;margildus;12477;mark~hildi;DMP;x
marino;26191;Marino;7815;marīnus;NeG;x
marino;28337;Marino;7815;marīnus;NeG;
marino;105834;Marino;7815;marīnus;NeG;
marino;117831;marino;7815;marīnus;DMP;
marino;155491;marino;7815;marīnus;DMP;
marino;155988;marino;7815;marīnus;DMP;
marino;161259;marino;7815;marīnus;DMP;
marino;203563;marino;7815;marīnus;DMP;
marino;203699;marino;7815;marīnus;DMP;
marino;357329;marino;7815;marīnus;DMP;
marino;105844;Marino;7232;maurīnus;NeG;
mario;376596;mario;7576;mar;DMP;
mario;28484;Mario;9196;marius;NeG;x
marontus;117691;marontus;17140;mar-nd;DMP;
marontus;219942;marontus;17140;mar-nd;DMP;
marontus;220598;marontus;17140;mar-nd;DMP;
marontus;74701;Marontus;12717;marontus;NeG;x
marontus;75576;Marontus;12717;marontus;NeG;
mathuuin;41688;Mathuuin;10424;maht~wini;NeG;
mathuuin;210259;mathuuin;18310;math~wini;DMP;x
mathuuin;350120;mathuuin;18310;math~wini;DMP;
mathuuin;356114;mathuuin;18310;math~wini;DMP;
maureia;133445;maureia;6669;maur;DMP;x
maureia;79035;Maureia;7096;maur-k;NeG;
maurellus;72543;Maurellus;9216;maur-l;NeG;
maurellus;74991;Maurellus;9216;maur-l;NeG;
maurellus;79356;Maurellus;9216;maur-l;NeG;
maurellus;87029;Maurellus;9216;maur-l;NeG;
maurellus;99572;Maurellus;9216;maur-l;NeG;
maurellus;102855;Maurellus;9216;maur-l;NeG;
maurellus;116424;maurellus;16741;maurelius;DMP;x
maurellus;116425;maurellus;16741;maurelius;DMP;
maurellus;116426;maurellus;16741;maurelius;DMP;
maurellus;116427;maurellus;16741;maurelius;DMP;
maurellus;116428;maurellus;16741;maurelius;DMP;
maurellus;116429;maurellus;16741;maurelius;DMP;
maurellus;116430;maurellus;16741;maurelius;DMP;
maurellus;223715;maurellus;16741;maurelius;DMP;
maurellus;283342;maurellus;16741;maurelius;DMP;
maurellus;283812;maurellus;16741;maurelius;DMP;
maurentia;220905;maurentia;21539;maur-nz;DMP;
maurentia;75869;Maurentia;12856;maurentia;NeG;x
maurentia;105577;Maurentia;12856;maurentia;NeG;
mauriciolus;70590;Mauriciolus;12138;mauriciulus;NeG;
mauriciolus;216671;mauriciolus;14555;mauritiōlus;DMP;x
maurilio;220510;maurilio;9216;maur-l;DMP;
maurilio;333960;maurilio;9216;maur-l;DMP;
maurilio;333961;maurilio;9216;maur-l;DMP;
maurilio;70007;Maurilio;12034;maurelio;NeG;x
maurilio;75406;Maurilio;12034;maurelio;NeG;
maurilio;90715;Maurilio;12034;maurelio;NeG;
maurilio;99430;Maurilio;12034;maurelio;NeG;
maursinda;217874;maursinda;19869;maur~sinth;DMP;x
maursinda;71511;Maursinda;12269;maur~swinth;NeG;
maxentii;376504;maxentii;19609;maxantius;DMP;
maxentii;4777;Maxentii;7792;māxentius;NeG;x
maxentius;374657;maxentius;19609;maxantius;DMP;
maxentius;29952;Maxentius;7792;māxentius;NeG;x
maxentius;89155;Maxentius;7792;māxentius;NeG;
meddo;404022;meddo;8296;math;DMP;
meddo;70421;Meddo;12095;mid;NeG;x
melgius;216458;melgius;20369;malw;DMP;x
melgius;71903;Melgius;12325;mīl-k;NeG;
melianus;75759;Melianus;8726;melanius;NeG;x
melianus;121519;melianus;17778;melw-n;DMP;
mennisgen;40478;Mennisgen;10284;man-sk;NeG;
mennisgen;208198;mennisgen;17146;mennisc;DMP;x
meno;207194;meno;10036;magin;DMP;
meno;39137;Meno;8405;man;NeG;x
meriuuih;40838;Meriuuih;10332;mar~wīg;NeG;
meriuuih;208888;meriuuih;13354;mar~wīh;DMP;x
merlus;220336;merlus;8710;mar-l;DMP;
merlus;220597;merlus;8710;mar-l;DMP;
merlus;75198;Merlus;9656;merulus;NeG;x
merlus;75595;Merlus;9656;merulus;NeG;
meua;64098;meua;7986;mag;NeG;
meua;308122;meua;8228;maw;DMP;x
mierolt;39563;Mierolt;7079;mar~wald;NeG;
mierolt;207140;mierolt;21307;mēr~wald;DMP;x
milis;219357;milis;6970;mīl;DMP;
milis;73897;Milis;12603;mīlis;NeG;x
mimine;64277;Mimine;10305;mim;NeG;
mimine;308318;mimine;25328;mim-n;DMP;x
mimuni;134457;mimuni;10305;mim;DMP;
mimuni;6664;mimuni;8184;mim~wini;NeG;x
montio;3880;Montio;7572;montius;NeG;
montio;30419;Montio;7572;montius;NeG;x
montio;388915;montio;18088;mund-z;DMP;
montio;388916;montio;18088;mund-z;DMP;
morellus;79065;Morellus;9216;maur-l;NeG;
morellus;218301;morellus;16741;maurelius;DMP;
morellus;223416;morellus;16741;maurelius;DMP;x
morellus;248205;morellus;16741;maurelius;DMP;
mortgilus;72196;Mortgilus;12359;maur~geld;NeG;x
mortgilus;217824;mortgilus;13155;north~geld;DMP;
nadalifius;77186;Nadalifius;15772;nātālifius;NeG;x
nadalifius;221850;nadalifius;22879;nāth~laib;DMP;
nadalina;77982;Nadalina;13030;nātālīna;NeG;x
nadalina;222695;nadalina;15769;nāthal-n;DMP;
nadalius;73787;Nadalius;15773;nātālius;NeG;x
nadalius;75119;Nadalius;15773;nātālius;NeG;
nadalius;219290;nadalius;15768;nāthal;DMP;
nadalius;220266;nadalius;15768;nāthal;DMP;
nantcherus;374052;nantcherus;7738;nanth~gair;DMP;x
nantcherus;65001;Nantcherus;10008;nanth~hari;NeG;
natali;30145;Natali;9446;nātālis;NeG;x
natali;146845;natali;15768;nāthal;DMP;
natali;157368;natali;15768;nāthal;DMP;
natali;167018;natali;15768;nāthal;DMP;
natalidius;68355;Natalidius;11745;nātālīdius;NeG;x
natalidius;216039;natalidius;24718;nāthal-d;DMP;
nazarii;230416;nazarii;8600;nāzareus;DMP;
nazarii;35731;Nazarii;9654;nāzarius;NeG;x
nazarii;35919;Nazarii;9654;nāzarius;NeG;
nazarii;36085;Nazarii;9654;nāzarius;NeG;
nazarii;36891;Nazarii;9654;nāzarius;NeG;
nazarii;38977;Nazarii;9654;nāzarius;NeG;
nazarii;87940;Nazarii;9654;nāzarius;NeG;
nazarii;96873;Nazarii;9654;nāzarius;NeG;
nazarii;96874;Nazarii;9654;nāzarius;NeG;
nazarii;100978;Nazarii;9654;nāzarius;NeG;
nazarii;35667;Nazarii;9654;nāzarius;NeG;
nazarii;35729;Nazarii;9654;nāzarius;NeG;
nectatus;311819;nectatus;25622;naht-d;DMP;
nectatus;59801;Nectatus;10614;nectatus;NeG;x
nerbo;310658;nerbo;19265;nari~balth;DMP;
nerbo;61101;nerbo;15749;narib;NeG;x
nicharo;318964;nicharo;20388;nik~hari;DMP;
nicharo;5537;Nicharo;7430;nīth~hari;NeG;x
nictoildis;219077;nictoildis;19740;naht~hildi;DMP;
nictoildis;73593;Nictoildis;12567;nīth~wilth;NeG;x
niona;308656;niona;22457;neui-n;DMP;
niona;310499;niona;22457;neui-n;DMP;
niona;59394;Niona;10574;niuna;NeG;x
niona;61266;Niona;10574;niuna;NeG;
niualus;219125;niualus;18225;neui-l;DMP;x
niualus;73601;Niualus;15753;nibil;NeG;
noctoinus;220265;noctoinus;19443;noctoinus;DMP;
noctoinus;75090;Noctoinus;12771;noctuīnus;NeG;x
nodalberta;73507;Nodalberta;11047;naudal~berht;NeG;
nodalberta;78306;Nodalberta;11047;naudal~berht;NeG;
nodalberta;219029;nodalberta;19227;nōdal~berht;DMP;x
nodalberta;222804;nodalberta;19227;nōdal~berht;DMP;
nodalbertus;70577;Nodalbertus;11047;naudal~berht;NeG;
nodalbertus;72476;Nodalbertus;11047;naudal~berht;NeG;
nodalbertus;78301;Nodalbertus;11047;naudal~berht;NeG;
nodalbertus;216654;nodalbertus;19227;nōdal~berht;DMP;x
nodalbertus;218276;nodalbertus;19227;nōdal~berht;DMP;
nodalbertus;222805;nodalbertus;19227;nōdal~berht;DMP;
nodalca;77190;Nodalca;12960;naudal-k;NeG;
nodalca;221902;nodalca;19983;nōdal-k;DMP;x
nodalgardis;78692;Nodalgardis;13092;naudal~gard;NeG;
nodalgardis;223146;nodalgardis;24196;nōdal~gard;DMP;x
nodalgarius;79573;Nodalgarius;13157;naudal~gair;NeG;
nodalgarius;223807;nodalgarius;18239;nōdal~gair;DMP;x
nodalgis;72471;Nodalgis;12410;naudal~gīs;NeG;
nodalgis;76667;Nodalgis;12410;naudal~gīs;NeG;
nodalgis;218230;nodalgis;21276;nōdal~gīs;DMP;x
nodalgis;221419;nodalgis;21276;nōdal~gīs;DMP;
nodalgrima;72472;Nodalgrima;12411;naudal~grīm;NeG;
nodalgrima;218229;nodalgrima;20439;nōdal~grīm;DMP;x
nodalhardus;78693;Nodalhardus;12046;naudal~hard;NeG;
nodalhardus;223147;nodalhardus;15756;nōdal~hard;DMP;x
nodalharius;78687;Nodalharius;11448;naudal~hari;NeG;
nodalharius;79339;Nodalharius;11448;naudal~hari;NeG;
nodalharius;134087;nodalharius;17144;nōdal~hari;DMP;x
nodalharius;223087;nodalharius;17144;nōdal~hari;DMP;
nodalharius;223614;nodalharius;17144;nōdal~hari;DMP;
nodalhildis;73653;Nodalhildis;12574;naudal~hildi;NeG;
nodalhildis;219186;nodalhildis;23435;nōdal~hildi;DMP;x
nodalia;66464;Nodalia;11032;naudal;NeG;
nodalia;66498;Nodalia;11032;naudal;NeG;
nodalia;66514;Nodalia;11032;naudal;NeG;
nodalia;78404;Nodalia;11032;naudal;NeG;
nodalia;222859;nodalia;15754;nōdal;DMP;x
nodalindis;70996;Nodalindis;12205;naudal~linth;NeG;
nodalindis;216912;nodalindis;19334;nōdal~linth;DMP;x
nodalis;120395;nodalis;15754;nōdal;DMP;x
nodalis;78690;Nodalis;16449;notālis;NeG;
nodalmarus;78689;Nodalmarus;13091;naudal~mar;NeG;
nodalmarus;223088;nodalmarus;23621;nōdal~mar;DMP;x
nodalricus;72469;Nodalricus;12409;naudal~rīk;NeG;
nodalricus;218222;nodalricus;21555;nōdal~rīk;DMP;x
nodaltrudis;72473;Nodaltrudis;11498;naudal~thruth;NeG;
nodaltrudis;218232;nodaltrudis;24352;nōdal~thruth;DMP;x
nodelsingus;79294;Nodelsingus;15745;naudal~sinth;NeG;
nodelsingus;223565;nodelsingus;25899;nōdal~sinth;DMP;x
nodolharius;77983;Nodolharius;11448;naudal~hari;NeG;
nodolharius;222696;nodolharius;17144;nōdal~hari;DMP;x
nohelenus;79064;Nohelenus;15774;nah-l-n;NeG;
nohelenus;223397;nohelenus;23791;nōdal-n;DMP;x
notalis;66114;Notalis;9446;nātālis;NeG;x
notalis;67772;Notalis;9446;nātālis;NeG;
notalis;76328;Notalis;9446;nātālis;NeG;
notalis;221254;notalis;16449;notālis;DMP;
odaluuis;425072;odaluuis;17453;ōthal~wīh;DMP;
odaluuis;78821;Odaluuis;13100;ōthal~wis;NeG;x
odelegius;71796;Odelegius;6467;aud~laik;NeG;
odelegius;423838;odelegius;22748;ōthal~laik;DMP;x
odilheus;71028;Odilheus;6737;ōthal~hari;NeG;x
odilheus;423771;odilheus;13161;ōthal~hauh;DMP;
odolino;116507;odolino;10678;ōthal-n;DMP;x
odolino;116508;odolino;10678;ōthal-n;DMP;
odolino;60654;Odolino;7099;ōthal~wini;NeG;
odulba;63668;Odulba;10724;aud~wulb;NeG;x
odulba;308602;odulba;7362;aud~wulf;DMP;
odulbi;61255;Odulbi;10724;aud~wulb;NeG;x
odulbi;310434;odulbi;7362;aud~wulf;DMP;
ogo;116509;ogo;8579;aug;DMP;x
ogo;116510;ogo;8579;aug;DMP;
ogo;116511;ogo;8579;aug;DMP;
ogo;117949;ógo;8579;aug;DMP;
ogo;123172;ogo;8579;aug;DMP;
ogo;123745;ogo;8579;aug;DMP;
ogo;127254;ōgo;8579;aug;DMP;
ogo;131559;ōgo;8579;aug;DMP;
ogo;407759;ogo;8579;aug;DMP;
ogo;412449;ogo;8579;aug;DMP;
ogo;469567;ogo;8579;aug;DMP;
ogo;481378;ogo;8579;aug;DMP;
ogo;126419;ŏgo;6901;hug;DMP;
ogo;331530;ǒgo;6901;hug;DMP;
ogo;369678;ǒgo;6901;hug;DMP;
ogo;369924;ǒgo;6901;hug;DMP;
ogo;370847;ǒgo;6901;hug;DMP;
ogo;389223;ŏgo;6901;hug;DMP;
ogo;389618;ŏgo;6901;hug;DMP;
ohtgarius;59519;ohtgarius;10592;aht~gair;NeG;
ohtgarius;469121;ohtgarius;6678;aud~gair;DMP;x
oldilga;418949;oldilga;22325;hulth-l;DMP;
oldilga;70565;Oldilga;12132;ōthal-k;NeG;x
onrois;473255;onrois;24540;aun~hrōk;DMP;x
onrois;77381;Onrois;7569;honōrātus;NeG;
ontboldus;75447;Ontboldus;12797;hund~balth;NeG;
ontboldus;75537;Ontboldus;12797;hund~balth;NeG;
ontboldus;220483;ontboldus;19331;unth~balth;DMP;x
ontboldus;220536;ontboldus;19331;unth~balth;DMP;
optarius;479;Optarius;6674;optārius;NeG;x
optarius;3383;Optarius;6674;optārius;NeG;
optarius;3400;Optarius;6674;optārius;NeG;
optarius;3430;Optarius;6674;optārius;NeG;
optarius;3444;Optarius;6674;optārius;NeG;
optarius;3505;Optarius;6674;optārius;NeG;
optarius;136626;optarius;8706;uft~hari;DMP;
oranolfus;310552;oranolfus;25433;auran~wulf;DMP;x
oranolfus;61282;Oranolfus;10727;aurin~wulf;NeG;
ordonius;188250;ordonius;10789;ord~wini;DMP;
ordonius;260995;ordonius;10789;ord~wini;DMP;
ordonius;316300;ordonius;10789;ord~wini;DMP;
ordonius;98874;Ordonius;13947;ōrdōnius;NeG;x
ordonius;98876;Ordonius;13947;ōrdōnius;NeG;
ordonius;98877;Ordonius;13947;ōrdōnius;NeG;
ordonius;98878;Ordonius;13947;ōrdōnius;NeG;
ordonius;99084;Ordonius;13947;ōrdōnius;NeG;
ordonius;100103;Ordonius;13947;ōrdōnius;NeG;
orienta;216601;orienta;21479;orienda;DMP;
orienta;71968;Orienta;12333;orienta;NeG;x
oriolus;473521;oriolus;11367;aur~wulf;DMP;
oriolus;81117;Oriolus;7665;aureolus;NeG;x
osegarius;68682;Osegarius;7552;ans~gair;NeG;x
osegarius;121168;osegarius;16551;aus~gair;DMP;
ostrapius;220436;ostrapius;20135;aust~hraban;DMP;
ostrapius;75352;Ostrapius;12804;eustrapius;NeG;x
otan;466333;otan;6829;aud;DMP;
otan;466334;otan;6829;aud;DMP;
otan;466335;otan;6829;aud;DMP;
otan;466336;otan;6829;aud;DMP;
otan;466337;otan;6829;aud;DMP;
otan;41800;Otan;6468;aud-n;NeG;x
oten;466342;oten;6829;aud;DMP;
oten;466343;oten;6829;aud;DMP;
oten;466344;oten;6829;aud;DMP;
oten;466345;oten;6829;aud;DMP;
oten;40642;Oten;6468;aud-n;NeG;x
otila;40428;Otila;8324;aud-l;NeG;
otila;116522;otila;6603;ōthal;DMP;x
otila;116523;otila;6603;ōthal;DMP;
otila;116524;otila;6603;ōthal;DMP;
otila;126308;otila;6603;ōthal;DMP;
otila;132589;otila;6603;ōthal;DMP;
otila;410679;otila;6603;ōthal;DMP;
otila;472773;otila;6603;ōthal;DMP;
otila;472774;otila;6603;ōthal;DMP;
otila;472775;otila;6603;ōthal;DMP;
otila;472776;otila;6603;ōthal;DMP;
otila;472777;otila;6603;ōthal;DMP;
otilo;9650;Otilo;8324;aud-l;NeG;
otilo;9674;Otilo;8324;aud-l;NeG;
otilo;9896;Otilo;8324;aud-l;NeG;
otilo;41500;Otilo;8324;aud-l;NeG;
otilo;79625;Ótilo;8324;aud-l;NeG;
otilo;79640;Ótilo;8324;aud-l;NeG;
otilo;116526;otilo;6603;ōthal;DMP;x
otilo;116527;otilo;6603;ōthal;DMP;
otilo;116528;otilo;6603;ōthal;DMP;
otilo;118927;ŏtilo;6603;ōthal;DMP;
otilo;130811;otilo;6603;ōthal;DMP;
otilo;142016;ǒtilo;6603;ōthal;DMP;
otilo;142017;ǒtilo;6603;ōthal;DMP;
otilo;401862;ŏtilo;6603;ōthal;DMP;
otilo;412094;otilo;6603;ōthal;DMP;
otilo;412736;otilo;6603;ōthal;DMP;
otilo;413237;otilo;6603;ōthal;DMP;
otilo;472783;otilo;6603;ōthal;DMP;
otilo;472784;otilo;6603;ōthal;DMP;
otilo;472785;otilo;6603;ōthal;DMP;
otilo;472786;otilo;6603;ōthal;DMP;
otilo;495325;otilo;6603;ōthal;DMP;
otun;125379;otun;6829;aud;DMP;
otun;464559;otun;6829;aud;DMP;
otun;467050;otun;6829;aud;DMP;
otun;467051;otun;6829;aud;DMP;
otun;467052;otun;6829;aud;DMP;
otun;40082;Otun;6984;aud~wini;NeG;x
otune;467053;otune;6829;aud;DMP;
otune;61010;Otune;6984;aud~wini;NeG;x
palumbus;189394;palumbus;20657;palumbēs;DMP;x
palumbus;316521;palumbus;20657;palumbēs;DMP;
palumbus;101601;Palumbus;8758;palumbus;NeG;
palumbus;101629;Palumbus;8758;palumbus;NeG;
palumbus;102061;Palumbus;8758;palumbus;NeG;
palumbus;102108;Palumbus;8758;palumbus;NeG;
palumbus;102211;Palumbus;8758;palumbus;NeG;
palumbus;102543;Palumbus;8758;palumbus;NeG;
palumbus;103882;Palumbus;8758;palumbus;NeG;
palumbus;103894;Palumbus;8758;palumbus;NeG;
pangolf;208462;pangolf;24171;bang~wulf;DMP;
pangolf;209675;pangolf;24171;bang~wulf;DMP;x
pangolf;40973;Pangolf;9583;baug~wulf;NeG;
papa;121016;papa;6370;bab;DMP;
papa;129653;papa;6370;bab;DMP;
papa;413758;papa;6370;bab;DMP;
papa;4808;Papa;7803;papa;NeG;x
papa;4810;Papa;7803;papa;NeG;
papa;8405;Papa;7803;papa;NeG;
papa;8409;Papa;7803;papa;NeG;
papa;8795;Papa;7803;papa;NeG;
papulus;86663;Papulus;9381;bab-l;NeG;
papulus;283589;papulus;13399;papulus;DMP;x
pelegrinus;384527;pelegrinus;17920;bil~grīm;DMP;
pelegrinus;26447;Pelegrinus;8733;peregrīnus;NeG;x
peracrim;489607;peracrim;9696;ber~grīm;DMP;
peracrim;9732;Peracrim;8608;berht~grīm;NeG;x
peracrim;9734;Peracrim;8608;berht~grīm;NeG;
peranthart;1024;peranthart;7040;berht~hard;NeG;
peranthart;135538;peranthart;6889;berin~hard;DMP;x
perso;105206;Perso;15711;beris;NeG;
perso;6537;perso;14577;persus;NeG;x
perso;319800;perso;14577;persus;DMP;
perso;377350;perso;14577;persus;DMP;
perso;385203;perso;14577;persus;DMP;
petatane;129448;petatane;7911;beāta;DMP;
petatane;106080;Petatane;13983;bed-d;NeG;x
petresilla;76786;Petresilla;7483;petronilla;NeG;
petresilla;221533;petresilla;24603;petrosilla;DMP;x   
petroni;27069;Petroni;7748;petrōnius;NeG;
petroni;28691;Petroni;7748;petrōnius;NeG;
petroni;153560;petroni;7543;petrus;DMP;x
petroni;154033;petroni;7543;petrus;DMP;
petroni;154088;petroni;7543;petrus;DMP;
petroni;154854;petroni;7543;petrus;DMP;
petroni;159268;petroni;7543;petrus;DMP;
petroni;159811;petroni;7543;petrus;DMP;
petroni;161730;petroni;7543;petrus;DMP;
petroni;164067;petroni;7543;petrus;DMP;
petroni;164172;petroni;7543;petrus;DMP;
petroni;164228;petroni;7543;petrus;DMP;
petroni;167531;petroni;7543;petrus;DMP;
petroni;168419;petroni;7543;petrus;DMP;
petroni;169437;petroni;7543;petrus;DMP;
petroni;169438;petroni;7543;petrus;DMP;
petroni;172212;petroni;7543;petrus;DMP;
petroni;374634;petroni;7543;petrus;DMP;
petroni;374833;petroni;7543;petrus;DMP;
pezzo;7362;pezzo;8282;bed-z;NeG;
pezzo;121141;pezzo;8294;bez;DMP;x
pezzo;137475;pezzo;8294;bez;DMP;
pezzo;143518;pezzo;8294;bez;DMP;
pezzo;320408;pezzo;8294;bez;DMP;
pezzo;337549;pezzo;8294;bez;DMP;
pezzo;402172;pezzo;8294;bez;DMP;
phenteo;207321;phenteo;16795;fandi;DMP;x
phenteo;207547;phenteo;16795;fandi;DMP;
phenteo;41626;Phenteo;10417;phenteo;NeG;
phenteo;42381;Phenteo;10417;phenteo;NeG;
pinola;72667;Pinola;12435;pinnula;NeG;x
pinola;218367;pinola;26137;pīnola;DMP;
probardus;134727;probardus;17331;prō~bard;DMP;
probardus;217981;probardus;17331;prō~bard;DMP;
probardus;71611;Probardus;9602;probardus;NeG;x
probardus;71635;Probardus;9602;probardus;NeG;
proiectus;144860;proiectus;8159;priectus;DMP;
proiectus;396651;proiectus;8159;priectus;DMP;
proiectus;26204;Proiectus;8823;prōiectus;NeG;x
proiectus;30480;Proiectus;8823;prōiectus;NeG;
pura;129795;pura;8973;būr;DMP;
pura;168803;pura;8973;būr;DMP;
pura;68464;Pura;11764;pūra;NeG;x
pusilo;320126;pusilo;8209;baus-l;DMP;
pusilo;6952;pusilo;8212;pusillus;NeG;x
quintianus;144867;quintianus;22702;quīntānus;DMP;
quintianus;24927;Quintianus;7881;quīntiānus;NeG;x
quintianus;86858;Quintianus;7881;quīntiānus;NeG;
quintianus;86860;Quintianus;7881;quīntiānus;NeG;
quintianus;87243;Quintianus;7881;quīntiānus;NeG;
quintianus;87244;Quintianus;7881;quīntiānus;NeG;
quintianus;89179;Quintianus;7881;quīntiānus;NeG;
quintianus;89298;Quintianus;7881;quīntiānus;NeG;
quintianus;89700;Quintianus;7881;quīntiānus;NeG;
rabbono;437;rabbono;6460;hraban;NeG;x
rabbono;380161;rabbono;16739;rab;DMP;
racchione;63130;Racchione;9731;rak;NeG;
racchione;308781;racchione;7252;wraki;DMP;x
rachio;1970;Rachio;13274;ragi;NeG;
rachio;2324;Rachio;13274;ragi;NeG;
rachio;61997;Rachio;13274;ragi;NeG;
rachio;116643;rachio;7252;wraki;DMP;x
rachio;116644;rachio;7252;wraki;DMP;
rachio;116645;rachio;7252;wraki;DMP;
rachio;116646;rachio;7252;wraki;DMP;
rachio;123965;rachio;7252;wraki;DMP;
rachio;178679;rachio;7252;wraki;DMP;
rachio;392911;rachio;7252;wraki;DMP;
rachio;410265;rachio;7252;wraki;DMP;
raciperti;101920;Raciperti;6788;rād~berht;NeG;
raciperti;101765;Raciperti;7912;ragi~berht;NeG;x
radacus;77827;Radacus;13021;rād-k;NeG;x
radacus;222426;radacus;18669;rād~dag;DMP;
radoarius;218999;radoarius;9159;rād~wār;DMP;
radoarius;219309;radoarius;9159;rād~wār;DMP;
radoarius;73400;Radoarius;12542;rād~wari;NeG;x
radohis;216727;radohis;12736;rād~hauh;DMP;
radohis;71980;Radohis;12335;rād~wis;NeG;x
ragari;320164;ragari;8233;rād~gair;DMP;
ragari;6954;ragari;8213;ragi~hari;NeG;x
ragemarus;221603;ragemarus;11749;ragi~mar;DMP;x
ragemarus;76900;Ragemarus;10867;ragin~mar;NeG;
ragenanta;223465;ragenanta;19565;ragin-nd;DMP;
ragenanta;79160;Ragenanta;10761;ragin~nanth;NeG;x
rageneus;216673;rageneus;12524;ragi~wini;DMP;
rageneus;70840;Rageneus;10113;ragin~wīh;NeG;x
rahtingi;40765;Rahtingi;8318;rād-ng;NeG;x
rahtingi;208476;rahtingi;18181;rak-ng;DMP;
ramo;6137;ramo;6460;hraban;NeG;x
ramo;6746;ramo;6460;hraban;NeG;
ramo;203911;ramo;10493;rami;DMP;
ramo;319929;ramo;10493;rami;DMP;
ramo;319960;ramo;10493;rami;DMP;
ramuuoldo;61726;Ramuuoldo;6595;hraban~wald;NeG;x
ramuuoldo;310070;ramuuoldo;10507;ramf~wald;DMP;
ramuuolf;378042;ramuuolf;6824;hraban~wulf;DMP;x
ramuuolf;9002;Ramuuolf;8482;ramf~wulf;NeG;
rangharius;76468;Rangharius;7609;hraban~gair;NeG;x
rangharius;221282;rangharius;23690;rang~hari;DMP;
ranodo;136845;ranodo;10995;rād~naud;DMP;
ranodo;604;ranodo;6408;rand;NeG;x
raulfus;154447;raulfus;6588;rād~wulf;DMP;
raulfus;159887;raulfus;6588;rād~wulf;DMP;
raulfus;187786;raulfus;6588;rād~wulf;DMP;x
raulfus;3428;Raulfus;7489;ragi~wulf;NeG;
rectrudis;150428;rectrudis;18262;ragi~thruth;DMP;x
rectrudis;152633;rectrudis;18262;ragi~thruth;DMP;
rectrudis;158129;rectrudis;18262;ragi~thruth;DMP;
rectrudis;216212;rectrudis;18262;ragi~thruth;DMP;
rectrudis;216313;rectrudis;18262;ragi~thruth;DMP;
rectrudis;216783;rectrudis;18262;ragi~thruth;DMP;
rectrudis;68609;Rectrudis;8137;rīk~thruth;NeG;
rectrudis;68756;Rectrudis;8137;rīk~thruth;NeG;
rectrudis;72033;Rectrudis;8137;rīk~thruth;NeG;
reginiu;210144;reginiu;23706;ragi~neui;DMP;x
reginiu;210145;reginiu;23706;ragi~neui;DMP;
reginiu;42870;Reginiu;10209;ragin~neui;NeG;
remcianus;216283;remcianus;23835;redemptiānus;DMP;x
remcianus;68689;Remcianus;11801;rim-z-n;NeG;
restata;220057;restata;25296;rast-d;DMP;x
restata;74934;Restata;12131;rast~hath;NeG;
restibia;217794;restibia;21516;restibia;DMP;x
restibia;71436;Restibia;12260;restivia;NeG;
reudo;68400;Reudo;7650;hreuth;NeG;
reudo;126739;reudo;17635;reud;DMP;x
richcario;319021;richcario;7765;rīk~gair;DMP;
richcario;320487;richcario;7765;rīk~gair;DMP;
richcario;5191;richcario;7411;rīk~hari;NeG;x
richcario;7419;richcario;7411;rīk~hari;NeG;
riginus;72508;Riginus;7533;ragin;NeG;x
riginus;116686;riginus;7759;rīk~wini;DMP;
riginus;406318;riginus;7759;rīk~wini;DMP;
rihhulba;62329;Rihhulba;10585;rīk~wulb;NeG;x
rihhulba;309666;rihhulba;7535;rīk~wulf;DMP;
ringonem;74404;Ringonem;12676;hring;NeG;x
ringonem;219794;ringonem;22310;rīn~gaw;DMP;
rodoarius;218590;rodoarius;6822;hrōth~hari;DMP;
rodoarius;72870;Rodoarius;10205;hrōth~wār;NeG;x
rodoni;102735;Rodoni;7530;hrōth;NeG;
rodoni;374869;rodoni;7933;hrōth~wini;DMP;x
rodoni;411808;rodoni;7933;hrōth~wini;DMP;
roggo;39597;Roggo;6509;hrōk;NeG;
roggo;39616;Roggo;6509;hrōk;NeG;
roggo;41751;Roggo;6509;hrōk;NeG;x
roggo;130702;roggo;16584;rug;DMP;
roggo;207201;roggo;16584;rug;DMP;
roggo;207305;roggo;16584;rug;DMP;
roggo;207306;roggo;16584;rug;DMP;
roggo;231237;roggo;16584;rug;DMP;
roggo;351991;roggo;16584;rug;DMP;
roggo;354223;roggo;16584;rug;DMP;
roggo;356465;roggo;16584;rug;DMP;
roggo;378744;roggo;16584;rug;DMP;
roitlus;71547;Roitlus;12279;hreuth-l;NeG;
roitlus;128678;roitlus;7012;hrōth-l;DMP;x
rorione;63067;rorione;10844;ror;NeG;x
rorione;309032;rorione;16362;ror-k;DMP;
roscia;27438;Roscia;16360;hrōth-sk;NeG;x
roscia;194144;roscia;18980;rōs-k;DMP;
roscia;194997;roscia;18980;rōs-k;DMP;
roscia;253906;roscia;18980;rōs-k;DMP;
roscia;348479;roscia;18980;rōs-k;DMP;
rotcarii;374444;rotcarii;6720;hrōth~gair;DMP;x
rotcarii;72295;Rotcarii;6822;hrōth~hari;NeG;
rotcarii;73466;Rotcarii;6822;hrōth~hari;NeG;
rotcarius;144947;rotcarius;6720;hrōth~gair;DMP;x
rotcarius;218589;rotcarius;6720;hrōth~gair;DMP;
rotcarius;223756;rotcarius;6720;hrōth~gair;DMP;
rotcarius;377296;rotcarius;6720;hrōth~gair;DMP;
rotcarius;398058;rotcarius;6720;hrōth~gair;DMP;
rotcarius;398155;rotcarius;6720;hrōth~gair;DMP;
rotcarius;72865;Rotcarius;6822;hrōth~hari;NeG;
rotcarius;72880;Rotcarius;6822;hrōth~hari;NeG;
rotcarius;79451;Rotcarius;6822;hrōth~hari;NeG;
ruadun;207606;ruadun;7530;hrōth;DMP;x
ruadun;479502;ruadun;7530;hrōth;DMP;
ruadun;40074;Ruadun;7933;hrōth~wini;NeG;
rudun;121865;rudun;7530;hrōth;DMP;
rudun;207170;rudun;7530;hrōth;DMP;x
rudun;207171;rudun;7530;hrōth;DMP;
rudun;210738;rudun;7530;hrōth;DMP;
rudun;42690;Rudun;9325;hrōth-n;NeG;
rudun;42691;Rudun;9325;hrōth-n;NeG;
ruthit;42744;Růthit;10536;hrōth-d;NeG;
ruthit;106143;Růthit;11070;hrōth~haith;NeG;x
sageuardus;221342;sageuardus;24971;sag~ward;DMP;
sageuardus;76534;Sageuardus;12880;sagi~ward;NeG;x
saisbertus;72350;Saisbertus;12388;sahs~berht;NeG;x
saisbertus;218206;saisbertus;9354;sigis~berht;DMP;
salama;78728;Salama;10528;sal~man;NeG;
salama;223120;salama;17356;salome;DMP;x
salgia;221716;salgia;14179;sālīg;DMP;x
salgia;77034;Salgia;11386;salvia;NeG;
sallung;208794;sallung;9266;sal-ng;DMP;x
sallung;42178;Sallung;10483;salw-ng;NeG;
saloni;374245;saloni;17578;sal;DMP;
saloni;90201;Saloni;9022;salonius;NeG;x
saluhho;384539;saluhho;8018;sal-k;DMP;
saluhho;410559;saluhho;8018;sal-k;DMP;
saluhho;36283;Saluhho;7736;salw-k;NeG;x
sanahart;210109;sanahart;23111;san~hard;DMP;x
sanahart;42846;Sanahart;10549;swan~hard;NeG;
saroardum;219795;saroardum;18129;sarw~hard;DMP;x
saroardum;74534;Saroardum;9507;sarw~ward;NeG;
saroardus;220289;saroardus;18129;sarw~hard;DMP;x
saroardus;221769;saroardus;18129;sarw~hard;DMP;
saroardus;221874;saroardus;18129;sarw~hard;DMP;
saroardus;405073;saroardus;18129;sarw~hard;DMP;
saroardus;75218;Saroardus;9507;sarw~ward;NeG;
saroardus;77083;Saroardus;9507;sarw~ward;NeG;
saroardus;77191;Saroardus;9507;sarw~ward;NeG;
sauidus;78043;Sauidus;13036;sāvidus;NeG;x
sauidus;222484;sauidus;23346;swāb-d;DMP;
sauidus;387321;sauidus;23346;swāb-d;DMP;
scalconus;60556;Scalconus;8191;skalk;NeG;
scalconus;311190;scalconus;23498;skalk-n;DMP;x
sceppo;207498;sceppo;20023;screpfo;DMP;
sceppo;39772;Sceppo;10149;skip;NeG;x
segelauris;221356;segelauris;12655;sigil~hari;DMP;x
segelauris;76537;Segelauris;16162;sigil~ris;NeG;
senedricus;219081;senedricus;23708;santh~rīk;DMP;
senedricus;73584;Senedricus;12152;sinth~rīk;NeG;x
senedridis;218888;senedridis;20564;santh~rīd;DMP;
senedridis;73316;Senedridis;12469;sin~thruth;NeG;x
senera;75444;Senera;9905;serēna;NeG;x
senera;220513;senera;20812;sin~hari;DMP;
senopus;130124;senopus;17529;sinōpis;DMP;
senopus;78883;Senopus;12667;sinōpus;NeG;x
sericus;230276;sericus;20020;saiw~rīk;DMP;
sericus;4841;Sericus;7812;sericus;NeG;x
serra;100655;serra;16150;sēra;NeG;
serra;153248;serra;14131;serra;DMP;x
serra;153249;serra;14131;serra;DMP;
seulaigo;63856;Seulaigo;10897;saiw~laik;NeG;x
seulaigo;308325;seulaigo;25287;swāb~laik;DMP;
sicla;76777;Sicla;11040;sig-l;NeG;
sicla;127442;sicla;9359;sigil;DMP;x
siclina;70974;Siclina;9495;sig-l-n;NeG;
siclina;76406;Siclina;9495;sig-l-n;NeG;
siclina;76670;Siclina;9495;sig-l-n;NeG;
siclina;216821;siclina;16155;sigil-n;DMP;x                 
siclina;221231;siclina;16155;sigil-n;DMP;
siclina;221434;siclina;16155;sigil-n;DMP;
siclonia;76666;Siclonia;9495;sig-l-n;NeG;x
siclonia;221433;siclonia;12656;sigil~wini;DMP;
siczger;39832;Siczger;16160;sid~gair;NeG;x
siczger;207496;siczger;21974;sid~mar;DMP;
sigalsis;213880;sigalsis;6815;sig~wald;DMP;
sigalsis;219654;sigalsis;6815;sig~wald;DMP;
sigalsis;74345;Sigalsis;16156;sigil~wis;NeG;x
sigalsis;74396;Sigalsis;16156;sigil~wis;NeG;
sigardus;271926;sigardus;8253;sig~hard;DMP;
sigardus;300921;sigardus;8253;sig~hard;DMP;
sigardus;306190;sigardus;8253;sig~hard;DMP;
sigardus;366089;sigardus;8253;sig~hard;DMP;
sigardus;403791;sigardus;8253;sig~hard;DMP;x
sigardus;66213;Sigardus;10180;sig~ward;NeG;
sigardus;66293;Sigardus;10180;sig~ward;NeG;
sigina;73122;Sigina;11730;sig-n;NeG;
sigina;186973;sigina;18492;sigin;DMP;
sigina;187350;sigina;18492;sigin;DMP;
sigina;218745;sigina;18492;sigin;DMP;x
sigrisma;219050;sigrisma;19393;sigir-sm;DMP;
sigrisma;73519;Sigrisma;12563;sigur-sm;NeG;x
siman;64909;Siman;8204;sig~man;NeG;
siman;382084;siman;7035;simōn;DMP;x
singeuertus;79158;Singeuertus;7024;sig~berht;NeG;
singeuertus;223470;singeuertus;12741;sigin~berht;DMP;x
sirica;223272;sirica;8259;sig~rīk;DMP;
sirica;78905;Sirica;9909;syrica;NeG;x
sisinius;187790;sisinius;17921;sigis~wini;DMP;x
sisinius;29642;Sisinius;8833;sisinnius;NeG;
sisinnius;316215;sisinnius;13877;sigis-n;DMP;x
sisinnius;26288;Sisinnius;8833;sisinnius;NeG;
sisinnius;90068;Sisinnius;8833;sisinnius;NeG;
siuracus;74199;Siuracus;16472;sibi~rād;NeG;
siuracus;219571;siuracus;19631;syrācūs;DMP;x
soandum;219735;soandum;23853;swan~dōm;DMP;
soandum;74497;Soandum;12692;swinth;NeG;x
solbertam;74478;Solbertam;12688;sōl~berht;NeG;x
solbertam;219655;solbertam;22022;sūl~berht;DMP;
stadia;132288;stadia;18036;stadia;DMP;
stadia;218954;stadia;18036;stadia;DMP;
stadia;221930;stadia;18036;stadia;DMP;
stadia;222031;stadia;18036;stadia;DMP;
stadia;72396;Stadia;12397;stātia;NeG;x
stadia;73363;Stadia;12397;stātia;NeG;
stadia;77256;Stadia;12397;stātia;NeG;
stadia;77485;Stadia;12397;stātia;NeG;
stadium;222030;stadium;17546;stadius;DMP;
stadium;77483;Stadium;11732;stātius;NeG;x
stadius;131003;stadius;17546;stadius;DMP;
stadius;222195;stadius;17546;stadius;DMP;
stadius;68285;Stadius;11732;stātius;NeG;
stadius;77635;Stadius;11732;stātius;NeG;x
statia;220664;statia;18036;stadia;DMP;
statia;75620;Statia;12397;stātia;NeG;x
stradidius;216765;stradidius;19682;strat-d;DMP;
stradidius;70910;Stradidius;12193;stratīdius;NeG;x
stradidiuus;71243;Stradidiuus;12235;strād~thew;NeG;
stradidiuus;217605;stradidiuus;19682;strat-d;DMP;x
strataus;75771;Strataus;16176;strād;NeG;
strataus;75785;Strataus;16176;strād;NeG;
strataus;122890;strataus;17024;strat;DMP;x
strataus;220746;strataus;17024;strat;DMP;
suna;129888;sůna;8027;sōn;DMP;x
suna;5860;Suna;13548;suni;NeG;
suna;132541;suna;13548;suni;DMP;
suna;319260;suna;13548;suni;DMP;
sutgarium;221877;sutgarium;20936;sud~gair;DMP;
sutgarium;77225;Sutgarium;7076;swīth~gair;NeG;x
taciperga;102715;Taciperga;14379;dag~berg;NeG;
taciperga;102770;Taciperga;14379;dag~berg;NeG;
taciperga;102772;Taciperga;14379;dag~berg;NeG;
taciperga;102779;Taciperga;14379;dag~berg;NeG;
taciperga;102782;Taciperga;14379;dag~berg;NeG;
taciperga;102785;Taciperga;14379;dag~berg;NeG;
taciperga;102788;Taciperga;14379;dag~berg;NeG;
taciperga;102791;Taciperga;14379;dag~berg;NeG;
taciperga;102794;Taciperga;14379;dag~berg;NeG;
taciperga;103635;Taciperga;14379;dag~berg;NeG;
taciperga;103641;Taciperga;14379;dag~berg;NeG;
taciperga;36292;Taciperga;6972;dag~berht;NeG;x
tedicus;122083;tedicus;16679;thed-k;DMP;x
tedicus;66643;Tedicus;9321;theud-k;NeG;
tedolinus;308374;tedolinus;21325;thed-l-n;DMP;x
tedolinus;63868;Tedolinus;10899;theud-l-n;NeG;
teodarus;118827;teodarus;6606;theud~hari;DMP;x
teodarus;126956;teodarus;6606;theud~hari;DMP;
teodarus;68379;Teodarus;10052;theud~wār;NeG;
teodarus;69353;Teodarus;10052;theud~wār;NeG;
teufano;103618;Teufano;13809;theophanēs;NeG;x
teufano;125716;teufano;17093;theophānius;DMP;
teutharius;217054;teutharius;6606;theud~hari;DMP;
teutharius;223003;teutharius;6606;theud~hari;DMP;
teutharius;223637;teutharius;6606;theud~hari;DMP;x
teutharius;65289;Teutharius;6589;theud~rīk;NeG;
teutharius;66368;Teutharius;6589;theud~rīk;NeG;
teutharius;67162;Teutharius;6589;theud~rīk;NeG;
teutharius;69823;Teutharius;6589;theud~rīk;NeG;
teutharius;72068;Teutharius;6589;theud~rīk;NeG;
teutharius;78600;Teutharius;6589;theud~rīk;NeG;
teutharius;79347;Teutharius;6589;theud~rīk;NeG;
teutoni;101437;Teutoni;6454;theud;NeG;x
teutoni;101554;Teutoni;6454;theud;NeG;
teutoni;163128;teutoni;7370;theud~wini;DMP;
teutoni;163129;teutoni;7370;theud~wini;DMP;
theodore;120318;theodore;16216;theodōra;DMP;
theodore;121928;theodore;16216;theodōra;DMP;x
theodore;27048;Theodore;6771;theodōrus;NeG;
theodune;311062;theodune;6454;theud;DMP;x
theodune;60628;Theodune;7370;theud~wini;NeG;
theophanius;97773;Theophanius;13809;theophanēs;NeG;x
theophanius;99779;Theophanius;13809;theophanēs;NeG;
theophanius;100077;Theophanius;13809;theophanēs;NeG;
theophanius;100079;Theophanius;13809;theophanēs;NeG;
theophanius;100080;Theophanius;13809;theophanēs;NeG;
theophanius;100082;Theophanius;13809;theophanēs;NeG;
theophanius;117758;theophanius;17093;theophānius;DMP;
theophanius;187830;theophanius;17093;theophānius;DMP;
theophanius;190010;theophanius;17093;theophānius;DMP;
theophanius;192157;theophanius;17093;theophānius;DMP;
theophanius;239416;theophanius;17093;theophānius;DMP;
theophanius;278768;theophanius;17093;theophānius;DMP;
theophanius;315323;theophanius;17093;theophānius;DMP;
theophanius;316638;theophanius;17093;theophānius;DMP;
theotrod;5898;Theotrod;6796;theud~rād;NeG;x
theotrod;319272;theotrod;8069;theud~thruth;DMP;
theotuuichi;336978;theotuuichi;10022;theud~wīg;DMP;
theotuuichi;42420;Theotuuichi;10403;theud~wīh;NeG;x
theutoni;39367;Theutoni;6454;theud;NeG;x
theutoni;206917;theutoni;7370;theud~wini;DMP;
thiha;40369;Thiha;10263;thenh;NeG;
thiha;208180;thiha;16981;thīh;DMP;x
thiholf;40385;Thiholf;10269;thenh~wulf;NeG;
thiholf;41938;Thiholf;10269;thenh~wulf;NeG;
thiholf;41970;Thiholf;10269;thenh~wulf;NeG;
thiholf;208182;thiholf;16222;thīh~wulf;DMP;x
thiholf;208531;thiholf;16222;thīh~wulf;DMP;
thiholf;208586;thiholf;16222;thīh~wulf;DMP;
thincheri;63339;Thincheri;10862;thenh~hari;NeG;
thincheri;308899;thincheri;19289;thing~hari;DMP;x
thiouni;308045;thiouni;7370;theud~wini;DMP;
thiouni;64394;Thiouni;10931;thew~wini;NeG;x
thruohdolfus;62420;Thruohdolfus;7179;druht~wulf;NeG;x
thruohdolfus;309518;thruohdolfus;6840;thruth~wulf;DMP;
thruohdulfus;63233;Thruohdulfus;7179;druht~wulf;NeG;x
thruohdulfus;308925;thruohdulfus;6840;thruth~wulf;DMP;
tido;129804;tido;6454;theud;DMP;
tido;136422;tido;6454;theud;DMP;
tido;69255;Tido;7683;thid;NeG;x
tindo;129482;tindo;10366;dand;DMP;
tindo;155183;tindo;10366;dand;DMP;
tindo;415363;tindo;10366;dand;DMP;
tindo;104355;Tindo;14386;dind;NeG;
tindo;104955;Tindo;14386;dind;NeG;x
tindoni;38569;Tindoni;10366;dand;NeG;x
tindoni;206019;tindoni;10366;dand;DMP;
tindoni;103952;Tindoni;14386;dind;NeG;
tola;382961;tŏla;18012;dōl;DMP;
tola;119192;tola;16605;thōl;DMP;x                 
tola;129103;tola;16605;thōl;DMP;
tola;130039;tola;16605;thōl;DMP;
tola;131799;tola;16605;thōl;DMP;
tola;133567;tola;16605;thōl;DMP;
tola;382968;tola;16605;thōl;DMP;
tolemari;40753;Tolemari;10324;theudal~mar;NeG;
tolemari;208460;tolemari;21918;tol~mar;DMP;x
torueus;219027;torueus;25185;thōr~wīh;DMP;
torueus;73571;Torueus;16237;thur~wīh;NeG;x
trebo;208101;trebo;22948;drīb;DMP;
trebo;40347;Trebo;10261;trib;NeG;x
tresberto;72388;Tresberto;7038;thras~berht;NeG;x
tresberto;73911;Tresberto;7038;thras~berht;NeG;
tresberto;166121;tresberto;20969;tres~berht;DMP;
tresberto;219251;tresberto;20969;tres~berht;DMP;
tresberto;219314;tresberto;20969;tres~berht;DMP;
tresberto;405129;tresberto;20969;tres~berht;DMP;
tresbertus;68821;Tresbertus;7038;thras~berht;NeG;x
tresbertus;74162;Tresbertus;7038;thras~berht;NeG;
tresbertus;149575;tresbertus;20969;tres~berht;DMP;
tresbertus;149576;tresbertus;20969;tres~berht;DMP;
tresbertus;219515;tresbertus;20969;tres~berht;DMP;
truhtila;40149;Truhtila;8530;druht-l;NeG;x
truhtila;207898;truhtila;15951;thruth-l;DMP;
tula;122628;tůla;18012;dōl;DMP;
tula;120350;tula;16903;tóla;DMP;x
tula;488577;tula;16903;tóla;DMP;
turpinus;125497;turpinus;17367;thurp-n;DMP;
turpinus;133747;turpinus;17367;thurp-n;DMP;
turpinus;138131;turpinus;17367;thurp-n;DMP;
turpinus;318325;turpinus;17367;thurp-n;DMP;
turpinus;383514;turpinus;17367;thurp-n;DMP;
turpinus;405518;turpinus;17367;thurp-n;DMP;
turpinus;408020;turpinus;17367;thurp-n;DMP;
turpinus;76042;Turpinus;11347;turpīnus;NeG;x
turpio;258180;turpio;19519;thurp;DMP;
turpio;289425;turpio;19519;thurp;DMP;
turpio;290608;turpio;19519;thurp;DMP;
turpio;299391;turpio;19519;thurp;DMP;
turpio;301429;turpio;19519;thurp;DMP;
turpio;364485;turpio;19519;thurp;DMP;
turpio;366522;turpio;19519;thurp;DMP;
turpio;27623;Turpio;9061;turpio;NeG;
turpio;27627;Turpio;9061;turpio;NeG;x
turpius;216065;turpius;19519;thurp;DMP;
turpius;311256;turpius;19519;thurp;DMP;
turpius;60591;turpius;16240;turpius;NeG;
turpius;70819;Turpius;16240;turpius;NeG;x
uadalbald;308249;ùadalbald;20357;ōthal~bald;DMP;
uadalbald;60954;Uadalbald;8549;ōthal~balth;NeG;x
uadalbald;63806;Úadalbald;8549;ōthal~balth;NeG;
uadalbald;422972;uadalbald;8549;ōthal~balth;DMP;
uado;62405;Uádo;6872;ath;NeG;
uado;309828;uàdo;6829;aud;DMP;x
uado;470149;uado;6829;aud;DMP;
uado;470150;uado;6829;aud;DMP;
uado;61727;Uado;9918;wād;NeG;
uado;64102;uado;9918;wād;NeG;
uaiharius;78869;Uaiharius;7347;waib~hari;NeG;
uaiharius;223240;uaiharius;6590;waig~hari;DMP;x
ualandus;223455;ualandus;6659;walh-nd;DMP;
ualandus;374328;ualandus;6659;walh-nd;DMP;x
ualandus;79179;Ualandus;6569;wēl-nd;NeG;
uarilando;319668;uarilando;20407;far~land;DMP;
uarilando;319669;uarilando;20407;far~land;DMP;
uarilando;6334;Uarilando;8139;wari~land;NeG;x
uarilando;6345;Uarilando;8139;wari~land;NeG;
uatilo;142026;uatilo;8324;aud-l;DMP;
uatilo;472789;uatilo;8324;aud-l;DMP;
uatilo;472790;uatilo;8324;aud-l;DMP;
uatilo;476186;uatilo;8324;aud-l;DMP;
uatilo;484661;uatilo;8324;aud-l;DMP;
uatilo;485157;uatilo;8324;aud-l;DMP;
uatilo;488654;uatilo;8324;aud-l;DMP;
uatilo;490525;uatilo;8324;aud-l;DMP;
uatilo;490837;uatilo;8324;aud-l;DMP;
uatilo;491524;uatilo;8324;aud-l;DMP;
uatilo;120185;ùatilo;6603;ōthal;DMP;x
uatilo;485735;ùatilo;6603;ōthal;DMP;
uelie;125147;uelię;17554;velia;DMP;x
uelie;63775;Uelię;6996;wēl;NeG;
ueraldo;59784;Ueraldo;15976;wari~wald;NeG;
ueraldo;311775;ueraldo;10605;wēr~wald;DMP;x
ueraldus;60216;Ueraldus;15976;wari~wald;NeG;
ueraldus;311535;ueraldus;10605;wēr~wald;DMP;x
ueranus;37072;Ueranus;15543;vērānus;NeG;
ueranus;37445;Ueranus;15543;vērānus;NeG;
ueranus;37512;Ueranus;15543;vērānus;NeG;x
ueranus;271055;ueranus;21494;wēr-n;DMP;
uerisma;77513;Uerisma;12999;vērissima;NeG;x
uerisma;125285;uerisma;17731;wari-sm;DMP;
ugo;391885;ůgo;8579;aug;DMP;
ugo;119838;ugo;6901;hug;DMP;x
ugo;120660;ugo;6901;hug;DMP;
ugo;121627;ugo;6901;hug;DMP;
ugo;121693;ugo;6901;hug;DMP;
ugo;122010;ugo;6901;hug;DMP;
ugo;122982;ugo;6901;hug;DMP;
ugo;123211;ugo;6901;hug;DMP;
ugo;123908;ugo;6901;hug;DMP;
ugo;124338;ugo;6901;hug;DMP;
ugo;124583;ugo;6901;hug;DMP;
ugo;125713;ugo;6901;hug;DMP;
ugo;125908;ugo;6901;hug;DMP;
ugo;126408;ugo;6901;hug;DMP;
ugo;126506;ugo;6901;hug;DMP;
ugo;127077;ugo;6901;hug;DMP;
ugo;127142;ugo;6901;hug;DMP;
ugo;127250;ugo;6901;hug;DMP;
ugo;127901;ugo;6901;hug;DMP;
ugo;128052;ugo;6901;hug;DMP;
ugo;128527;ugo;6901;hug;DMP;
ugo;129194;ugo;6901;hug;DMP;
ugo;129980;ugo;6901;hug;DMP;
ugo;130574;ugo;6901;hug;DMP;
ugo;130845;ugo;6901;hug;DMP;
ugo;131249;ůgo;6901;hug;DMP;
ugo;132778;ugo;6901;hug;DMP;
ugo;133398;ugo;6901;hug;DMP;
ugo;134654;ugo;6901;hug;DMP;
ugo;134798;ugo;6901;hug;DMP;
ugo;147631;ugo;6901;hug;DMP;
ugo;148449;ugo;6901;hug;DMP;
ugo;148553;ugo;6901;hug;DMP;
ugo;148872;ugo;6901;hug;DMP;
ugo;149910;ugo;6901;hug;DMP;
ugo;149911;ugo;6901;hug;DMP;
ugo;151504;ugo;6901;hug;DMP;
ugo;151505;ugo;6901;hug;DMP;
ugo;151807;ugo;6901;hug;DMP;
ugo;153595;ugo;6901;hug;DMP;
ugo;153747;ugo;6901;hug;DMP;
ugo;154222;ugo;6901;hug;DMP;
ugo;154510;ugo;6901;hug;DMP;
ugo;155677;ugo;6901;hug;DMP;
ugo;160333;ugo;6901;hug;DMP;
ugo;161633;ugo;6901;hug;DMP;
ugo;165617;ugo;6901;hug;DMP;
ugo;166300;ugo;6901;hug;DMP;
ugo;166922;ugo;6901;hug;DMP;
ugo;167810;ugo;6901;hug;DMP;
ugo;168268;ugo;6901;hug;DMP;
ugo;168269;ugo;6901;hug;DMP;
ugo;169060;ugo;6901;hug;DMP;
ugo;169329;ugo;6901;hug;DMP;
ugo;170844;ugo;6901;hug;DMP;
ugo;171040;ugo;6901;hug;DMP;
ugo;171243;ugo;6901;hug;DMP;
ugo;171244;ugo;6901;hug;DMP;
ugo;172016;ugo;6901;hug;DMP;
ugo;172304;ugo;6901;hug;DMP;
ugo;172384;ugo;6901;hug;DMP;
ugo;188821;ugo;6901;hug;DMP;
ugo;190281;ugo;6901;hug;DMP;
ugo;316470;ugo;6901;hug;DMP;
ugo;383081;ugo;6901;hug;DMP;
ugo;383847;ugo;6901;hug;DMP;
ugo;389717;ugo;6901;hug;DMP;
ugo;403443;ugo;6901;hug;DMP;
ugo;403444;ugo;6901;hug;DMP;
ugo;403445;ugo;6901;hug;DMP;
ugo;403446;ugo;6901;hug;DMP;
ugo;403499;ugo;6901;hug;DMP;
ugo;403500;ugo;6901;hug;DMP;
ugo;403545;ugo;6901;hug;DMP;
ugo;403645;ugo;6901;hug;DMP;
ugo;403646;ugo;6901;hug;DMP;
ugo;403647;ugo;6901;hug;DMP;
ugo;403648;ugo;6901;hug;DMP;
ugo;403649;ugo;6901;hug;DMP;
ugo;403650;ugo;6901;hug;DMP;
ugo;403651;ugo;6901;hug;DMP;
ugo;403705;ugo;6901;hug;DMP;
ugo;403706;ugo;6901;hug;DMP;
ugo;403759;ugo;6901;hug;DMP;
ugo;406372;ugo;6901;hug;DMP;
ugo;407579;ugo;6901;hug;DMP;
ugo;408910;ugo;6901;hug;DMP;
ugo;408911;ugo;6901;hug;DMP;
ugo;409118;ugo;6901;hug;DMP;
ugo;409119;ugo;6901;hug;DMP;
ugo;409214;ugo;6901;hug;DMP;
ugo;409215;ugo;6901;hug;DMP;
ugo;409319;ugo;6901;hug;DMP;
ugo;409368;ugo;6901;hug;DMP;
ugo;469566;ugo;6901;hug;DMP;
ugo;469570;ugo;6901;hug;DMP;
ugo;469571;ugo;6901;hug;DMP;
ugo;469572;ugo;6901;hug;DMP;
ugo;469573;ugo;6901;hug;DMP;
ugo;469574;ugo;6901;hug;DMP;
ugo;469575;ugo;6901;hug;DMP;
ugo;469576;ugo;6901;hug;DMP;
ugo;469577;ugo;6901;hug;DMP;
ugo;469578;ugo;6901;hug;DMP;
ugo;469579;ugo;6901;hug;DMP;
ugo;469580;ugo;6901;hug;DMP;
ugo;469581;ugo;6901;hug;DMP;
ugo;469582;ugo;6901;hug;DMP;
ugo;469583;ugo;6901;hug;DMP;
ugo;469584;ugo;6901;hug;DMP;
ugo;469585;ugo;6901;hug;DMP;
ugo;469586;ugo;6901;hug;DMP;
ugo;469587;ugo;6901;hug;DMP;
ugo;469588;ugo;6901;hug;DMP;
ugo;469589;ugo;6901;hug;DMP;
ugo;469590;ugo;6901;hug;DMP;
ugo;469591;ugo;6901;hug;DMP;
ugo;469592;ugo;6901;hug;DMP;
ugo;469593;ugo;6901;hug;DMP;
ugo;469594;ugo;6901;hug;DMP;
ugo;469595;ugo;6901;hug;DMP;
ugo;469596;ugo;6901;hug;DMP;
ugo;469597;ugo;6901;hug;DMP;
ugo;469598;ugo;6901;hug;DMP;
ugo;469599;ugo;6901;hug;DMP;
ugo;469600;ugo;6901;hug;DMP;
ugo;469601;ugo;6901;hug;DMP;
ugo;469602;ugo;6901;hug;DMP;
ugo;469603;ugo;6901;hug;DMP;
ugo;469604;ugo;6901;hug;DMP;
ugo;469605;ugo;6901;hug;DMP;
ugo;469606;ugo;6901;hug;DMP;
ugo;469607;ugo;6901;hug;DMP;
ugo;469608;ugo;6901;hug;DMP;
ugo;469609;ugo;6901;hug;DMP;
ugo;469610;ugo;6901;hug;DMP;
ugo;469611;ugo;6901;hug;DMP;
ugo;469612;ugo;6901;hug;DMP;
ugo;469613;ugo;6901;hug;DMP;
ugo;469614;ugo;6901;hug;DMP;
ugo;469615;ugo;6901;hug;DMP;
ugo;469616;ugo;6901;hug;DMP;
ugo;469617;ugo;6901;hug;DMP;
ugo;469618;ugo;6901;hug;DMP;
ugo;469619;ugo;6901;hug;DMP;
ugo;469620;ugo;6901;hug;DMP;
ugo;469621;ugo;6901;hug;DMP;
ugo;469622;ugo;6901;hug;DMP;
ugo;469623;ugo;6901;hug;DMP;
ugo;469624;ugo;6901;hug;DMP;
ugo;469625;ugo;6901;hug;DMP;
ugo;469626;ugo;6901;hug;DMP;
ugo;469627;ugo;6901;hug;DMP;
ugo;469628;ugo;6901;hug;DMP;
ugo;469629;ugo;6901;hug;DMP;
ugo;469630;ugo;6901;hug;DMP;
ugo;469631;ugo;6901;hug;DMP;
ugo;469632;ugo;6901;hug;DMP;
ugo;469633;ugo;6901;hug;DMP;
ugo;469634;ugo;6901;hug;DMP;
ugo;469635;ugo;6901;hug;DMP;
ugo;469636;ugo;6901;hug;DMP;
ugo;469637;ugo;6901;hug;DMP;
ugo;469638;ugo;6901;hug;DMP;
ugo;469639;ugo;6901;hug;DMP;
ugo;469640;ugo;6901;hug;DMP;
ugo;469641;ugo;6901;hug;DMP;
ugo;469642;ugo;6901;hug;DMP;
ugo;469643;ugo;6901;hug;DMP;
ugo;469644;ugo;6901;hug;DMP;
ugo;469645;ugo;6901;hug;DMP;
ugo;469646;ugo;6901;hug;DMP;
ugo;469647;ugo;6901;hug;DMP;
ugo;469648;ugo;6901;hug;DMP;
ugo;469649;ugo;6901;hug;DMP;
ugo;469650;ugo;6901;hug;DMP;
ugo;469651;ugo;6901;hug;DMP;
ugo;469652;ugo;6901;hug;DMP;
ugo;469653;ugo;6901;hug;DMP;
ugo;469654;ugo;6901;hug;DMP;
ugo;469655;ugo;6901;hug;DMP;
ugo;469656;ugo;6901;hug;DMP;
ugo;469657;ugo;6901;hug;DMP;
ugo;469658;ugo;6901;hug;DMP;
ugo;469659;ugo;6901;hug;DMP;
ugo;469660;ugo;6901;hug;DMP;
ugo;469661;ugo;6901;hug;DMP;
ugo;469662;ugo;6901;hug;DMP;
ugo;469663;ugo;6901;hug;DMP;
ugo;469664;ugo;6901;hug;DMP;
ugo;469665;ugo;6901;hug;DMP;
ugo;469666;ugo;6901;hug;DMP;
ugo;469667;ugo;6901;hug;DMP;
ugo;469668;ugo;6901;hug;DMP;
ugo;469669;ugo;6901;hug;DMP;
ugo;469670;ugo;6901;hug;DMP;
ugo;469671;ugo;6901;hug;DMP;
ugo;469672;ugo;6901;hug;DMP;
ugo;469673;ugo;6901;hug;DMP;
ugo;469674;ugo;6901;hug;DMP;
ugo;469675;ugo;6901;hug;DMP;
ugo;469676;ugo;6901;hug;DMP;
ugo;469677;ugo;6901;hug;DMP;
ugo;469678;ugo;6901;hug;DMP;
ugo;469679;ugo;6901;hug;DMP;
ugo;469680;ugo;6901;hug;DMP;
ugo;469681;ugo;6901;hug;DMP;
ugo;469682;ugo;6901;hug;DMP;
ugo;469683;ugo;6901;hug;DMP;
ugo;469684;ugo;6901;hug;DMP;
ugo;469685;ugo;6901;hug;DMP;
ugo;469686;ugo;6901;hug;DMP;
ugo;469687;ugo;6901;hug;DMP;
ugo;469688;ugo;6901;hug;DMP;
ugo;469689;ugo;6901;hug;DMP;
ugo;469690;ugo;6901;hug;DMP;
ugo;469691;ugo;6901;hug;DMP;
ugo;469692;ugo;6901;hug;DMP;
ugo;469693;ugo;6901;hug;DMP;
ugo;469694;ugo;6901;hug;DMP;
ugo;469695;ugo;6901;hug;DMP;
ugo;469696;ugo;6901;hug;DMP;
ugo;469697;ugo;6901;hug;DMP;
ugo;469698;ugo;6901;hug;DMP;
ugo;469699;ugo;6901;hug;DMP;
ugo;469700;ugo;6901;hug;DMP;
ugo;469701;ugo;6901;hug;DMP;
ugo;469702;ugo;6901;hug;DMP;
ugo;469703;ugo;6901;hug;DMP;
ugo;469704;ugo;6901;hug;DMP;
ugo;469705;ugo;6901;hug;DMP;
ugo;469706;ugo;6901;hug;DMP;
ugo;469707;ugo;6901;hug;DMP;
ugo;469708;ugo;6901;hug;DMP;
ugo;469709;ugo;6901;hug;DMP;
ugo;469710;ugo;6901;hug;DMP;
ugo;469711;ugo;6901;hug;DMP;
ugo;469712;ugo;6901;hug;DMP;
ugo;469713;ugo;6901;hug;DMP;
ugo;469714;ugo;6901;hug;DMP;
ugo;469715;ugo;6901;hug;DMP;
ugo;469716;ugo;6901;hug;DMP;
ugo;469717;ugo;6901;hug;DMP;
ugo;469718;ugo;6901;hug;DMP;
ugo;469719;ugo;6901;hug;DMP;
ugo;469720;ugo;6901;hug;DMP;
ugo;469721;ugo;6901;hug;DMP;
ugo;469722;ugo;6901;hug;DMP;
ugo;469723;ugo;6901;hug;DMP;
ugo;469724;ugo;6901;hug;DMP;
ugo;469725;ugo;6901;hug;DMP;
ugo;469726;ugo;6901;hug;DMP;
ugo;469727;ugo;6901;hug;DMP;
ugo;469728;ugo;6901;hug;DMP;
ugo;469729;ugo;6901;hug;DMP;
ugo;469730;ugo;6901;hug;DMP;
ugo;469731;ugo;6901;hug;DMP;
ugo;469732;ugo;6901;hug;DMP;
ugo;469733;ugo;6901;hug;DMP;
ugo;469734;ugo;6901;hug;DMP;
ugo;469735;ugo;6901;hug;DMP;
ugo;469736;ugo;6901;hug;DMP;
ugo;469737;ugo;6901;hug;DMP;
ugo;469738;ugo;6901;hug;DMP;
ugo;469739;ugo;6901;hug;DMP;
ugo;469740;ugo;6901;hug;DMP;
ugo;469741;ugo;6901;hug;DMP;
ugo;469742;ugo;6901;hug;DMP;
ugo;469743;ugo;6901;hug;DMP;
ugo;469744;ugo;6901;hug;DMP;
ugo;469745;ugo;6901;hug;DMP;
ugo;469746;ugo;6901;hug;DMP;
ugo;469747;ugo;6901;hug;DMP;
ugo;469748;ugo;6901;hug;DMP;
ugo;469749;ugo;6901;hug;DMP;
ugo;469750;ugo;6901;hug;DMP;
ugo;469751;ugo;6901;hug;DMP;
ugo;469752;ugo;6901;hug;DMP;
ugo;469753;ugo;6901;hug;DMP;
ugo;469754;ugo;6901;hug;DMP;
ugo;469755;ugo;6901;hug;DMP;
ugo;469756;ugo;6901;hug;DMP;
ugo;469757;ugo;6901;hug;DMP;
ugo;469758;ugo;6901;hug;DMP;
ugo;469759;ugo;6901;hug;DMP;
ugo;469760;ugo;6901;hug;DMP;
ugo;469761;ugo;6901;hug;DMP;
ugo;469762;ugo;6901;hug;DMP;
ugo;469763;ugo;6901;hug;DMP;
ugo;469764;ugo;6901;hug;DMP;
ugo;469765;ugo;6901;hug;DMP;
ugo;469766;ugo;6901;hug;DMP;
ugo;469767;ugo;6901;hug;DMP;
ugo;469768;ugo;6901;hug;DMP;
ugo;469769;ugo;6901;hug;DMP;
ugo;469770;ugo;6901;hug;DMP;
ugo;469771;ugo;6901;hug;DMP;
ugo;469772;ugo;6901;hug;DMP;
ugo;469773;ugo;6901;hug;DMP;
ugo;469774;ugo;6901;hug;DMP;
ugo;469775;ugo;6901;hug;DMP;
ugo;469776;ugo;6901;hug;DMP;
ugo;469777;ugo;6901;hug;DMP;
ugo;469778;ugo;6901;hug;DMP;
ugo;469779;ugo;6901;hug;DMP;
ugo;469780;ugo;6901;hug;DMP;
ugo;469781;ugo;6901;hug;DMP;
ugo;469782;ugo;6901;hug;DMP;
ugo;469783;ugo;6901;hug;DMP;
ugo;469784;ugo;6901;hug;DMP;
ugo;469785;ugo;6901;hug;DMP;
ugo;117731;ugo;6901;hug;DMP;
ugo;118014;ugo;6901;hug;DMP;
ugo;118068;ugo;6901;hug;DMP;
ugo;118069;ugo;6901;hug;DMP;
ugo;118164;ugo;6901;hug;DMP;
ugo;118416;ugo;6901;hug;DMP;
ugo;118963;ugo;6901;hug;DMP;
ugo;119036;ugo;6901;hug;DMP;
ugo;119338;ugo;6901;hug;DMP;
ugo;119553;ugo;6901;hug;DMP;
uincoardus;218551;uincoardus;19342;wing~hard;DMP;
uincoardus;72884;Uincoardus;12470;wing~ward;NeG;x
uito;126804;uito;17110;vītus;DMP;
uito;136140;uito;17110;vītus;DMP;x
uito;377528;uito;17110;vītus;DMP;
uito;1003;uito;7907;wīd;NeG;
uiuo;241262;uiuo;24978;vīvo;DMP;
uiuo;8763;Uiuo;8451;vīvus;NeG;x                 
uldemarus;216282;uldemarus;20500;hulth~mar;DMP;
uldemarus;216588;uldemarus;20500;hulth~mar;DMP;
uldemarus;222794;uldemarus;20500;hulth~mar;DMP;
uldemarus;249454;uldemarus;20500;hulth~mar;DMP;
uldemarus;270000;uldemarus;20500;hulth~mar;DMP;
uldemarus;68999;Uldemarus;11845;wulth~mar;NeG;x
uldemarus;71783;Uldemarus;11845;wulth~mar;NeG;
uldemarus;78228;Uldemarus;11845;wulth~mar;NeG;
ulfinus;116830;ulfinus;9910;wulf-n;DMP;x
ulfinus;116831;ulfinus;9910;wulf-n;DMP;
ulfinus;475310;ulfinus;9910;wulf-n;DMP;
ulfinus;73959;Ulfinus;7290;wulf~wini;NeG;
ulfinus;77760;Ulfinus;7290;wulf~wini;NeG;
ulfridus;423275;ulfridus;8492;ōthal~frith;DMP;
ulfridus;423276;ulfridus;8492;ōthal~frith;DMP;x
ulfridus;38884;Ulfridus;7781;wulf~frith;NeG;
ulmeda;423898;ulmeda;25483;ōthal~math;DMP;
ulmeda;72567;Ulmeda;12418;ulmeda;NeG;x
ulsinus;425017;ulsinus;7730;ōthal~sinth;DMP;
ulsinus;75109;Ulsinus;12773;ulcīnus;NeG;x
undicho;185453;undicho;19789;hund-k;DMP;
undicho;308129;undicho;19789;hund-k;DMP;
undicho;309135;undicho;19789;hund-k;DMP;
undicho;309225;undicho;19789;hund-k;DMP;
undicho;62922;Undicho;10710;unth-k;NeG;x
undicho;63005;Undicho;10710;unth-k;NeG;
undicho;64142;undicho;10710;unth-k;NeG;
undico;310601;undico;19789;hund-k;DMP;
undico;61093;undico;10710;unth-k;NeG;x
urgolf;38437;Urgolf;7003;ūr~wulf;NeG;
urgolf;206273;urgolf;20799;wurk~wulf;DMP;x
ursa;127062;ursa;9238;urs;DMP;
ursa;384989;ursa;9238;urs;DMP;
ursa;385249;ursa;9238;urs;DMP;
ursa;385775;ursa;9238;urs;DMP;
ursa;385830;ursa;9238;urs;DMP;
ursa;388357;ursa;9238;urs;DMP;
ursa;389534;ursa;9238;urs;DMP;x
ursa;28223;Ursa;9169;ursa;NeG;
ursa;103807;Ursa;9169;ursa;NeG;
ursculi;5862;Ursculi;8043;hursk-l;NeG;x
ursculi;319281;ursculi;8028;hursk-l-n;DMP;
urso;116838;urso;9238;urs;DMP;x
urso;116839;urso;9238;urs;DMP;
urso;116840;urso;9238;urs;DMP;
urso;116841;urso;9238;urs;DMP;
urso;116842;urso;9238;urs;DMP;
urso;116843;urso;9238;urs;DMP;
urso;116844;urso;9238;urs;DMP;
urso;132590;urso;9238;urs;DMP;
urso;228884;urso;9238;urs;DMP;
urso;231949;urso;9238;urs;DMP;
urso;232831;urso;9238;urs;DMP;
urso;306151;urso;9238;urs;DMP;
urso;338804;urso;9238;urs;DMP;
urso;374453;urso;9238;urs;DMP;
urso;374618;urso;9238;urs;DMP;
urso;386762;urso;9238;urs;DMP;
urso;387508;urso;9238;urs;DMP;
urso;411380;urso;9238;urs;DMP;
urso;412023;urso;9238;urs;DMP;
urso;480654;urso;9238;urs;DMP;
urso;87401;Urso;7217;urso;NeG;
urso;87402;Urso;7217;urso;NeG;
urso;87403;Urso;7217;urso;NeG;
urso;90061;Urso;7217;urso;NeG;
urso;90126;Urso;7217;urso;NeG;
urso;104333;Urso;7217;urso;NeG;
urso;104500;Urso;7217;urso;NeG;
urso;104535;Urso;7217;urso;NeG;
urso;104945;Urso;7217;urso;NeG;
urso;105034;Urso;7217;urso;NeG;
urso;403;urso;7217;urso;NeG;
urso;1674;Urso;7217;urso;NeG;
urso;1676;Urso;7217;urso;NeG;
urso;1678;Urso;7217;urso;NeG;
urso;1685;Urso;7217;urso;NeG;
urso;9422;Urso;7217;urso;NeG;
urso;25449;Urso;7217;urso;NeG;
urso;26132;Urso;7217;urso;NeG;
urso;29208;Urso;7217;urso;NeG;
urso;29284;Urso;7217;urso;NeG;
urso;66922;Urso;7217;urso;NeG;
uuacmundus;806;uuacmundus;6911;wag~mund;NeG;x
uuacmundus;379903;uuacmundus;19874;wak~mund;DMP;
uuacolf;5619;Uuacolf;8002;wag~wulf;NeG;x
uuacolf;319349;uuacolf;23898;wak~wulf;DMP;
uuacolfo;5673;Uuacolfo;8002;wag~wulf;NeG;x
uuacolfo;319055;uuacolfo;23898;wak~wulf;DMP;
uuadegarus;68737;Uuadegarus;15551;wād~gair;NeG;x
uuadegarus;128675;uuadegarus;17090;wād~garw;DMP;
uuadelaici;307858;uuadelaici;15556;wād~laik;DMP;
uuadelaici;309971;uuadelaici;15556;wād~laik;DMP;
uuadelaici;61847;uuadelaici;15555;wād~walh;NeG;
uuadelaici;64610;uuadelaici;15555;wād~walh;NeG;x
uuadelaicus;309972;uuadelaicus;15556;wād~laik;DMP;x
uuadelaicus;61849;Uuadelaicus;10781;wadi~laik;NeG;
uuadelaigo;309973;uuadelaigo;15556;wād~laik;DMP;x
uuadelaigo;61851;Uuadelaigo;15555;wād~walh;NeG;
uuadirih;62398;uuadirih;15559;wād~rīk;NeG;
uuadirih;310015;uuadirih;10810;wadi~rīk;DMP;x
uuagheri;197578;uuagheri;10652;wāg~hari;DMP;
uuagheri;200802;uuagheri;10652;wāg~hari;DMP;
uuagheri;200803;uuagheri;10652;wāg~hari;DMP;
uuagheri;202557;uuagheri;10652;wāg~hari;DMP;
uuagheri;202692;uuagheri;10652;wāg~hari;DMP;
uuagheri;309470;uuagheri;10652;wāg~hari;DMP;
uuagheri;350728;uuagheri;10652;wāg~hari;DMP;
uuagheri;352265;uuagheri;10652;wāg~hari;DMP;
uuagheri;356928;uuagheri;10652;wāg~hari;DMP;
uuagheri;378602;uuagheri;10652;wāg~hari;DMP;x
uuagheri;62589;Uuagheri;8572;wak~hari;NeG;
uuahoni;200231;uuahoni;17814;wāh;DMP;
uuahoni;308274;uuahoni;17814;wāh;DMP;x
uuahoni;63951;Uuahoni;6973;wak;NeG;
uualameus;122445;uualameus;15602;walh-m;DMP;x
uualameus;127680;uualameus;15602;walh-m;DMP;
uualameus;218662;uualameus;15602;walh-m;DMP;
uualameus;220155;uualameus;15602;walh-m;DMP;
uualameus;220208;uualameus;15602;walh-m;DMP;
uualameus;220644;uualameus;15602;walh-m;DMP;
uualameus;72761;Uualameus;8868;walh~mar;NeG;
uualameus;73054;Uualameus;8868;walh~mar;NeG;
uualameus;74052;Uualameus;8868;walh~mar;NeG;
uualameus;75024;Uualameus;8868;walh~mar;NeG;
uualantrudis;70808;Uualantrudis;12176;walh~thruth;NeG;
uualantrudis;71244;Uualantrudis;12176;walh~thruth;NeG;
uualantrudis;71998;Uualantrudis;12176;walh~thruth;NeG;
uualantrudis;77538;Uualantrudis;12176;walh~thruth;NeG;
uualantrudis;79219;Uualantrudis;12176;walh~thruth;NeG;
uualantrudis;215987;uualantrudis;22432;walhan~thruth;DMP;x
uualantrudis;216698;uualantrudis;22432;walhan~thruth;DMP;
uualantrudis;217601;uualantrudis;22432;walhan~thruth;DMP;
uualantrudis;222162;uualantrudis;22432;walhan~thruth;DMP;
uualantrudis;223507;uualantrudis;22432;walhan~thruth;DMP;
uualdredamnus;74851;Uualdredamnus;7542;wald~hraban;NeG;x
uualdredamnus;219985;uualdredamnus;7141;wald~rād;DMP;
uualdrisma;72387;Uualdrisma;12328;wald-sm;NeG;
uualdrisma;73982;Uualdrisma;12328;wald-sm;NeG;
uualdrisma;74256;Uualdrisma;12328;wald-sm;NeG;
uualdrisma;76220;Uualdrisma;12328;wald-sm;NeG;
uualdrisma;219223;uualdrisma;19849;waldar-sm;DMP;x
uualdrisma;219397;uualdrisma;19849;waldar-sm;DMP;
uualdrisma;219496;uualdrisma;19849;waldar-sm;DMP;
uualdrisma;221042;uualdrisma;19849;waldar-sm;DMP;
uualdulpia;308309;uualdulpia;23672;wald~ulp;DMP;
uualdulpia;63848;Uualdulpia;10895;wald~wulb;NeG;x
uualebegildis;75359;Uualebegildis;15604;hwelp~geld;NeG;
uualebegildis;220437;uualebegildis;12805;walh~geld;DMP;x
uualenteo;76146;Uualenteo;7119;walh~thew;NeG;
uualenteo;221044;uualenteo;15603;walhan~thew;DMP;x
uualentrudis;75952;Uualentrudis;12176;walh~thruth;NeG;
uualentrudis;220937;uualentrudis;22432;walhan~thruth;DMP;x
uualgaero;318957;uualgaero;6869;wald~gair;DMP;
uualgaero;93893;Uualgaero;10600;walh~gair;NeG;x
uualindis;222247;uualindis;12883;wād~linth;DMP;
uualindis;77696;Uualindis;13014;walh~linth;NeG;x
uualitcarius;218924;uualitcarius;6869;wald~gair;DMP;
uualitcarius;222626;uualitcarius;6869;wald~gair;DMP;
uualitcarius;222688;uualitcarius;6869;wald~gair;DMP;
uualitcarius;73358;Uualitcarius;6543;wald~hari;NeG;x
uualitcarius;77965;Uualitcarius;6543;wald~hari;NeG;
uualitcarius;78206;Uualitcarius;6543;wald~hari;NeG;
uualsinda;407223;uualsinda;11206;walh~sinth;DMP;x
uualsinda;68221;Uualsinda;10896;walh~swinth;NeG;
uualtcaria;220935;uualtcaria;6869;wald~gair;DMP;x
uualtcaria;75964;Uualtcaria;6543;wald~hari;NeG;
uualtcarii;219758;uualtcarii;6869;wald~gair;DMP;x
uualtcarii;219759;uualtcarii;6869;wald~gair;DMP;
uualtcarii;219760;uualtcarii;6869;wald~gair;DMP;
uualtcarii;219761;uualtcarii;6869;wald~gair;DMP;
uualtcarii;74531;Uualtcarii;6543;wald~hari;NeG;
uualtcarii;74532;Uualtcarii;6543;wald~hari;NeG;
uualtcarii;74541;Uualtcarii;6543;wald~hari;NeG;
uualtcarii;74544;Uualtcarii;6543;wald~hari;NeG;
uualtcarius;218126;uualtcarius;6869;wald~gair;DMP;x
uualtcarius;218979;uualtcarius;6869;wald~gair;DMP;
uualtcarius;219167;uualtcarius;6869;wald~gair;DMP;
uualtcarius;221304;uualtcarius;6869;wald~gair;DMP;
uualtcarius;371801;uualtcarius;6869;wald~gair;DMP;
uualtcarius;371802;uualtcarius;6869;wald~gair;DMP;
uualtcarius;73718;Uualtcarius;6543;wald~hari;NeG;
uualtcarius;73978;Uualtcarius;6543;wald~hari;NeG;
uualtcarius;75965;Uualtcarius;6543;wald~hari;NeG;
uualtcarius;76506;Uualtcarius;6543;wald~hari;NeG;
uualtcarius;72142;Uualtcarius;6543;wald~hari;NeG;
uualtcarius;73387;Uualtcarius;6543;wald~hari;NeG;
uuanilo;6437;uuanilo;8149;wān-l;NeG;
uuanilo;7325;uuanilo;8149;wān-l;NeG;
uuanilo;7730;uuanilo;8149;wān-l;NeG;
uuanilo;116866;uuanilo;8289;wani-l;DMP;
uuanilo;116867;uuanilo;8289;wani-l;DMP;x
uuanilo;116868;uuanilo;8289;wani-l;DMP;
uuanilo;116869;uuanilo;8289;wani-l;DMP;
uuanilo;116870;uuanilo;8289;wani-l;DMP;
uuanilo;116871;uuanilo;8289;wani-l;DMP;
uuanilo;136356;uuanilo;8289;wani-l;DMP;
uuanilo;138166;uuanilo;8289;wani-l;DMP;
uuanilo;193184;uuanilo;8289;wani-l;DMP;
uuanilo;243036;uuanilo;8289;wani-l;DMP;
uuanilo;287662;uuanilo;8289;wani-l;DMP;
uuanilo;291235;uuanilo;8289;wani-l;DMP;
uuanilo;302305;uuanilo;8289;wani-l;DMP;
uuanilo;320462;uuanilo;8289;wani-l;DMP;
uuanilo;321650;uuanilo;8289;wani-l;DMP;
uuanilo;338862;uuanilo;8289;wani-l;DMP;
uuanilo;376576;uuanilo;8289;wani-l;DMP;
uuanilo;380562;uuanilo;8289;wani-l;DMP;
uuanilo;393296;uuanilo;8289;wani-l;DMP;
uuanilo;410892;uuanilo;8289;wani-l;DMP;
uuanilo;480392;uuanilo;8289;wani-l;DMP;
uuarafius;219820;uuarafius;12821;wār~frith;DMP;
uuarafius;74674;Uuarafius;15669;warafius;NeG;x
uuaralenus;216612;uuaralenus;17767;wār-l-n;DMP;
uuaralenus;70531;Uuaralenus;12124;wari-l-n;NeG;x
uuaricho;311342;uuaricho;22685;wār-k;DMP;
uuaricho;60287;Uuaricho;10665;wari-k;NeG;x
uuarodus;216050;uuarodus;10613;wār~wald;DMP;
uuarodus;68385;Uuarodus;9517;ward;NeG;x
uuartedenus;131854;uuartedenus;16657;ward~ dan;DMP;
uuartedenus;75669;Uuartedenus;12833;ward~dan;NeG;x
uuatlinus;75423;Uuatlinus;12818;wād-l;NeG;
uuatlinus;75480;Uuatlinus;12818;wād-l;NeG;
uuatlinus;220554;uuatlinus;11469;wād-l-n;DMP;x
uuatlinus;220555;uuatlinus;11469;wād-l-n;DMP;
uuatlinus;220601;uuatlinus;11469;wād-l-n;DMP;
uuehtor;41270;Uuehtor;6836;victor;NeG;
uuehtor;209224;uuehtor;17539;wahtur;DMP;x
uuelafrit;39258;Uuelafrit;10089;wēl~frith;NeG;
uuelafrit;206745;uuelafrit;19245;weli~frith;DMP;x
uuelarammi;39040;Uuelarammi;10050;wēl~hraban;NeG;
uuelarammi;206623;uuelarammi;23076;weli~hraban;DMP;x
uuelarat;62610;Uuelarat;14769;wēl~rād;NeG;
uuelarat;62626;Uuelarat;14769;wēl~rād;NeG;
uuelarat;199172;uuelarat;20582;weli~rād;DMP;x
uuelarat;199755;uuelarat;20582;weli~rād;DMP;
uuelarat;309453;uuelarat;20582;weli~rād;DMP;
uuelarat;309454;uuelarat;20582;weli~rād;DMP;
uuelaratane;61290;uuelaratane;14769;wēl~rād;NeG;
uuelaratane;310599;uuelaratane;20582;weli~rād;DMP;x
uueleggisu;206374;uueleggisu;12385;walh~gīs;DMP;x
uueleggisu;38865;Uueleggisu;15977;weli~gīs;NeG;
uueliman;182360;uueliman;18776;wēl-m;DMP;
uueliman;182361;uueliman;18776;wēl-m;DMP;
uueliman;182766;uueliman;18776;wēl-m;DMP;
uueliman;182874;uueliman;18776;wēl-m;DMP;
uueliman;308230;uueliman;18776;wēl-m;DMP;
uueliman;308276;uueliman;18776;wēl-m;DMP;
uueliman;309091;uueliman;18776;wēl-m;DMP;
uueliman;309092;uueliman;18776;wēl-m;DMP;
uueliman;309192;uueliman;18776;wēl-m;DMP;
uueliman;309236;uueliman;18776;wēl-m;DMP;
uueliman;309332;uueliman;18776;wēl-m;DMP;
uueliman;309385;uueliman;18776;wēl-m;DMP;
uueliman;309427;uueliman;18776;wēl-m;DMP;
uueliman;309535;uueliman;18776;wēl-m;DMP;
uueliman;309683;uueliman;18776;wēl-m;DMP;
uueliman;310067;uueliman;18776;wēl-m;DMP;
uueliman;310217;uueliman;18776;wēl-m;DMP;
uueliman;310265;uueliman;18776;wēl-m;DMP;
uueliman;322398;uueliman;18776;wēl-m;DMP;
uueliman;323257;uueliman;18776;wēl-m;DMP;
uueliman;325529;uueliman;18776;wēl-m;DMP;
uueliman;327553;uueliman;18776;wēl-m;DMP;
uueliman;329921;uueliman;18776;wēl-m;DMP;
uueliman;350786;uueliman;18776;wēl-m;DMP;
uueliman;352326;uueliman;18776;wēl-m;DMP;
uueliman;354374;uueliman;18776;wēl-m;DMP;
uueliman;357029;uueliman;18776;wēl-m;DMP;
uueliman;361211;uueliman;18776;wēl-m;DMP;
uueliman;378116;uueliman;18776;wēl-m;DMP;
uueliman;484875;uueliman;18776;wēl-m;DMP;
uueliman;485756;uueliman;18776;wēl-m;DMP;
uueliman;492984;uueliman;18776;wēl-m;DMP;
uueliman;493332;uueliman;18776;wēl-m;DMP;
uueliman;494980;uueliman;18776;wēl-m;DMP;
uueliman;61515;uueliman;7771;weli~man;NeG;x
uueliman;61719;Uueliman;7771;weli~man;NeG;
uueliman;62087;Uueliman;7771;weli~man;NeG;
uueliman;62241;Uueliman;7771;weli~man;NeG;
uueliman;62560;Uueliman;7771;weli~man;NeG;
uueliman;62659;Uueliman;7771;weli~man;NeG;
uueliman;62689;Uueliman;7771;weli~man;NeG;
uueliman;62753;Uueliman;7771;weli~man;NeG;
uueliman;62874;Uueliman;7771;weli~man;NeG;
uueliman;62987;Uueliman;7771;weli~man;NeG;
uueliman;63037;Uueliman;7771;weli~man;NeG;
uueliman;63923;Uueliman;7771;weli~man;NeG;
uueliman;64143;Uueliman;7771;weli~man;NeG;
uueliman;64283;Uueliman;7771;weli~man;NeG;
uueliman;64527;uueliman;7771;weli~man;NeG;
uuerant;210192;uuerant;10402;wēr-nd;DMP;
uuerant;386922;uuerant;10402;wēr-nd;DMP;
uuerant;393465;uuerant;10402;wēr-nd;DMP;
uuerant;41527;Uuerant;15121;wisand;NeG;x
uuermuni;59485;uuermuni;11932;wari~mund;NeG;
uuermuni;62240;Uuermuni;11932;wari~mund;NeG;
uuermuni;62391;uuermuni;11932;wari~mund;NeG;
uuermuni;62392;Uuermuni;11932;wari~mund;NeG;
uuermuni;307818;uuermuni;19321;wēr~mund;DMP;
uuermuni;309684;uuermuni;19321;wēr~mund;DMP;
uuermuni;309685;uuermuni;19321;wēr~mund;DMP;
uuermuni;309686;uuermuni;19321;wēr~mund;DMP;x
uueromanni;312076;uueromanni;18955;wari~man;DMP;x
uueromanni;59534;uueromanni;10593;wēr~man;NeG;
uuiccarii;310664;uuiccarii;10310;wīg~gair;DMP;x
uuiccarii;61130;uuiccarii;6722;wīg~hari;NeG;
uuidenildis;221547;uuidenildis;23426;wīdan~hildi;DMP;x
uuidenildis;76743;Uuidenildis;15979;widu~hildi;NeG;
uuielachomo;208355;uuielachomo;25661;wēl~kwam;DMP;
uuielachomo;41729;Uuielachomo;10370;wili~kwam;NeG;x
uuilbercti;38869;Uuilbercti;15817;wēl~berht;NeG;
uuilbercti;206391;uuilbercti;6963;wili~berht;DMP;x
uuilberga;74974;Uuilberga;15816;wēl~berg;NeG;
uuilberga;220112;uuilberga;9235;wili~berg;DMP;x
uuilbodus;74798;Uuilbodus;15818;wēl~bod;NeG;
uuilbodus;220001;uuilbodus;12731;wili~bod;DMP;x
uuilbrun;64871;Uuilbrun;15820;wēl~brun;NeG;
uuilbrun;225382;uuilbrun;10976;wili~brun;DMP;x
uuilhaus;74796;Uuilhaus;15822;wēl~hauh;NeG;
uuilhaus;75920;Uuilhaus;15822;wēl~hauh;NeG;
uuilhaus;220660;uuilhaus;12730;wili~hauh;DMP;x
uuilhaus;220854;uuilhaus;12730;wili~hauh;DMP;
uuilhaus;228793;uuilhaus;12730;wili~hauh;DMP;
uuilpurc;411651;uuîlpurc;17363;wēl~burg;DMP;
uuilpurc;410693;uuilpurc;8583;wili~burg;DMP;x
uuilpurc;410938;uuilpurc;8583;wili~burg;DMP;
uuilpurc;413362;uuilpurc;8583;wili~burg;DMP;
uuilpurc;492498;uuilpurc;8583;wili~burg;DMP;
uuilrada;64316;Uuilrada;14769;wēl~rād;NeG;
uuilrada;310513;uuilrada;9163;wili~rād;DMP;x
uuiltrudis;70538;Uuiltrudis;15854;wēl~thruth;NeG;x
uuiltrudis;72305;Uuiltrudis;15854;wēl~thruth;NeG;
uuiltrudis;216613;uuiltrudis;10350;wili~thruth;DMP;
uuiltrudis;218157;uuiltrudis;10350;wili~thruth;DMP;
uuinegaugius;72647;Uuinegaugius;12303;wini~gaut;NeG;
uuinegaugius;218384;uuinegaugius;22915;wini~gaw;DMP;x
uuineuolda;73534;Uuineuolda;8402;wini~balth;NeG;
uuineuolda;78142;Uuineuolda;8402;wini~balth;NeG;
uuineuolda;219038;uuineuolda;11096;wini~wald;DMP;x
uuineuolda;222529;uuineuolda;11096;wini~wald;DMP;
uuitleis;217892;uuitleis;7245;wīd~laik;DMP;
uuitleis;72216;Uuitleis;12364;wīd~lais;NeG;x
uuitreado;429;uuitreado;6632;wīd~rād;NeG;
uuitreado;128751;uuitreado;9539;widar~hath;DMP;x
uuldalgoz;475551;uuldalgoz;25816;wulthal~gaut;DMP;x
uuldalgoz;934;uuldalgoz;6986;wulthar~gaut;NeG;
uulfinus;116947;uulfinus;9910;wulf-n;DMP;x
uulfinus;118771;uulfinus;9910;wulf-n;DMP;
uulfinus;475311;uulfinus;9910;wulf-n;DMP;
uulfinus;72276;Uulfinus;7290;wulf~wini;NeG;
uulpoldo;311823;uulpoldo;7026;fulk~balth;DMP;
uulpoldo;59788;Uulpoldo;8023;wulf~balth;NeG;x
uulricus;148535;uulricus;7236;fulk~rīk;DMP;
uulricus;148536;uulricus;7236;fulk~rīk;DMP;
uulricus;168432;uulricus;7236;fulk~rīk;DMP;
uulricus;171112;uulricus;7236;fulk~rīk;DMP;
uulricus;236495;uulricus;7236;fulk~rīk;DMP;
uulricus;252933;uulricus;7236;fulk~rīk;DMP;
uulricus;273318;uulricus;7236;fulk~rīk;DMP;
uulricus;287397;uulricus;7236;fulk~rīk;DMP;
uulricus;288293;uulricus;7236;fulk~rīk;DMP;
uulricus;297929;uulricus;7236;fulk~rīk;DMP;
uulricus;363309;uulricus;7236;fulk~rīk;DMP;
uulricus;478662;uůlricus;7775;ōthal~rīk;DMP;x
uulricus;481064;uůlricus;7775;ōthal~rīk;DMP;
uulricus;488554;uůlricus;7775;ōthal~rīk;DMP;
uuluino;308609;uuluino;9910;wulf-n;DMP;x
uuluino;63427;Uuluino;7290;wulf~wini;NeG;
uuntbertus;69014;Uuntbertus;11849;hund~berht;NeG;x
uuntbertus;216537;uuntbertus;21499;unth~berht;DMP;
uuolcuuihic;61863;Uuolcuuihic;10621;fulk~wīg;NeG;x
uuolcuuihic;309967;uuolcuuihic;25065;wolk~wīh;DMP;
uuolfcuni;475436;uuolfcuni;10353;wulf-k;DMP;
uuolfcuni;63215;Uuolfcuni;10850;wulf~hūn;NeG;x
uuolgard;309732;uuolgard;10003;fulk~hard;DMP;
uuolgard;62268;Uuolgard;10464;wulf~gard;NeG;x
uuolthilt;309770;uuolthilt;12142;wald~hildi;DMP;x
uuolthilt;62129;uuolthilt;10795;wulth~hildi;NeG;
uuoluinus;123031;uuoluinus;9910;wulf-n;DMP;x
uuoluinus;475493;uuoluinus;9910;wulf-n;DMP;
uuoluinus;6451;Uuoluinus;7290;wulf~wini;NeG;
uuoluinus;6681;uuoluinus;7290;wulf~wini;NeG;
uuordolf;309456;uuordolf;14861;ward~wulf;DMP;x
uuordolf;62617;Uuordolf;10824;word~wulf;NeG;
valisan;354331;valisan;8631;valentiānus;DMP;
valisan;5296;Valisan;15534;valesiānus;NeG;x
verdicho;5268;Verdicho;14855;ward+k;NeG;
verdicho;318782;verdicho;23467;werth-k;DMP;x
verei;319429;verei;14699;vērus;DMP;x
verei;5991;Verei;13184;wari;NeG;
vinidisca;318844;vinidisca;10887;winid-sk;DMP;x
vinidisca;4483;Vinidisca;14923;winid+sk;NeG;
vitilinus;5274;Vitilinus;15804;vitulīnus;NeG;x
vitilinus;369516;vitilinus;8286;wīd-l-n;DMP;
vitulus;145065;vitulus;14746;vitellus;DMP;
vitulus;98506;Vitulus;14749;vitulus;NeG;x
vitulus;98510;Vitulus;14749;vitulus;NeG;
vitulus;98515;Vitulus;14749;vitulus;NeG;
vitulus;100617;Vitulus;14749;vitulus;NeG;
vnalaonis;5104;vnalaonis;14693;un~walh;NeG;
vnalaonis;318737;vnalaonis;7894;walh;DMP;x
vsalto;6085;vsalto;9273;hus~wald;NeG;x
vsalto;132829;vsalto;11159;urs~wald;DMP;
wandelbertus;2865;Wandelbertus;9556;wandil~berht;NeG;x
wandelbertus;96078;Wandelbertus;14846;wandil~rht;NeG;
ypolitus;194182;ypolitus;8958;hippolytus;DMP;x
ypolitus;28232;Ypolitus;14487;hypolitus;NeG;
yppoliti;171148;yppoliti;8958;hippolytus;DMP;x
yppoliti;410222;yppoliti;8958;hippolytus;DMP;
yppoliti;25085;Yppoliti;14487;hypolitus;NeG;
ysidorus;228825;ysidorus;13625;isidōr;DMP;
ysidorus;231536;ysidorus;13625;isidōr;DMP;
ysidorus;2284;Ysidorus;16505;īsidōrus;NeG;x
zacco;9726;Zacco;14993;zac;NeG;
zacco;475773;zacco;20749;zak-k;DMP;x
zacione;63847;Zacione;14655;tat;NeG;
zacione;475774;zacione;17176;zak-n;DMP;x
zeca[.]ni;5310;Zęca[.]ni;14960;zac+n;NeG;
zeca[.]ni;475770;zęca[.]ni;21943;zak;DMP;x
zello;337899;zello;23761;tal;DMP;
zello;9036;Zello;7718;til;NeG;x
zenon;188400;zenon;17306;tin;DMP;
zenon;25814;Zenon;14956;zēnō;NeG;x
zezoni;206798;zezoni;14647;tait;DMP;x
zezoni;39309;Zezoni;14655;tat;NeG;
zezzo;208985;zezzo;14647;tait;DMP;x
zezzo;208619;zezzo;14647;tait;DMP;
zezzo;127492;zezzo;14647;tait;DMP;
zezzo;185040;zezzo;14647;tait;DMP;
zezzo;208361;zezzo;14647;tait;DMP;
zezzo;41878;Zezzo;14655;tat;NeG;
zezzo;42301;Zezzo;14655;tat;NeG;
zezzo;42230;Zezzo;14655;tat;NeG;
zinzo;333232;zinzo;17791;sinth-z;DMP;x
zinzo;9279;Zinzo;16243;tin-z;NeG;
zitcoma;40423;Zitcoma;16477;tait~kwam;NeG;
zitcoma;197120;zitcoma;22096;tīd~kwam;DMP;x
zitcoma;216136;zitcoma;22096;tīd~kwam;DMP;
zon;318800;zon;8027;sōn;DMP;
zon;4482;Zon;14686;ton;NeG;x
zotanes;209291;zotanes;25321;tudun;DMP;x
zotanes;41251;Zotanes;7363;zotan;NeG;
zotani;207609;zotani;25321;tudun;DMP;x
zotani;39859;Zotani;7363;zotan;NeG;
zotto;29667;Zotto;14684;tod;NeG;x
zotto;28397;Zotto;14684;tod;NeG;
zotto;28384;Zotto;14684;tod;NeG;
zotto;877;zotto;14684;tod;NeG;
zotto;28381;Zotto;14684;tod;NeG;
zotto;377550;zotto;14991;tot;DMP;
zteger;39437;Zteger;14652;tait~gair;NeG;
zteger;207018;zteger;24960;tīd~gair;DMP;x
zuakilino;320023;zuakilino;20443;tug-l-n;DMP;
zuakilino;353201;zuakilino;20443;tug-l-n;DMP;
zuakilino;6756;zuakilino;16474;zuakilinus;NeG;
zuakilino;6765;zuakilino;16474;zuakilinus;NeG;x
zutto;5612;Zutto;14684;tod;NeG;x
zutto;319371;zutto;14991;tot;DMP;
zuzzo;6706;zuzzo;16181;sut;NeG;
zuzzo;117042;zuzzo;14991;tot;DMP;x
zuzzo;117043;zuzzo;14991;tot;DMP;
zuzzo;117044;zuzzo;14991;tot;DMP;
zuzzo;117045;zuzzo;14991;tot;DMP;
zuzzo;319984;zuzzo;14991;tot;DMP;
zuzzo;476918;zuzzo;14991;tot;DMP;
zuzzo;483342;zuzzo;14991;tot;DMP;
þulfþeard;416063;þulfÞeard;6779;wulf~hard;DMP;x                 
þulfþeard;415938;þulfþeard;13002;wulf~ward;DMP; 
